neighborhood,sourceQuestionId,specialty,topic,topicSlug,questionEntityIds,questionEntityLabels,questionMappingConfidence,questionMappingProvenance,rank,canonicalCardId,safeCardTitle,deck,noteGuid,cardOrdinal,sourceCardId,sharedEntityIds,sharedEntityLabels,cardMappingConfidence,cardMappingProvenance,rankingReason,siblingDuplicatesRemoved,reviewerLabel,reviewerNotes,missingObviousCard
patellar-instability,OBQ04-46,knee-sports,Patellar Instability,patellar-instability,1ad8280b-74e5-416c-b8fb-06c7d9cc0d0a,Patellar Instability,0.99,curriculum_node_bridge,1,10eb1d14-4517-4a95-8563-f5d03a97a9c7,What is the normal cutoff for TT-TG distance ? {{c1::<20 mm}},Marty McFlyin's Ortho Deck::3) OrthoBullets::Knee & Sports::Knee::Knee Extensor Mechanism::Patellar Instability,m1##mmoK_8,0,1659382517203,1ad8280b-74e5-416c-b8fb-06c7d9cc0d0a,Patellar Instability,0.99,curriculum_node_bridge,exact_entity_overlap:1;confidence:0.990;direct_exact_rows:0,0,,,
patellar-instability,OBQ04-46,knee-sports,Patellar Instability,patellar-instability,1ad8280b-74e5-416c-b8fb-06c7d9cc0d0a,Patellar Instability,0.99,curriculum_node_bridge,2,1d2deaeb-534c-4260-9981-a885a0cf7ec9,A {{c1::Fulkerson-type}} osteotomy transfers the tibial tubercle anterior and medial to rectify patellar instability .,Marty McFlyin's Ortho Deck::3) OrthoBullets::Knee & Sports::Knee::Knee Extensor Mechanism::Patellar Instability,i^MepxA[ob,0,1659402797325,1ad8280b-74e5-416c-b8fb-06c7d9cc0d0a,Patellar Instability,0.99,curriculum_node_bridge,exact_entity_overlap:1;confidence:0.990;direct_exact_rows:0,0,,,
patellar-instability,OBQ04-46,knee-sports,Patellar Instability,patellar-instability,1ad8280b-74e5-416c-b8fb-06c7d9cc0d0a,Patellar Instability,0.99,curriculum_node_bridge,3,674a6a2c-a4b8-46d3-8c10-b66a6a37b1c9,What are four (4) osseous anatomical factors that causes patellar instability ? {{c1::Patella alta Trochlear dysplasia…,Marty McFlyin's Ortho Deck::3) OrthoBullets::Knee & Sports::Knee::Knee Extensor Mechanism::Patellar Instability,D?+9HH!Klu,0,1659382455945,1ad8280b-74e5-416c-b8fb-06c7d9cc0d0a,Patellar Instability,0.99,curriculum_node_bridge,exact_entity_overlap:1;confidence:0.990;direct_exact_rows:0,0,,,
patellar-instability,OBQ07-30,knee-sports,Patellar Instability,patellar-instability,1ad8280b-74e5-416c-b8fb-06c7d9cc0d0a,Patellar Instability,0.99,curriculum_node_bridge,1,10eb1d14-4517-4a95-8563-f5d03a97a9c7,What is the normal cutoff for TT-TG distance ? {{c1::<20 mm}},Marty McFlyin's Ortho Deck::3) OrthoBullets::Knee & Sports::Knee::Knee Extensor Mechanism::Patellar Instability,m1##mmoK_8,0,1659382517203,1ad8280b-74e5-416c-b8fb-06c7d9cc0d0a,Patellar Instability,0.99,curriculum_node_bridge,exact_entity_overlap:1;confidence:0.990;direct_exact_rows:0,0,,,
patellar-instability,OBQ07-30,knee-sports,Patellar Instability,patellar-instability,1ad8280b-74e5-416c-b8fb-06c7d9cc0d0a,Patellar Instability,0.99,curriculum_node_bridge,2,1d2deaeb-534c-4260-9981-a885a0cf7ec9,A {{c1::Fulkerson-type}} osteotomy transfers the tibial tubercle anterior and medial to rectify patellar instability .,Marty McFlyin's Ortho Deck::3) OrthoBullets::Knee & Sports::Knee::Knee Extensor Mechanism::Patellar Instability,i^MepxA[ob,0,1659402797325,1ad8280b-74e5-416c-b8fb-06c7d9cc0d0a,Patellar Instability,0.99,curriculum_node_bridge,exact_entity_overlap:1;confidence:0.990;direct_exact_rows:0,0,,,
patellar-instability,OBQ07-30,knee-sports,Patellar Instability,patellar-instability,1ad8280b-74e5-416c-b8fb-06c7d9cc0d0a,Patellar Instability,0.99,curriculum_node_bridge,3,674a6a2c-a4b8-46d3-8c10-b66a6a37b1c9,What are four (4) osseous anatomical factors that causes patellar instability ? {{c1::Patella alta Trochlear dysplasia…,Marty McFlyin's Ortho Deck::3) OrthoBullets::Knee & Sports::Knee::Knee Extensor Mechanism::Patellar Instability,D?+9HH!Klu,0,1659382455945,1ad8280b-74e5-416c-b8fb-06c7d9cc0d0a,Patellar Instability,0.99,curriculum_node_bridge,exact_entity_overlap:1;confidence:0.990;direct_exact_rows:0,0,,,
patellar-instability,OBQ19-184,knee-sports,Patellar Instability,patellar-instability,1ad8280b-74e5-416c-b8fb-06c7d9cc0d0a,Patellar Instability,0.99,curriculum_node_bridge,1,10eb1d14-4517-4a95-8563-f5d03a97a9c7,What is the normal cutoff for TT-TG distance ? {{c1::<20 mm}},Marty McFlyin's Ortho Deck::3) OrthoBullets::Knee & Sports::Knee::Knee Extensor Mechanism::Patellar Instability,m1##mmoK_8,0,1659382517203,1ad8280b-74e5-416c-b8fb-06c7d9cc0d0a,Patellar Instability,0.99,curriculum_node_bridge,exact_entity_overlap:1;confidence:0.990;direct_exact_rows:0,0,,,
patellar-instability,OBQ19-184,knee-sports,Patellar Instability,patellar-instability,1ad8280b-74e5-416c-b8fb-06c7d9cc0d0a,Patellar Instability,0.99,curriculum_node_bridge,2,1d2deaeb-534c-4260-9981-a885a0cf7ec9,A {{c1::Fulkerson-type}} osteotomy transfers the tibial tubercle anterior and medial to rectify patellar instability .,Marty McFlyin's Ortho Deck::3) OrthoBullets::Knee & Sports::Knee::Knee Extensor Mechanism::Patellar Instability,i^MepxA[ob,0,1659402797325,1ad8280b-74e5-416c-b8fb-06c7d9cc0d0a,Patellar Instability,0.99,curriculum_node_bridge,exact_entity_overlap:1;confidence:0.990;direct_exact_rows:0,0,,,
patellar-instability,OBQ19-184,knee-sports,Patellar Instability,patellar-instability,1ad8280b-74e5-416c-b8fb-06c7d9cc0d0a,Patellar Instability,0.99,curriculum_node_bridge,3,674a6a2c-a4b8-46d3-8c10-b66a6a37b1c9,What are four (4) osseous anatomical factors that causes patellar instability ? {{c1::Patella alta Trochlear dysplasia…,Marty McFlyin's Ortho Deck::3) OrthoBullets::Knee & Sports::Knee::Knee Extensor Mechanism::Patellar Instability,D?+9HH!Klu,0,1659382455945,1ad8280b-74e5-416c-b8fb-06c7d9cc0d0a,Patellar Instability,0.99,curriculum_node_bridge,exact_entity_overlap:1;confidence:0.990;direct_exact_rows:0,0,,,
patellar-instability,OBQ22-57,knee-sports,Patellar Instability,patellar-instability,1ad8280b-74e5-416c-b8fb-06c7d9cc0d0a,Patellar Instability,0.99,curriculum_node_bridge,1,10eb1d14-4517-4a95-8563-f5d03a97a9c7,What is the normal cutoff for TT-TG distance ? {{c1::<20 mm}},Marty McFlyin's Ortho Deck::3) OrthoBullets::Knee & Sports::Knee::Knee Extensor Mechanism::Patellar Instability,m1##mmoK_8,0,1659382517203,1ad8280b-74e5-416c-b8fb-06c7d9cc0d0a,Patellar Instability,0.99,curriculum_node_bridge,exact_entity_overlap:1;confidence:0.990;direct_exact_rows:0,0,,,
patellar-instability,OBQ22-57,knee-sports,Patellar Instability,patellar-instability,1ad8280b-74e5-416c-b8fb-06c7d9cc0d0a,Patellar Instability,0.99,curriculum_node_bridge,2,1d2deaeb-534c-4260-9981-a885a0cf7ec9,A {{c1::Fulkerson-type}} osteotomy transfers the tibial tubercle anterior and medial to rectify patellar instability .,Marty McFlyin's Ortho Deck::3) OrthoBullets::Knee & Sports::Knee::Knee Extensor Mechanism::Patellar Instability,i^MepxA[ob,0,1659402797325,1ad8280b-74e5-416c-b8fb-06c7d9cc0d0a,Patellar Instability,0.99,curriculum_node_bridge,exact_entity_overlap:1;confidence:0.990;direct_exact_rows:0,0,,,
patellar-instability,OBQ22-57,knee-sports,Patellar Instability,patellar-instability,1ad8280b-74e5-416c-b8fb-06c7d9cc0d0a,Patellar Instability,0.99,curriculum_node_bridge,3,674a6a2c-a4b8-46d3-8c10-b66a6a37b1c9,What are four (4) osseous anatomical factors that causes patellar instability ? {{c1::Patella alta Trochlear dysplasia…,Marty McFlyin's Ortho Deck::3) OrthoBullets::Knee & Sports::Knee::Knee Extensor Mechanism::Patellar Instability,D?+9HH!Klu,0,1659382455945,1ad8280b-74e5-416c-b8fb-06c7d9cc0d0a,Patellar Instability,0.99,curriculum_node_bridge,exact_entity_overlap:1;confidence:0.990;direct_exact_rows:0,0,,,
patellar-instability,SBQ16SM-52,knee-sports,Patellar Instability,patellar-instability,1ad8280b-74e5-416c-b8fb-06c7d9cc0d0a,Patellar Instability,0.99,curriculum_node_bridge,1,10eb1d14-4517-4a95-8563-f5d03a97a9c7,What is the normal cutoff for TT-TG distance ? {{c1::<20 mm}},Marty McFlyin's Ortho Deck::3) OrthoBullets::Knee & Sports::Knee::Knee Extensor Mechanism::Patellar Instability,m1##mmoK_8,0,1659382517203,1ad8280b-74e5-416c-b8fb-06c7d9cc0d0a,Patellar Instability,0.99,curriculum_node_bridge,exact_entity_overlap:1;confidence:0.990;direct_exact_rows:0,0,,,
patellar-instability,SBQ16SM-52,knee-sports,Patellar Instability,patellar-instability,1ad8280b-74e5-416c-b8fb-06c7d9cc0d0a,Patellar Instability,0.99,curriculum_node_bridge,2,1d2deaeb-534c-4260-9981-a885a0cf7ec9,A {{c1::Fulkerson-type}} osteotomy transfers the tibial tubercle anterior and medial to rectify patellar instability .,Marty McFlyin's Ortho Deck::3) OrthoBullets::Knee & Sports::Knee::Knee Extensor Mechanism::Patellar Instability,i^MepxA[ob,0,1659402797325,1ad8280b-74e5-416c-b8fb-06c7d9cc0d0a,Patellar Instability,0.99,curriculum_node_bridge,exact_entity_overlap:1;confidence:0.990;direct_exact_rows:0,0,,,
patellar-instability,SBQ16SM-52,knee-sports,Patellar Instability,patellar-instability,1ad8280b-74e5-416c-b8fb-06c7d9cc0d0a,Patellar Instability,0.99,curriculum_node_bridge,3,674a6a2c-a4b8-46d3-8c10-b66a6a37b1c9,What are four (4) osseous anatomical factors that causes patellar instability ? {{c1::Patella alta Trochlear dysplasia…,Marty McFlyin's Ortho Deck::3) OrthoBullets::Knee & Sports::Knee::Knee Extensor Mechanism::Patellar Instability,D?+9HH!Klu,0,1659382455945,1ad8280b-74e5-416c-b8fb-06c7d9cc0d0a,Patellar Instability,0.99,curriculum_node_bridge,exact_entity_overlap:1;confidence:0.990;direct_exact_rows:0,0,,,
patellar-instability,OBQ10-188,knee-sports,Patellar Instability,patellar-instability,1ad8280b-74e5-416c-b8fb-06c7d9cc0d0a,Patellar Instability,0.99,curriculum_node_bridge,1,10eb1d14-4517-4a95-8563-f5d03a97a9c7,What is the normal cutoff for TT-TG distance ? {{c1::<20 mm}},Marty McFlyin's Ortho Deck::3) OrthoBullets::Knee & Sports::Knee::Knee Extensor Mechanism::Patellar Instability,m1##mmoK_8,0,1659382517203,1ad8280b-74e5-416c-b8fb-06c7d9cc0d0a,Patellar Instability,0.99,curriculum_node_bridge,exact_entity_overlap:1;confidence:0.990;direct_exact_rows:0,0,,,
patellar-instability,OBQ10-188,knee-sports,Patellar Instability,patellar-instability,1ad8280b-74e5-416c-b8fb-06c7d9cc0d0a,Patellar Instability,0.99,curriculum_node_bridge,2,1d2deaeb-534c-4260-9981-a885a0cf7ec9,A {{c1::Fulkerson-type}} osteotomy transfers the tibial tubercle anterior and medial to rectify patellar instability .,Marty McFlyin's Ortho Deck::3) OrthoBullets::Knee & Sports::Knee::Knee Extensor Mechanism::Patellar Instability,i^MepxA[ob,0,1659402797325,1ad8280b-74e5-416c-b8fb-06c7d9cc0d0a,Patellar Instability,0.99,curriculum_node_bridge,exact_entity_overlap:1;confidence:0.990;direct_exact_rows:0,0,,,
patellar-instability,OBQ10-188,knee-sports,Patellar Instability,patellar-instability,1ad8280b-74e5-416c-b8fb-06c7d9cc0d0a,Patellar Instability,0.99,curriculum_node_bridge,3,674a6a2c-a4b8-46d3-8c10-b66a6a37b1c9,What are four (4) osseous anatomical factors that causes patellar instability ? {{c1::Patella alta Trochlear dysplasia…,Marty McFlyin's Ortho Deck::3) OrthoBullets::Knee & Sports::Knee::Knee Extensor Mechanism::Patellar Instability,D?+9HH!Klu,0,1659382455945,1ad8280b-74e5-416c-b8fb-06c7d9cc0d0a,Patellar Instability,0.99,curriculum_node_bridge,exact_entity_overlap:1;confidence:0.990;direct_exact_rows:0,0,,,
patellar-instability,SBQ21SM-41,knee-sports,Patellar Instability,patellar-instability,1ad8280b-74e5-416c-b8fb-06c7d9cc0d0a,Patellar Instability,0.99,curriculum_node_bridge,1,10eb1d14-4517-4a95-8563-f5d03a97a9c7,What is the normal cutoff for TT-TG distance ? {{c1::<20 mm}},Marty McFlyin's Ortho Deck::3) OrthoBullets::Knee & Sports::Knee::Knee Extensor Mechanism::Patellar Instability,m1##mmoK_8,0,1659382517203,1ad8280b-74e5-416c-b8fb-06c7d9cc0d0a,Patellar Instability,0.99,curriculum_node_bridge,exact_entity_overlap:1;confidence:0.990;direct_exact_rows:0,0,,,
patellar-instability,SBQ21SM-41,knee-sports,Patellar Instability,patellar-instability,1ad8280b-74e5-416c-b8fb-06c7d9cc0d0a,Patellar Instability,0.99,curriculum_node_bridge,2,1d2deaeb-534c-4260-9981-a885a0cf7ec9,A {{c1::Fulkerson-type}} osteotomy transfers the tibial tubercle anterior and medial to rectify patellar instability .,Marty McFlyin's Ortho Deck::3) OrthoBullets::Knee & Sports::Knee::Knee Extensor Mechanism::Patellar Instability,i^MepxA[ob,0,1659402797325,1ad8280b-74e5-416c-b8fb-06c7d9cc0d0a,Patellar Instability,0.99,curriculum_node_bridge,exact_entity_overlap:1;confidence:0.990;direct_exact_rows:0,0,,,
patellar-instability,SBQ21SM-41,knee-sports,Patellar Instability,patellar-instability,1ad8280b-74e5-416c-b8fb-06c7d9cc0d0a,Patellar Instability,0.99,curriculum_node_bridge,3,674a6a2c-a4b8-46d3-8c10-b66a6a37b1c9,What are four (4) osseous anatomical factors that causes patellar instability ? {{c1::Patella alta Trochlear dysplasia…,Marty McFlyin's Ortho Deck::3) OrthoBullets::Knee & Sports::Knee::Knee Extensor Mechanism::Patellar Instability,D?+9HH!Klu,0,1659382455945,1ad8280b-74e5-416c-b8fb-06c7d9cc0d0a,Patellar Instability,0.99,curriculum_node_bridge,exact_entity_overlap:1;confidence:0.990;direct_exact_rows:0,0,,,
patellar-instability,OBQ14-73,trauma,Patella Fracture,patella-fracture,9d6f244d-ff9d-4d46-932a-5bd2591a51c0,Patella Fracture,0.95,curriculum_node_bridge,1,5d22c85f-943c-48e2-ac3b-0211fb7497ae,Which physical exam maneuver is the most important when assessing a patellar fracture ? {{c1::Straight leg raise}},Marty McFlyin's Ortho Deck::3) OrthoBullets::Trauma::Lower Extremity::Knee::Patella Fracture,EbuL7YopV},0,1626923486870,9d6f244d-ff9d-4d46-932a-5bd2591a51c0,Patella Fracture,0.95,curriculum_node_bridge,exact_entity_overlap:1;confidence:0.950;direct_exact_rows:0,0,,,
patellar-instability,OBQ14-73,trauma,Patella Fracture,patella-fracture,9d6f244d-ff9d-4d46-932a-5bd2591a51c0,Patella Fracture,0.95,curriculum_node_bridge,2,7b449c23-6110-4583-b2af-9a583f100792,Two appropriate ORIF options for comminuted patellar fractures : {{c1::Circumferential cerclage wiring Cerclage wiring…,Marty McFlyin's Ortho Deck::3) OrthoBullets::Trauma::Lower Extremity::Knee::Patella Fracture,lA*0zfoND*,0,1626923972543,9d6f244d-ff9d-4d46-932a-5bd2591a51c0,Patella Fracture,0.95,curriculum_node_bridge,exact_entity_overlap:1;confidence:0.950;direct_exact_rows:0,0,,,
patellar-instability,OBQ14-73,trauma,Patella Fracture,patella-fracture,9d6f244d-ff9d-4d46-932a-5bd2591a51c0,Patella Fracture,0.95,curriculum_node_bridge,3,b852e16f-0b2e-4078-8f07-788ee327a38f,Gold standard for ORIF of transverse patellar fracture : {{c1::Tension band construct}},Marty McFlyin's Ortho Deck::3) OrthoBullets::Trauma::Lower Extremity::Knee::Patella Fracture,LE:fp&Dj;C,0,1626923865898,9d6f244d-ff9d-4d46-932a-5bd2591a51c0,Patella Fracture,0.95,curriculum_node_bridge,exact_entity_overlap:1;confidence:0.950;direct_exact_rows:0,0,,,
patellar-instability,OBQ18-157,knee-sports,Patellar Instability,patellar-instability,1ad8280b-74e5-416c-b8fb-06c7d9cc0d0a,Patellar Instability,0.99,curriculum_node_bridge,1,10eb1d14-4517-4a95-8563-f5d03a97a9c7,What is the normal cutoff for TT-TG distance ? {{c1::<20 mm}},Marty McFlyin's Ortho Deck::3) OrthoBullets::Knee & Sports::Knee::Knee Extensor Mechanism::Patellar Instability,m1##mmoK_8,0,1659382517203,1ad8280b-74e5-416c-b8fb-06c7d9cc0d0a,Patellar Instability,0.99,curriculum_node_bridge,exact_entity_overlap:1;confidence:0.990;direct_exact_rows:0,0,,,
patellar-instability,OBQ18-157,knee-sports,Patellar Instability,patellar-instability,1ad8280b-74e5-416c-b8fb-06c7d9cc0d0a,Patellar Instability,0.99,curriculum_node_bridge,2,1d2deaeb-534c-4260-9981-a885a0cf7ec9,A {{c1::Fulkerson-type}} osteotomy transfers the tibial tubercle anterior and medial to rectify patellar instability .,Marty McFlyin's Ortho Deck::3) OrthoBullets::Knee & Sports::Knee::Knee Extensor Mechanism::Patellar Instability,i^MepxA[ob,0,1659402797325,1ad8280b-74e5-416c-b8fb-06c7d9cc0d0a,Patellar Instability,0.99,curriculum_node_bridge,exact_entity_overlap:1;confidence:0.990;direct_exact_rows:0,0,,,
patellar-instability,OBQ18-157,knee-sports,Patellar Instability,patellar-instability,1ad8280b-74e5-416c-b8fb-06c7d9cc0d0a,Patellar Instability,0.99,curriculum_node_bridge,3,674a6a2c-a4b8-46d3-8c10-b66a6a37b1c9,What are four (4) osseous anatomical factors that causes patellar instability ? {{c1::Patella alta Trochlear dysplasia…,Marty McFlyin's Ortho Deck::3) OrthoBullets::Knee & Sports::Knee::Knee Extensor Mechanism::Patellar Instability,D?+9HH!Klu,0,1659382455945,1ad8280b-74e5-416c-b8fb-06c7d9cc0d0a,Patellar Instability,0.99,curriculum_node_bridge,exact_entity_overlap:1;confidence:0.990;direct_exact_rows:0,0,,,
patellar-instability,OBQ17-163,trauma,Patella Fracture,patella-fracture,9d6f244d-ff9d-4d46-932a-5bd2591a51c0,Patella Fracture,0.95,curriculum_node_bridge,1,5d22c85f-943c-48e2-ac3b-0211fb7497ae,Which physical exam maneuver is the most important when assessing a patellar fracture ? {{c1::Straight leg raise}},Marty McFlyin's Ortho Deck::3) OrthoBullets::Trauma::Lower Extremity::Knee::Patella Fracture,EbuL7YopV},0,1626923486870,9d6f244d-ff9d-4d46-932a-5bd2591a51c0,Patella Fracture,0.95,curriculum_node_bridge,exact_entity_overlap:1;confidence:0.950;direct_exact_rows:0,0,,,
patellar-instability,OBQ17-163,trauma,Patella Fracture,patella-fracture,9d6f244d-ff9d-4d46-932a-5bd2591a51c0,Patella Fracture,0.95,curriculum_node_bridge,2,7b449c23-6110-4583-b2af-9a583f100792,Two appropriate ORIF options for comminuted patellar fractures : {{c1::Circumferential cerclage wiring Cerclage wiring…,Marty McFlyin's Ortho Deck::3) OrthoBullets::Trauma::Lower Extremity::Knee::Patella Fracture,lA*0zfoND*,0,1626923972543,9d6f244d-ff9d-4d46-932a-5bd2591a51c0,Patella Fracture,0.95,curriculum_node_bridge,exact_entity_overlap:1;confidence:0.950;direct_exact_rows:0,0,,,
patellar-instability,OBQ17-163,trauma,Patella Fracture,patella-fracture,9d6f244d-ff9d-4d46-932a-5bd2591a51c0,Patella Fracture,0.95,curriculum_node_bridge,3,b852e16f-0b2e-4078-8f07-788ee327a38f,Gold standard for ORIF of transverse patellar fracture : {{c1::Tension band construct}},Marty McFlyin's Ortho Deck::3) OrthoBullets::Trauma::Lower Extremity::Knee::Patella Fracture,LE:fp&Dj;C,0,1626923865898,9d6f244d-ff9d-4d46-932a-5bd2591a51c0,Patella Fracture,0.95,curriculum_node_bridge,exact_entity_overlap:1;confidence:0.950;direct_exact_rows:0,0,,,
patellar-instability,OBQ19-144,trauma,Patella Fracture,patella-fracture,9d6f244d-ff9d-4d46-932a-5bd2591a51c0,Patella Fracture,0.95,curriculum_node_bridge,1,5d22c85f-943c-48e2-ac3b-0211fb7497ae,Which physical exam maneuver is the most important when assessing a patellar fracture ? {{c1::Straight leg raise}},Marty McFlyin's Ortho Deck::3) OrthoBullets::Trauma::Lower Extremity::Knee::Patella Fracture,EbuL7YopV},0,1626923486870,9d6f244d-ff9d-4d46-932a-5bd2591a51c0,Patella Fracture,0.95,curriculum_node_bridge,exact_entity_overlap:1;confidence:0.950;direct_exact_rows:0,0,,,
patellar-instability,OBQ19-144,trauma,Patella Fracture,patella-fracture,9d6f244d-ff9d-4d46-932a-5bd2591a51c0,Patella Fracture,0.95,curriculum_node_bridge,2,7b449c23-6110-4583-b2af-9a583f100792,Two appropriate ORIF options for comminuted patellar fractures : {{c1::Circumferential cerclage wiring Cerclage wiring…,Marty McFlyin's Ortho Deck::3) OrthoBullets::Trauma::Lower Extremity::Knee::Patella Fracture,lA*0zfoND*,0,1626923972543,9d6f244d-ff9d-4d46-932a-5bd2591a51c0,Patella Fracture,0.95,curriculum_node_bridge,exact_entity_overlap:1;confidence:0.950;direct_exact_rows:0,0,,,
patellar-instability,OBQ19-144,trauma,Patella Fracture,patella-fracture,9d6f244d-ff9d-4d46-932a-5bd2591a51c0,Patella Fracture,0.95,curriculum_node_bridge,3,b852e16f-0b2e-4078-8f07-788ee327a38f,Gold standard for ORIF of transverse patellar fracture : {{c1::Tension band construct}},Marty McFlyin's Ortho Deck::3) OrthoBullets::Trauma::Lower Extremity::Knee::Patella Fracture,LE:fp&Dj;C,0,1626923865898,9d6f244d-ff9d-4d46-932a-5bd2591a51c0,Patella Fracture,0.95,curriculum_node_bridge,exact_entity_overlap:1;confidence:0.950;direct_exact_rows:0,0,,,
patellar-instability,OBQ08-49,knee-sports,Patellar Instability,patellar-instability,1ad8280b-74e5-416c-b8fb-06c7d9cc0d0a,Patellar Instability,0.99,curriculum_node_bridge,1,10eb1d14-4517-4a95-8563-f5d03a97a9c7,What is the normal cutoff for TT-TG distance ? {{c1::<20 mm}},Marty McFlyin's Ortho Deck::3) OrthoBullets::Knee & Sports::Knee::Knee Extensor Mechanism::Patellar Instability,m1##mmoK_8,0,1659382517203,1ad8280b-74e5-416c-b8fb-06c7d9cc0d0a,Patellar Instability,0.99,curriculum_node_bridge,exact_entity_overlap:1;confidence:0.990;direct_exact_rows:0,0,,,
patellar-instability,OBQ08-49,knee-sports,Patellar Instability,patellar-instability,1ad8280b-74e5-416c-b8fb-06c7d9cc0d0a,Patellar Instability,0.99,curriculum_node_bridge,2,1d2deaeb-534c-4260-9981-a885a0cf7ec9,A {{c1::Fulkerson-type}} osteotomy transfers the tibial tubercle anterior and medial to rectify patellar instability .,Marty McFlyin's Ortho Deck::3) OrthoBullets::Knee & Sports::Knee::Knee Extensor Mechanism::Patellar Instability,i^MepxA[ob,0,1659402797325,1ad8280b-74e5-416c-b8fb-06c7d9cc0d0a,Patellar Instability,0.99,curriculum_node_bridge,exact_entity_overlap:1;confidence:0.990;direct_exact_rows:0,0,,,
patellar-instability,OBQ08-49,knee-sports,Patellar Instability,patellar-instability,1ad8280b-74e5-416c-b8fb-06c7d9cc0d0a,Patellar Instability,0.99,curriculum_node_bridge,3,674a6a2c-a4b8-46d3-8c10-b66a6a37b1c9,What are four (4) osseous anatomical factors that causes patellar instability ? {{c1::Patella alta Trochlear dysplasia…,Marty McFlyin's Ortho Deck::3) OrthoBullets::Knee & Sports::Knee::Knee Extensor Mechanism::Patellar Instability,D?+9HH!Klu,0,1659382455945,1ad8280b-74e5-416c-b8fb-06c7d9cc0d0a,Patellar Instability,0.99,curriculum_node_bridge,exact_entity_overlap:1;confidence:0.990;direct_exact_rows:0,0,,,
patellar-instability,OBQ12-229,trauma,Patella Fracture,patella-fracture,9d6f244d-ff9d-4d46-932a-5bd2591a51c0,Patella Fracture,0.95,curriculum_node_bridge,1,5d22c85f-943c-48e2-ac3b-0211fb7497ae,Which physical exam maneuver is the most important when assessing a patellar fracture ? {{c1::Straight leg raise}},Marty McFlyin's Ortho Deck::3) OrthoBullets::Trauma::Lower Extremity::Knee::Patella Fracture,EbuL7YopV},0,1626923486870,9d6f244d-ff9d-4d46-932a-5bd2591a51c0,Patella Fracture,0.95,curriculum_node_bridge,exact_entity_overlap:1;confidence:0.950;direct_exact_rows:0,0,,,
patellar-instability,OBQ12-229,trauma,Patella Fracture,patella-fracture,9d6f244d-ff9d-4d46-932a-5bd2591a51c0,Patella Fracture,0.95,curriculum_node_bridge,2,7b449c23-6110-4583-b2af-9a583f100792,Two appropriate ORIF options for comminuted patellar fractures : {{c1::Circumferential cerclage wiring Cerclage wiring…,Marty McFlyin's Ortho Deck::3) OrthoBullets::Trauma::Lower Extremity::Knee::Patella Fracture,lA*0zfoND*,0,1626923972543,9d6f244d-ff9d-4d46-932a-5bd2591a51c0,Patella Fracture,0.95,curriculum_node_bridge,exact_entity_overlap:1;confidence:0.950;direct_exact_rows:0,0,,,
patellar-instability,OBQ12-229,trauma,Patella Fracture,patella-fracture,9d6f244d-ff9d-4d46-932a-5bd2591a51c0,Patella Fracture,0.95,curriculum_node_bridge,3,b852e16f-0b2e-4078-8f07-788ee327a38f,Gold standard for ORIF of transverse patellar fracture : {{c1::Tension band construct}},Marty McFlyin's Ortho Deck::3) OrthoBullets::Trauma::Lower Extremity::Knee::Patella Fracture,LE:fp&Dj;C,0,1626923865898,9d6f244d-ff9d-4d46-932a-5bd2591a51c0,Patella Fracture,0.95,curriculum_node_bridge,exact_entity_overlap:1;confidence:0.950;direct_exact_rows:0,0,,,
patellar-instability,SBQ19HK-51,knee-sports,Patellar Instability,patellar-instability,1ad8280b-74e5-416c-b8fb-06c7d9cc0d0a,Patellar Instability,0.99,curriculum_node_bridge,1,10eb1d14-4517-4a95-8563-f5d03a97a9c7,What is the normal cutoff for TT-TG distance ? {{c1::<20 mm}},Marty McFlyin's Ortho Deck::3) OrthoBullets::Knee & Sports::Knee::Knee Extensor Mechanism::Patellar Instability,m1##mmoK_8,0,1659382517203,1ad8280b-74e5-416c-b8fb-06c7d9cc0d0a,Patellar Instability,0.99,curriculum_node_bridge,exact_entity_overlap:1;confidence:0.990;direct_exact_rows:0,0,,,
patellar-instability,SBQ19HK-51,knee-sports,Patellar Instability,patellar-instability,1ad8280b-74e5-416c-b8fb-06c7d9cc0d0a,Patellar Instability,0.99,curriculum_node_bridge,2,1d2deaeb-534c-4260-9981-a885a0cf7ec9,A {{c1::Fulkerson-type}} osteotomy transfers the tibial tubercle anterior and medial to rectify patellar instability .,Marty McFlyin's Ortho Deck::3) OrthoBullets::Knee & Sports::Knee::Knee Extensor Mechanism::Patellar Instability,i^MepxA[ob,0,1659402797325,1ad8280b-74e5-416c-b8fb-06c7d9cc0d0a,Patellar Instability,0.99,curriculum_node_bridge,exact_entity_overlap:1;confidence:0.990;direct_exact_rows:0,0,,,
patellar-instability,SBQ19HK-51,knee-sports,Patellar Instability,patellar-instability,1ad8280b-74e5-416c-b8fb-06c7d9cc0d0a,Patellar Instability,0.99,curriculum_node_bridge,3,674a6a2c-a4b8-46d3-8c10-b66a6a37b1c9,What are four (4) osseous anatomical factors that causes patellar instability ? {{c1::Patella alta Trochlear dysplasia…,Marty McFlyin's Ortho Deck::3) OrthoBullets::Knee & Sports::Knee::Knee Extensor Mechanism::Patellar Instability,D?+9HH!Klu,0,1659382455945,1ad8280b-74e5-416c-b8fb-06c7d9cc0d0a,Patellar Instability,0.99,curriculum_node_bridge,exact_entity_overlap:1;confidence:0.990;direct_exact_rows:0,0,,,
patellar-instability,SBQ22PE-61,knee-sports,Patellar Instability,patellar-instability,1ad8280b-74e5-416c-b8fb-06c7d9cc0d0a,Patellar Instability,0.99,curriculum_node_bridge,1,10eb1d14-4517-4a95-8563-f5d03a97a9c7,What is the normal cutoff for TT-TG distance ? {{c1::<20 mm}},Marty McFlyin's Ortho Deck::3) OrthoBullets::Knee & Sports::Knee::Knee Extensor Mechanism::Patellar Instability,m1##mmoK_8,0,1659382517203,1ad8280b-74e5-416c-b8fb-06c7d9cc0d0a,Patellar Instability,0.99,curriculum_node_bridge,exact_entity_overlap:1;confidence:0.990;direct_exact_rows:0,0,,,
patellar-instability,SBQ22PE-61,knee-sports,Patellar Instability,patellar-instability,1ad8280b-74e5-416c-b8fb-06c7d9cc0d0a,Patellar Instability,0.99,curriculum_node_bridge,2,1d2deaeb-534c-4260-9981-a885a0cf7ec9,A {{c1::Fulkerson-type}} osteotomy transfers the tibial tubercle anterior and medial to rectify patellar instability .,Marty McFlyin's Ortho Deck::3) OrthoBullets::Knee & Sports::Knee::Knee Extensor Mechanism::Patellar Instability,i^MepxA[ob,0,1659402797325,1ad8280b-74e5-416c-b8fb-06c7d9cc0d0a,Patellar Instability,0.99,curriculum_node_bridge,exact_entity_overlap:1;confidence:0.990;direct_exact_rows:0,0,,,
patellar-instability,SBQ22PE-61,knee-sports,Patellar Instability,patellar-instability,1ad8280b-74e5-416c-b8fb-06c7d9cc0d0a,Patellar Instability,0.99,curriculum_node_bridge,3,674a6a2c-a4b8-46d3-8c10-b66a6a37b1c9,What are four (4) osseous anatomical factors that causes patellar instability ? {{c1::Patella alta Trochlear dysplasia…,Marty McFlyin's Ortho Deck::3) OrthoBullets::Knee & Sports::Knee::Knee Extensor Mechanism::Patellar Instability,D?+9HH!Klu,0,1659382455945,1ad8280b-74e5-416c-b8fb-06c7d9cc0d0a,Patellar Instability,0.99,curriculum_node_bridge,exact_entity_overlap:1;confidence:0.990;direct_exact_rows:0,0,,,
patellar-instability,OBQ11-188,knee-sports,Patellar Instability,patellar-instability,1ad8280b-74e5-416c-b8fb-06c7d9cc0d0a,Patellar Instability,0.99,curriculum_node_bridge,1,10eb1d14-4517-4a95-8563-f5d03a97a9c7,What is the normal cutoff for TT-TG distance ? {{c1::<20 mm}},Marty McFlyin's Ortho Deck::3) OrthoBullets::Knee & Sports::Knee::Knee Extensor Mechanism::Patellar Instability,m1##mmoK_8,0,1659382517203,1ad8280b-74e5-416c-b8fb-06c7d9cc0d0a,Patellar Instability,0.99,curriculum_node_bridge,exact_entity_overlap:1;confidence:0.990;direct_exact_rows:0,0,,,
patellar-instability,OBQ11-188,knee-sports,Patellar Instability,patellar-instability,1ad8280b-74e5-416c-b8fb-06c7d9cc0d0a,Patellar Instability,0.99,curriculum_node_bridge,2,1d2deaeb-534c-4260-9981-a885a0cf7ec9,A {{c1::Fulkerson-type}} osteotomy transfers the tibial tubercle anterior and medial to rectify patellar instability .,Marty McFlyin's Ortho Deck::3) OrthoBullets::Knee & Sports::Knee::Knee Extensor Mechanism::Patellar Instability,i^MepxA[ob,0,1659402797325,1ad8280b-74e5-416c-b8fb-06c7d9cc0d0a,Patellar Instability,0.99,curriculum_node_bridge,exact_entity_overlap:1;confidence:0.990;direct_exact_rows:0,0,,,
patellar-instability,OBQ11-188,knee-sports,Patellar Instability,patellar-instability,1ad8280b-74e5-416c-b8fb-06c7d9cc0d0a,Patellar Instability,0.99,curriculum_node_bridge,3,674a6a2c-a4b8-46d3-8c10-b66a6a37b1c9,What are four (4) osseous anatomical factors that causes patellar instability ? {{c1::Patella alta Trochlear dysplasia…,Marty McFlyin's Ortho Deck::3) OrthoBullets::Knee & Sports::Knee::Knee Extensor Mechanism::Patellar Instability,D?+9HH!Klu,0,1659382455945,1ad8280b-74e5-416c-b8fb-06c7d9cc0d0a,Patellar Instability,0.99,curriculum_node_bridge,exact_entity_overlap:1;confidence:0.990;direct_exact_rows:0,0,,,
patellar-instability,OBQ07-112,knee-sports,Patellar Instability,patellar-instability,1ad8280b-74e5-416c-b8fb-06c7d9cc0d0a,Patellar Instability,0.99,curriculum_node_bridge,1,10eb1d14-4517-4a95-8563-f5d03a97a9c7,What is the normal cutoff for TT-TG distance ? {{c1::<20 mm}},Marty McFlyin's Ortho Deck::3) OrthoBullets::Knee & Sports::Knee::Knee Extensor Mechanism::Patellar Instability,m1##mmoK_8,0,1659382517203,1ad8280b-74e5-416c-b8fb-06c7d9cc0d0a,Patellar Instability,0.99,curriculum_node_bridge,exact_entity_overlap:1;confidence:0.990;direct_exact_rows:0,0,,,
patellar-instability,OBQ07-112,knee-sports,Patellar Instability,patellar-instability,1ad8280b-74e5-416c-b8fb-06c7d9cc0d0a,Patellar Instability,0.99,curriculum_node_bridge,2,1d2deaeb-534c-4260-9981-a885a0cf7ec9,A {{c1::Fulkerson-type}} osteotomy transfers the tibial tubercle anterior and medial to rectify patellar instability .,Marty McFlyin's Ortho Deck::3) OrthoBullets::Knee & Sports::Knee::Knee Extensor Mechanism::Patellar Instability,i^MepxA[ob,0,1659402797325,1ad8280b-74e5-416c-b8fb-06c7d9cc0d0a,Patellar Instability,0.99,curriculum_node_bridge,exact_entity_overlap:1;confidence:0.990;direct_exact_rows:0,0,,,
patellar-instability,OBQ07-112,knee-sports,Patellar Instability,patellar-instability,1ad8280b-74e5-416c-b8fb-06c7d9cc0d0a,Patellar Instability,0.99,curriculum_node_bridge,3,674a6a2c-a4b8-46d3-8c10-b66a6a37b1c9,What are four (4) osseous anatomical factors that causes patellar instability ? {{c1::Patella alta Trochlear dysplasia…,Marty McFlyin's Ortho Deck::3) OrthoBullets::Knee & Sports::Knee::Knee Extensor Mechanism::Patellar Instability,D?+9HH!Klu,0,1659382455945,1ad8280b-74e5-416c-b8fb-06c7d9cc0d0a,Patellar Instability,0.99,curriculum_node_bridge,exact_entity_overlap:1;confidence:0.990;direct_exact_rows:0,0,,,
patellar-instability,SBQ19HK-52,knee-sports,Patellar Instability,patellar-instability,1ad8280b-74e5-416c-b8fb-06c7d9cc0d0a,Patellar Instability,0.99,curriculum_node_bridge,1,10eb1d14-4517-4a95-8563-f5d03a97a9c7,What is the normal cutoff for TT-TG distance ? {{c1::<20 mm}},Marty McFlyin's Ortho Deck::3) OrthoBullets::Knee & Sports::Knee::Knee Extensor Mechanism::Patellar Instability,m1##mmoK_8,0,1659382517203,1ad8280b-74e5-416c-b8fb-06c7d9cc0d0a,Patellar Instability,0.99,curriculum_node_bridge,exact_entity_overlap:1;confidence:0.990;direct_exact_rows:0,0,,,
patellar-instability,SBQ19HK-52,knee-sports,Patellar Instability,patellar-instability,1ad8280b-74e5-416c-b8fb-06c7d9cc0d0a,Patellar Instability,0.99,curriculum_node_bridge,2,1d2deaeb-534c-4260-9981-a885a0cf7ec9,A {{c1::Fulkerson-type}} osteotomy transfers the tibial tubercle anterior and medial to rectify patellar instability .,Marty McFlyin's Ortho Deck::3) OrthoBullets::Knee & Sports::Knee::Knee Extensor Mechanism::Patellar Instability,i^MepxA[ob,0,1659402797325,1ad8280b-74e5-416c-b8fb-06c7d9cc0d0a,Patellar Instability,0.99,curriculum_node_bridge,exact_entity_overlap:1;confidence:0.990;direct_exact_rows:0,0,,,
patellar-instability,SBQ19HK-52,knee-sports,Patellar Instability,patellar-instability,1ad8280b-74e5-416c-b8fb-06c7d9cc0d0a,Patellar Instability,0.99,curriculum_node_bridge,3,674a6a2c-a4b8-46d3-8c10-b66a6a37b1c9,What are four (4) osseous anatomical factors that causes patellar instability ? {{c1::Patella alta Trochlear dysplasia…,Marty McFlyin's Ortho Deck::3) OrthoBullets::Knee & Sports::Knee::Knee Extensor Mechanism::Patellar Instability,D?+9HH!Klu,0,1659382455945,1ad8280b-74e5-416c-b8fb-06c7d9cc0d0a,Patellar Instability,0.99,curriculum_node_bridge,exact_entity_overlap:1;confidence:0.990;direct_exact_rows:0,0,,,
patellar-instability,OBQ24-165,knee-sports,Patellar Instability,patellar-instability,1ad8280b-74e5-416c-b8fb-06c7d9cc0d0a,Patellar Instability,0.99,curriculum_node_bridge,1,10eb1d14-4517-4a95-8563-f5d03a97a9c7,What is the normal cutoff for TT-TG distance ? {{c1::<20 mm}},Marty McFlyin's Ortho Deck::3) OrthoBullets::Knee & Sports::Knee::Knee Extensor Mechanism::Patellar Instability,m1##mmoK_8,0,1659382517203,1ad8280b-74e5-416c-b8fb-06c7d9cc0d0a,Patellar Instability,0.99,curriculum_node_bridge,exact_entity_overlap:1;confidence:0.990;direct_exact_rows:0,0,,,
patellar-instability,OBQ24-165,knee-sports,Patellar Instability,patellar-instability,1ad8280b-74e5-416c-b8fb-06c7d9cc0d0a,Patellar Instability,0.99,curriculum_node_bridge,2,1d2deaeb-534c-4260-9981-a885a0cf7ec9,A {{c1::Fulkerson-type}} osteotomy transfers the tibial tubercle anterior and medial to rectify patellar instability .,Marty McFlyin's Ortho Deck::3) OrthoBullets::Knee & Sports::Knee::Knee Extensor Mechanism::Patellar Instability,i^MepxA[ob,0,1659402797325,1ad8280b-74e5-416c-b8fb-06c7d9cc0d0a,Patellar Instability,0.99,curriculum_node_bridge,exact_entity_overlap:1;confidence:0.990;direct_exact_rows:0,0,,,
patellar-instability,OBQ24-165,knee-sports,Patellar Instability,patellar-instability,1ad8280b-74e5-416c-b8fb-06c7d9cc0d0a,Patellar Instability,0.99,curriculum_node_bridge,3,674a6a2c-a4b8-46d3-8c10-b66a6a37b1c9,What are four (4) osseous anatomical factors that causes patellar instability ? {{c1::Patella alta Trochlear dysplasia…,Marty McFlyin's Ortho Deck::3) OrthoBullets::Knee & Sports::Knee::Knee Extensor Mechanism::Patellar Instability,D?+9HH!Klu,0,1659382455945,1ad8280b-74e5-416c-b8fb-06c7d9cc0d0a,Patellar Instability,0.99,curriculum_node_bridge,exact_entity_overlap:1;confidence:0.990;direct_exact_rows:0,0,,,
patellar-instability,OBQ16-230,trauma,Patella Fracture,patella-fracture,9d6f244d-ff9d-4d46-932a-5bd2591a51c0,Patella Fracture,0.95,curriculum_node_bridge,1,5d22c85f-943c-48e2-ac3b-0211fb7497ae,Which physical exam maneuver is the most important when assessing a patellar fracture ? {{c1::Straight leg raise}},Marty McFlyin's Ortho Deck::3) OrthoBullets::Trauma::Lower Extremity::Knee::Patella Fracture,EbuL7YopV},0,1626923486870,9d6f244d-ff9d-4d46-932a-5bd2591a51c0,Patella Fracture,0.95,curriculum_node_bridge,exact_entity_overlap:1;confidence:0.950;direct_exact_rows:0,0,,,
patellar-instability,OBQ16-230,trauma,Patella Fracture,patella-fracture,9d6f244d-ff9d-4d46-932a-5bd2591a51c0,Patella Fracture,0.95,curriculum_node_bridge,2,7b449c23-6110-4583-b2af-9a583f100792,Two appropriate ORIF options for comminuted patellar fractures : {{c1::Circumferential cerclage wiring Cerclage wiring…,Marty McFlyin's Ortho Deck::3) OrthoBullets::Trauma::Lower Extremity::Knee::Patella Fracture,lA*0zfoND*,0,1626923972543,9d6f244d-ff9d-4d46-932a-5bd2591a51c0,Patella Fracture,0.95,curriculum_node_bridge,exact_entity_overlap:1;confidence:0.950;direct_exact_rows:0,0,,,
patellar-instability,OBQ16-230,trauma,Patella Fracture,patella-fracture,9d6f244d-ff9d-4d46-932a-5bd2591a51c0,Patella Fracture,0.95,curriculum_node_bridge,3,b852e16f-0b2e-4078-8f07-788ee327a38f,Gold standard for ORIF of transverse patellar fracture : {{c1::Tension band construct}},Marty McFlyin's Ortho Deck::3) OrthoBullets::Trauma::Lower Extremity::Knee::Patella Fracture,LE:fp&Dj;C,0,1626923865898,9d6f244d-ff9d-4d46-932a-5bd2591a51c0,Patella Fracture,0.95,curriculum_node_bridge,exact_entity_overlap:1;confidence:0.950;direct_exact_rows:0,0,,,
patellar-instability,OBQ20-144,knee-sports,Patellar Instability,patellar-instability,1ad8280b-74e5-416c-b8fb-06c7d9cc0d0a,Patellar Instability,0.99,curriculum_node_bridge,1,10eb1d14-4517-4a95-8563-f5d03a97a9c7,What is the normal cutoff for TT-TG distance ? {{c1::<20 mm}},Marty McFlyin's Ortho Deck::3) OrthoBullets::Knee & Sports::Knee::Knee Extensor Mechanism::Patellar Instability,m1##mmoK_8,0,1659382517203,1ad8280b-74e5-416c-b8fb-06c7d9cc0d0a,Patellar Instability,0.99,curriculum_node_bridge,exact_entity_overlap:1;confidence:0.990;direct_exact_rows:0,0,,,
patellar-instability,OBQ20-144,knee-sports,Patellar Instability,patellar-instability,1ad8280b-74e5-416c-b8fb-06c7d9cc0d0a,Patellar Instability,0.99,curriculum_node_bridge,2,1d2deaeb-534c-4260-9981-a885a0cf7ec9,A {{c1::Fulkerson-type}} osteotomy transfers the tibial tubercle anterior and medial to rectify patellar instability .,Marty McFlyin's Ortho Deck::3) OrthoBullets::Knee & Sports::Knee::Knee Extensor Mechanism::Patellar Instability,i^MepxA[ob,0,1659402797325,1ad8280b-74e5-416c-b8fb-06c7d9cc0d0a,Patellar Instability,0.99,curriculum_node_bridge,exact_entity_overlap:1;confidence:0.990;direct_exact_rows:0,0,,,
patellar-instability,OBQ20-144,knee-sports,Patellar Instability,patellar-instability,1ad8280b-74e5-416c-b8fb-06c7d9cc0d0a,Patellar Instability,0.99,curriculum_node_bridge,3,674a6a2c-a4b8-46d3-8c10-b66a6a37b1c9,What are four (4) osseous anatomical factors that causes patellar instability ? {{c1::Patella alta Trochlear dysplasia…,Marty McFlyin's Ortho Deck::3) OrthoBullets::Knee & Sports::Knee::Knee Extensor Mechanism::Patellar Instability,D?+9HH!Klu,0,1659382455945,1ad8280b-74e5-416c-b8fb-06c7d9cc0d0a,Patellar Instability,0.99,curriculum_node_bridge,exact_entity_overlap:1;confidence:0.990;direct_exact_rows:0,0,,,
patellar-instability,OBQ23-51,knee-sports,Patellar Instability,patellar-instability,1ad8280b-74e5-416c-b8fb-06c7d9cc0d0a,Patellar Instability,0.99,curriculum_node_bridge,1,10eb1d14-4517-4a95-8563-f5d03a97a9c7,What is the normal cutoff for TT-TG distance ? {{c1::<20 mm}},Marty McFlyin's Ortho Deck::3) OrthoBullets::Knee & Sports::Knee::Knee Extensor Mechanism::Patellar Instability,m1##mmoK_8,0,1659382517203,1ad8280b-74e5-416c-b8fb-06c7d9cc0d0a,Patellar Instability,0.99,curriculum_node_bridge,exact_entity_overlap:1;confidence:0.990;direct_exact_rows:0,0,,,
patellar-instability,OBQ23-51,knee-sports,Patellar Instability,patellar-instability,1ad8280b-74e5-416c-b8fb-06c7d9cc0d0a,Patellar Instability,0.99,curriculum_node_bridge,2,1d2deaeb-534c-4260-9981-a885a0cf7ec9,A {{c1::Fulkerson-type}} osteotomy transfers the tibial tubercle anterior and medial to rectify patellar instability .,Marty McFlyin's Ortho Deck::3) OrthoBullets::Knee & Sports::Knee::Knee Extensor Mechanism::Patellar Instability,i^MepxA[ob,0,1659402797325,1ad8280b-74e5-416c-b8fb-06c7d9cc0d0a,Patellar Instability,0.99,curriculum_node_bridge,exact_entity_overlap:1;confidence:0.990;direct_exact_rows:0,0,,,
patellar-instability,OBQ23-51,knee-sports,Patellar Instability,patellar-instability,1ad8280b-74e5-416c-b8fb-06c7d9cc0d0a,Patellar Instability,0.99,curriculum_node_bridge,3,674a6a2c-a4b8-46d3-8c10-b66a6a37b1c9,What are four (4) osseous anatomical factors that causes patellar instability ? {{c1::Patella alta Trochlear dysplasia…,Marty McFlyin's Ortho Deck::3) OrthoBullets::Knee & Sports::Knee::Knee Extensor Mechanism::Patellar Instability,D?+9HH!Klu,0,1659382455945,1ad8280b-74e5-416c-b8fb-06c7d9cc0d0a,Patellar Instability,0.99,curriculum_node_bridge,exact_entity_overlap:1;confidence:0.990;direct_exact_rows:0,0,,,
patellar-instability,SBQ16SM-48,knee-sports,Patellar Instability,patellar-instability,1ad8280b-74e5-416c-b8fb-06c7d9cc0d0a,Patellar Instability,0.99,curriculum_node_bridge,1,10eb1d14-4517-4a95-8563-f5d03a97a9c7,What is the normal cutoff for TT-TG distance ? {{c1::<20 mm}},Marty McFlyin's Ortho Deck::3) OrthoBullets::Knee & Sports::Knee::Knee Extensor Mechanism::Patellar Instability,m1##mmoK_8,0,1659382517203,1ad8280b-74e5-416c-b8fb-06c7d9cc0d0a,Patellar Instability,0.99,curriculum_node_bridge,exact_entity_overlap:1;confidence:0.990;direct_exact_rows:0,0,,,
patellar-instability,SBQ16SM-48,knee-sports,Patellar Instability,patellar-instability,1ad8280b-74e5-416c-b8fb-06c7d9cc0d0a,Patellar Instability,0.99,curriculum_node_bridge,2,1d2deaeb-534c-4260-9981-a885a0cf7ec9,A {{c1::Fulkerson-type}} osteotomy transfers the tibial tubercle anterior and medial to rectify patellar instability .,Marty McFlyin's Ortho Deck::3) OrthoBullets::Knee & Sports::Knee::Knee Extensor Mechanism::Patellar Instability,i^MepxA[ob,0,1659402797325,1ad8280b-74e5-416c-b8fb-06c7d9cc0d0a,Patellar Instability,0.99,curriculum_node_bridge,exact_entity_overlap:1;confidence:0.990;direct_exact_rows:0,0,,,
patellar-instability,SBQ16SM-48,knee-sports,Patellar Instability,patellar-instability,1ad8280b-74e5-416c-b8fb-06c7d9cc0d0a,Patellar Instability,0.99,curriculum_node_bridge,3,674a6a2c-a4b8-46d3-8c10-b66a6a37b1c9,What are four (4) osseous anatomical factors that causes patellar instability ? {{c1::Patella alta Trochlear dysplasia…,Marty McFlyin's Ortho Deck::3) OrthoBullets::Knee & Sports::Knee::Knee Extensor Mechanism::Patellar Instability,D?+9HH!Klu,0,1659382455945,1ad8280b-74e5-416c-b8fb-06c7d9cc0d0a,Patellar Instability,0.99,curriculum_node_bridge,exact_entity_overlap:1;confidence:0.990;direct_exact_rows:0,0,,,
patellar-instability,SBQ24SM-22,knee-sports,Patellar Instability,patellar-instability,1ad8280b-74e5-416c-b8fb-06c7d9cc0d0a,Patellar Instability,0.99,curriculum_node_bridge,1,10eb1d14-4517-4a95-8563-f5d03a97a9c7,What is the normal cutoff for TT-TG distance ? {{c1::<20 mm}},Marty McFlyin's Ortho Deck::3) OrthoBullets::Knee & Sports::Knee::Knee Extensor Mechanism::Patellar Instability,m1##mmoK_8,0,1659382517203,1ad8280b-74e5-416c-b8fb-06c7d9cc0d0a,Patellar Instability,0.99,curriculum_node_bridge,exact_entity_overlap:1;confidence:0.990;direct_exact_rows:0,0,,,
patellar-instability,SBQ24SM-22,knee-sports,Patellar Instability,patellar-instability,1ad8280b-74e5-416c-b8fb-06c7d9cc0d0a,Patellar Instability,0.99,curriculum_node_bridge,2,1d2deaeb-534c-4260-9981-a885a0cf7ec9,A {{c1::Fulkerson-type}} osteotomy transfers the tibial tubercle anterior and medial to rectify patellar instability .,Marty McFlyin's Ortho Deck::3) OrthoBullets::Knee & Sports::Knee::Knee Extensor Mechanism::Patellar Instability,i^MepxA[ob,0,1659402797325,1ad8280b-74e5-416c-b8fb-06c7d9cc0d0a,Patellar Instability,0.99,curriculum_node_bridge,exact_entity_overlap:1;confidence:0.990;direct_exact_rows:0,0,,,
patellar-instability,SBQ24SM-22,knee-sports,Patellar Instability,patellar-instability,1ad8280b-74e5-416c-b8fb-06c7d9cc0d0a,Patellar Instability,0.99,curriculum_node_bridge,3,674a6a2c-a4b8-46d3-8c10-b66a6a37b1c9,What are four (4) osseous anatomical factors that causes patellar instability ? {{c1::Patella alta Trochlear dysplasia…,Marty McFlyin's Ortho Deck::3) OrthoBullets::Knee & Sports::Knee::Knee Extensor Mechanism::Patellar Instability,D?+9HH!Klu,0,1659382455945,1ad8280b-74e5-416c-b8fb-06c7d9cc0d0a,Patellar Instability,0.99,curriculum_node_bridge,exact_entity_overlap:1;confidence:0.990;direct_exact_rows:0,0,,,
patellar-instability,OBQ20-143,knee-sports,Patellar Instability,patellar-instability,1ad8280b-74e5-416c-b8fb-06c7d9cc0d0a,Patellar Instability,0.99,curriculum_node_bridge,1,10eb1d14-4517-4a95-8563-f5d03a97a9c7,What is the normal cutoff for TT-TG distance ? {{c1::<20 mm}},Marty McFlyin's Ortho Deck::3) OrthoBullets::Knee & Sports::Knee::Knee Extensor Mechanism::Patellar Instability,m1##mmoK_8,0,1659382517203,1ad8280b-74e5-416c-b8fb-06c7d9cc0d0a,Patellar Instability,0.99,curriculum_node_bridge,exact_entity_overlap:1;confidence:0.990;direct_exact_rows:0,0,,,
patellar-instability,OBQ20-143,knee-sports,Patellar Instability,patellar-instability,1ad8280b-74e5-416c-b8fb-06c7d9cc0d0a,Patellar Instability,0.99,curriculum_node_bridge,2,1d2deaeb-534c-4260-9981-a885a0cf7ec9,A {{c1::Fulkerson-type}} osteotomy transfers the tibial tubercle anterior and medial to rectify patellar instability .,Marty McFlyin's Ortho Deck::3) OrthoBullets::Knee & Sports::Knee::Knee Extensor Mechanism::Patellar Instability,i^MepxA[ob,0,1659402797325,1ad8280b-74e5-416c-b8fb-06c7d9cc0d0a,Patellar Instability,0.99,curriculum_node_bridge,exact_entity_overlap:1;confidence:0.990;direct_exact_rows:0,0,,,
patellar-instability,OBQ20-143,knee-sports,Patellar Instability,patellar-instability,1ad8280b-74e5-416c-b8fb-06c7d9cc0d0a,Patellar Instability,0.99,curriculum_node_bridge,3,674a6a2c-a4b8-46d3-8c10-b66a6a37b1c9,What are four (4) osseous anatomical factors that causes patellar instability ? {{c1::Patella alta Trochlear dysplasia…,Marty McFlyin's Ortho Deck::3) OrthoBullets::Knee & Sports::Knee::Knee Extensor Mechanism::Patellar Instability,D?+9HH!Klu,0,1659382455945,1ad8280b-74e5-416c-b8fb-06c7d9cc0d0a,Patellar Instability,0.99,curriculum_node_bridge,exact_entity_overlap:1;confidence:0.990;direct_exact_rows:0,0,,,
patellar-instability,OBQ23-104,knee-sports,Patellar Instability,patellar-instability,1ad8280b-74e5-416c-b8fb-06c7d9cc0d0a,Patellar Instability,0.99,curriculum_node_bridge,1,10eb1d14-4517-4a95-8563-f5d03a97a9c7,What is the normal cutoff for TT-TG distance ? {{c1::<20 mm}},Marty McFlyin's Ortho Deck::3) OrthoBullets::Knee & Sports::Knee::Knee Extensor Mechanism::Patellar Instability,m1##mmoK_8,0,1659382517203,1ad8280b-74e5-416c-b8fb-06c7d9cc0d0a,Patellar Instability,0.99,curriculum_node_bridge,exact_entity_overlap:1;confidence:0.990;direct_exact_rows:0,0,,,
patellar-instability,OBQ23-104,knee-sports,Patellar Instability,patellar-instability,1ad8280b-74e5-416c-b8fb-06c7d9cc0d0a,Patellar Instability,0.99,curriculum_node_bridge,2,1d2deaeb-534c-4260-9981-a885a0cf7ec9,A {{c1::Fulkerson-type}} osteotomy transfers the tibial tubercle anterior and medial to rectify patellar instability .,Marty McFlyin's Ortho Deck::3) OrthoBullets::Knee & Sports::Knee::Knee Extensor Mechanism::Patellar Instability,i^MepxA[ob,0,1659402797325,1ad8280b-74e5-416c-b8fb-06c7d9cc0d0a,Patellar Instability,0.99,curriculum_node_bridge,exact_entity_overlap:1;confidence:0.990;direct_exact_rows:0,0,,,
patellar-instability,OBQ23-104,knee-sports,Patellar Instability,patellar-instability,1ad8280b-74e5-416c-b8fb-06c7d9cc0d0a,Patellar Instability,0.99,curriculum_node_bridge,3,674a6a2c-a4b8-46d3-8c10-b66a6a37b1c9,What are four (4) osseous anatomical factors that causes patellar instability ? {{c1::Patella alta Trochlear dysplasia…,Marty McFlyin's Ortho Deck::3) OrthoBullets::Knee & Sports::Knee::Knee Extensor Mechanism::Patellar Instability,D?+9HH!Klu,0,1659382455945,1ad8280b-74e5-416c-b8fb-06c7d9cc0d0a,Patellar Instability,0.99,curriculum_node_bridge,exact_entity_overlap:1;confidence:0.990;direct_exact_rows:0,0,,,
patellar-instability,OBQ22-31,knee-sports,Patellar Instability,patellar-instability,1ad8280b-74e5-416c-b8fb-06c7d9cc0d0a,Patellar Instability,0.99,curriculum_node_bridge,1,10eb1d14-4517-4a95-8563-f5d03a97a9c7,What is the normal cutoff for TT-TG distance ? {{c1::<20 mm}},Marty McFlyin's Ortho Deck::3) OrthoBullets::Knee & Sports::Knee::Knee Extensor Mechanism::Patellar Instability,m1##mmoK_8,0,1659382517203,1ad8280b-74e5-416c-b8fb-06c7d9cc0d0a,Patellar Instability,0.99,curriculum_node_bridge,exact_entity_overlap:1;confidence:0.990;direct_exact_rows:0,0,,,
patellar-instability,OBQ22-31,knee-sports,Patellar Instability,patellar-instability,1ad8280b-74e5-416c-b8fb-06c7d9cc0d0a,Patellar Instability,0.99,curriculum_node_bridge,2,1d2deaeb-534c-4260-9981-a885a0cf7ec9,A {{c1::Fulkerson-type}} osteotomy transfers the tibial tubercle anterior and medial to rectify patellar instability .,Marty McFlyin's Ortho Deck::3) OrthoBullets::Knee & Sports::Knee::Knee Extensor Mechanism::Patellar Instability,i^MepxA[ob,0,1659402797325,1ad8280b-74e5-416c-b8fb-06c7d9cc0d0a,Patellar Instability,0.99,curriculum_node_bridge,exact_entity_overlap:1;confidence:0.990;direct_exact_rows:0,0,,,
patellar-instability,OBQ22-31,knee-sports,Patellar Instability,patellar-instability,1ad8280b-74e5-416c-b8fb-06c7d9cc0d0a,Patellar Instability,0.99,curriculum_node_bridge,3,674a6a2c-a4b8-46d3-8c10-b66a6a37b1c9,What are four (4) osseous anatomical factors that causes patellar instability ? {{c1::Patella alta Trochlear dysplasia…,Marty McFlyin's Ortho Deck::3) OrthoBullets::Knee & Sports::Knee::Knee Extensor Mechanism::Patellar Instability,D?+9HH!Klu,0,1659382455945,1ad8280b-74e5-416c-b8fb-06c7d9cc0d0a,Patellar Instability,0.99,curriculum_node_bridge,exact_entity_overlap:1;confidence:0.990;direct_exact_rows:0,0,,,
patellar-instability,OBQ12-43,trauma,Patella Fracture,patella-fracture,9d6f244d-ff9d-4d46-932a-5bd2591a51c0,Patella Fracture,0.95,curriculum_node_bridge,1,5d22c85f-943c-48e2-ac3b-0211fb7497ae,Which physical exam maneuver is the most important when assessing a patellar fracture ? {{c1::Straight leg raise}},Marty McFlyin's Ortho Deck::3) OrthoBullets::Trauma::Lower Extremity::Knee::Patella Fracture,EbuL7YopV},0,1626923486870,9d6f244d-ff9d-4d46-932a-5bd2591a51c0,Patella Fracture,0.95,curriculum_node_bridge,exact_entity_overlap:1;confidence:0.950;direct_exact_rows:0,0,,,
patellar-instability,OBQ12-43,trauma,Patella Fracture,patella-fracture,9d6f244d-ff9d-4d46-932a-5bd2591a51c0,Patella Fracture,0.95,curriculum_node_bridge,2,7b449c23-6110-4583-b2af-9a583f100792,Two appropriate ORIF options for comminuted patellar fractures : {{c1::Circumferential cerclage wiring Cerclage wiring…,Marty McFlyin's Ortho Deck::3) OrthoBullets::Trauma::Lower Extremity::Knee::Patella Fracture,lA*0zfoND*,0,1626923972543,9d6f244d-ff9d-4d46-932a-5bd2591a51c0,Patella Fracture,0.95,curriculum_node_bridge,exact_entity_overlap:1;confidence:0.950;direct_exact_rows:0,0,,,
patellar-instability,OBQ12-43,trauma,Patella Fracture,patella-fracture,9d6f244d-ff9d-4d46-932a-5bd2591a51c0,Patella Fracture,0.95,curriculum_node_bridge,3,b852e16f-0b2e-4078-8f07-788ee327a38f,Gold standard for ORIF of transverse patellar fracture : {{c1::Tension band construct}},Marty McFlyin's Ortho Deck::3) OrthoBullets::Trauma::Lower Extremity::Knee::Patella Fracture,LE:fp&Dj;C,0,1626923865898,9d6f244d-ff9d-4d46-932a-5bd2591a51c0,Patella Fracture,0.95,curriculum_node_bridge,exact_entity_overlap:1;confidence:0.950;direct_exact_rows:0,0,,,
patellar-instability,OBQ12-72,knee-sports,Patellar Instability,patellar-instability,1ad8280b-74e5-416c-b8fb-06c7d9cc0d0a,Patellar Instability,0.99,curriculum_node_bridge,1,10eb1d14-4517-4a95-8563-f5d03a97a9c7,What is the normal cutoff for TT-TG distance ? {{c1::<20 mm}},Marty McFlyin's Ortho Deck::3) OrthoBullets::Knee & Sports::Knee::Knee Extensor Mechanism::Patellar Instability,m1##mmoK_8,0,1659382517203,1ad8280b-74e5-416c-b8fb-06c7d9cc0d0a,Patellar Instability,0.99,curriculum_node_bridge,exact_entity_overlap:1;confidence:0.990;direct_exact_rows:0,0,,,
patellar-instability,OBQ12-72,knee-sports,Patellar Instability,patellar-instability,1ad8280b-74e5-416c-b8fb-06c7d9cc0d0a,Patellar Instability,0.99,curriculum_node_bridge,2,1d2deaeb-534c-4260-9981-a885a0cf7ec9,A {{c1::Fulkerson-type}} osteotomy transfers the tibial tubercle anterior and medial to rectify patellar instability .,Marty McFlyin's Ortho Deck::3) OrthoBullets::Knee & Sports::Knee::Knee Extensor Mechanism::Patellar Instability,i^MepxA[ob,0,1659402797325,1ad8280b-74e5-416c-b8fb-06c7d9cc0d0a,Patellar Instability,0.99,curriculum_node_bridge,exact_entity_overlap:1;confidence:0.990;direct_exact_rows:0,0,,,
patellar-instability,OBQ12-72,knee-sports,Patellar Instability,patellar-instability,1ad8280b-74e5-416c-b8fb-06c7d9cc0d0a,Patellar Instability,0.99,curriculum_node_bridge,3,674a6a2c-a4b8-46d3-8c10-b66a6a37b1c9,What are four (4) osseous anatomical factors that causes patellar instability ? {{c1::Patella alta Trochlear dysplasia…,Marty McFlyin's Ortho Deck::3) OrthoBullets::Knee & Sports::Knee::Knee Extensor Mechanism::Patellar Instability,D?+9HH!Klu,0,1659382455945,1ad8280b-74e5-416c-b8fb-06c7d9cc0d0a,Patellar Instability,0.99,curriculum_node_bridge,exact_entity_overlap:1;confidence:0.990;direct_exact_rows:0,0,,,
patellar-instability,OBQ14-111,trauma,Patella Fracture,patella-fracture,9d6f244d-ff9d-4d46-932a-5bd2591a51c0,Patella Fracture,0.95,curriculum_node_bridge,1,5d22c85f-943c-48e2-ac3b-0211fb7497ae,Which physical exam maneuver is the most important when assessing a patellar fracture ? {{c1::Straight leg raise}},Marty McFlyin's Ortho Deck::3) OrthoBullets::Trauma::Lower Extremity::Knee::Patella Fracture,EbuL7YopV},0,1626923486870,9d6f244d-ff9d-4d46-932a-5bd2591a51c0,Patella Fracture,0.95,curriculum_node_bridge,exact_entity_overlap:1;confidence:0.950;direct_exact_rows:0,0,,,
patellar-instability,OBQ14-111,trauma,Patella Fracture,patella-fracture,9d6f244d-ff9d-4d46-932a-5bd2591a51c0,Patella Fracture,0.95,curriculum_node_bridge,2,7b449c23-6110-4583-b2af-9a583f100792,Two appropriate ORIF options for comminuted patellar fractures : {{c1::Circumferential cerclage wiring Cerclage wiring…,Marty McFlyin's Ortho Deck::3) OrthoBullets::Trauma::Lower Extremity::Knee::Patella Fracture,lA*0zfoND*,0,1626923972543,9d6f244d-ff9d-4d46-932a-5bd2591a51c0,Patella Fracture,0.95,curriculum_node_bridge,exact_entity_overlap:1;confidence:0.950;direct_exact_rows:0,0,,,
patellar-instability,OBQ14-111,trauma,Patella Fracture,patella-fracture,9d6f244d-ff9d-4d46-932a-5bd2591a51c0,Patella Fracture,0.95,curriculum_node_bridge,3,b852e16f-0b2e-4078-8f07-788ee327a38f,Gold standard for ORIF of transverse patellar fracture : {{c1::Tension band construct}},Marty McFlyin's Ortho Deck::3) OrthoBullets::Trauma::Lower Extremity::Knee::Patella Fracture,LE:fp&Dj;C,0,1626923865898,9d6f244d-ff9d-4d46-932a-5bd2591a51c0,Patella Fracture,0.95,curriculum_node_bridge,exact_entity_overlap:1;confidence:0.950;direct_exact_rows:0,0,,,
patellar-instability,SBQ04PE-22,knee-sports,Patellar Instability,patellar-instability,1ad8280b-74e5-416c-b8fb-06c7d9cc0d0a,Patellar Instability,0.99,curriculum_node_bridge,1,10eb1d14-4517-4a95-8563-f5d03a97a9c7,What is the normal cutoff for TT-TG distance ? {{c1::<20 mm}},Marty McFlyin's Ortho Deck::3) OrthoBullets::Knee & Sports::Knee::Knee Extensor Mechanism::Patellar Instability,m1##mmoK_8,0,1659382517203,1ad8280b-74e5-416c-b8fb-06c7d9cc0d0a,Patellar Instability,0.99,curriculum_node_bridge,exact_entity_overlap:1;confidence:0.990;direct_exact_rows:0,0,,,
patellar-instability,SBQ04PE-22,knee-sports,Patellar Instability,patellar-instability,1ad8280b-74e5-416c-b8fb-06c7d9cc0d0a,Patellar Instability,0.99,curriculum_node_bridge,2,1d2deaeb-534c-4260-9981-a885a0cf7ec9,A {{c1::Fulkerson-type}} osteotomy transfers the tibial tubercle anterior and medial to rectify patellar instability .,Marty McFlyin's Ortho Deck::3) OrthoBullets::Knee & Sports::Knee::Knee Extensor Mechanism::Patellar Instability,i^MepxA[ob,0,1659402797325,1ad8280b-74e5-416c-b8fb-06c7d9cc0d0a,Patellar Instability,0.99,curriculum_node_bridge,exact_entity_overlap:1;confidence:0.990;direct_exact_rows:0,0,,,
patellar-instability,SBQ04PE-22,knee-sports,Patellar Instability,patellar-instability,1ad8280b-74e5-416c-b8fb-06c7d9cc0d0a,Patellar Instability,0.99,curriculum_node_bridge,3,674a6a2c-a4b8-46d3-8c10-b66a6a37b1c9,What are four (4) osseous anatomical factors that causes patellar instability ? {{c1::Patella alta Trochlear dysplasia…,Marty McFlyin's Ortho Deck::3) OrthoBullets::Knee & Sports::Knee::Knee Extensor Mechanism::Patellar Instability,D?+9HH!Klu,0,1659382455945,1ad8280b-74e5-416c-b8fb-06c7d9cc0d0a,Patellar Instability,0.99,curriculum_node_bridge,exact_entity_overlap:1;confidence:0.990;direct_exact_rows:0,0,,,
patellar-instability,OBQ24-16,trauma,Patella Fracture,patella-fracture,9d6f244d-ff9d-4d46-932a-5bd2591a51c0,Patella Fracture,0.95,curriculum_node_bridge,1,5d22c85f-943c-48e2-ac3b-0211fb7497ae,Which physical exam maneuver is the most important when assessing a patellar fracture ? {{c1::Straight leg raise}},Marty McFlyin's Ortho Deck::3) OrthoBullets::Trauma::Lower Extremity::Knee::Patella Fracture,EbuL7YopV},0,1626923486870,9d6f244d-ff9d-4d46-932a-5bd2591a51c0,Patella Fracture,0.95,curriculum_node_bridge,exact_entity_overlap:1;confidence:0.950;direct_exact_rows:0,0,,,
patellar-instability,OBQ24-16,trauma,Patella Fracture,patella-fracture,9d6f244d-ff9d-4d46-932a-5bd2591a51c0,Patella Fracture,0.95,curriculum_node_bridge,2,7b449c23-6110-4583-b2af-9a583f100792,Two appropriate ORIF options for comminuted patellar fractures : {{c1::Circumferential cerclage wiring Cerclage wiring…,Marty McFlyin's Ortho Deck::3) OrthoBullets::Trauma::Lower Extremity::Knee::Patella Fracture,lA*0zfoND*,0,1626923972543,9d6f244d-ff9d-4d46-932a-5bd2591a51c0,Patella Fracture,0.95,curriculum_node_bridge,exact_entity_overlap:1;confidence:0.950;direct_exact_rows:0,0,,,
patellar-instability,OBQ24-16,trauma,Patella Fracture,patella-fracture,9d6f244d-ff9d-4d46-932a-5bd2591a51c0,Patella Fracture,0.95,curriculum_node_bridge,3,b852e16f-0b2e-4078-8f07-788ee327a38f,Gold standard for ORIF of transverse patellar fracture : {{c1::Tension band construct}},Marty McFlyin's Ortho Deck::3) OrthoBullets::Trauma::Lower Extremity::Knee::Patella Fracture,LE:fp&Dj;C,0,1626923865898,9d6f244d-ff9d-4d46-932a-5bd2591a51c0,Patella Fracture,0.95,curriculum_node_bridge,exact_entity_overlap:1;confidence:0.950;direct_exact_rows:0,0,,,
patellar-instability,OBQ07-207,trauma,Patella Fracture,patella-fracture,9d6f244d-ff9d-4d46-932a-5bd2591a51c0,Patella Fracture,0.95,curriculum_node_bridge,1,5d22c85f-943c-48e2-ac3b-0211fb7497ae,Which physical exam maneuver is the most important when assessing a patellar fracture ? {{c1::Straight leg raise}},Marty McFlyin's Ortho Deck::3) OrthoBullets::Trauma::Lower Extremity::Knee::Patella Fracture,EbuL7YopV},0,1626923486870,9d6f244d-ff9d-4d46-932a-5bd2591a51c0,Patella Fracture,0.95,curriculum_node_bridge,exact_entity_overlap:1;confidence:0.950;direct_exact_rows:0,0,,,
patellar-instability,OBQ07-207,trauma,Patella Fracture,patella-fracture,9d6f244d-ff9d-4d46-932a-5bd2591a51c0,Patella Fracture,0.95,curriculum_node_bridge,2,7b449c23-6110-4583-b2af-9a583f100792,Two appropriate ORIF options for comminuted patellar fractures : {{c1::Circumferential cerclage wiring Cerclage wiring…,Marty McFlyin's Ortho Deck::3) OrthoBullets::Trauma::Lower Extremity::Knee::Patella Fracture,lA*0zfoND*,0,1626923972543,9d6f244d-ff9d-4d46-932a-5bd2591a51c0,Patella Fracture,0.95,curriculum_node_bridge,exact_entity_overlap:1;confidence:0.950;direct_exact_rows:0,0,,,
patellar-instability,OBQ07-207,trauma,Patella Fracture,patella-fracture,9d6f244d-ff9d-4d46-932a-5bd2591a51c0,Patella Fracture,0.95,curriculum_node_bridge,3,b852e16f-0b2e-4078-8f07-788ee327a38f,Gold standard for ORIF of transverse patellar fracture : {{c1::Tension band construct}},Marty McFlyin's Ortho Deck::3) OrthoBullets::Trauma::Lower Extremity::Knee::Patella Fracture,LE:fp&Dj;C,0,1626923865898,9d6f244d-ff9d-4d46-932a-5bd2591a51c0,Patella Fracture,0.95,curriculum_node_bridge,exact_entity_overlap:1;confidence:0.950;direct_exact_rows:0,0,,,
patellar-instability,OBQ24-37,trauma,Patella Fracture,patella-fracture,9d6f244d-ff9d-4d46-932a-5bd2591a51c0,Patella Fracture,0.95,curriculum_node_bridge,1,5d22c85f-943c-48e2-ac3b-0211fb7497ae,Which physical exam maneuver is the most important when assessing a patellar fracture ? {{c1::Straight leg raise}},Marty McFlyin's Ortho Deck::3) OrthoBullets::Trauma::Lower Extremity::Knee::Patella Fracture,EbuL7YopV},0,1626923486870,9d6f244d-ff9d-4d46-932a-5bd2591a51c0,Patella Fracture,0.95,curriculum_node_bridge,exact_entity_overlap:1;confidence:0.950;direct_exact_rows:0,0,,,
patellar-instability,OBQ24-37,trauma,Patella Fracture,patella-fracture,9d6f244d-ff9d-4d46-932a-5bd2591a51c0,Patella Fracture,0.95,curriculum_node_bridge,2,7b449c23-6110-4583-b2af-9a583f100792,Two appropriate ORIF options for comminuted patellar fractures : {{c1::Circumferential cerclage wiring Cerclage wiring…,Marty McFlyin's Ortho Deck::3) OrthoBullets::Trauma::Lower Extremity::Knee::Patella Fracture,lA*0zfoND*,0,1626923972543,9d6f244d-ff9d-4d46-932a-5bd2591a51c0,Patella Fracture,0.95,curriculum_node_bridge,exact_entity_overlap:1;confidence:0.950;direct_exact_rows:0,0,,,
patellar-instability,OBQ24-37,trauma,Patella Fracture,patella-fracture,9d6f244d-ff9d-4d46-932a-5bd2591a51c0,Patella Fracture,0.95,curriculum_node_bridge,3,b852e16f-0b2e-4078-8f07-788ee327a38f,Gold standard for ORIF of transverse patellar fracture : {{c1::Tension band construct}},Marty McFlyin's Ortho Deck::3) OrthoBullets::Trauma::Lower Extremity::Knee::Patella Fracture,LE:fp&Dj;C,0,1626923865898,9d6f244d-ff9d-4d46-932a-5bd2591a51c0,Patella Fracture,0.95,curriculum_node_bridge,exact_entity_overlap:1;confidence:0.950;direct_exact_rows:0,0,,,
patellar-instability,OBQ15-181,knee-sports,Patellar Instability,patellar-instability,1ad8280b-74e5-416c-b8fb-06c7d9cc0d0a,Patellar Instability,0.99,curriculum_node_bridge,1,10eb1d14-4517-4a95-8563-f5d03a97a9c7,What is the normal cutoff for TT-TG distance ? {{c1::<20 mm}},Marty McFlyin's Ortho Deck::3) OrthoBullets::Knee & Sports::Knee::Knee Extensor Mechanism::Patellar Instability,m1##mmoK_8,0,1659382517203,1ad8280b-74e5-416c-b8fb-06c7d9cc0d0a,Patellar Instability,0.99,curriculum_node_bridge,exact_entity_overlap:1;confidence:0.990;direct_exact_rows:0,0,,,
patellar-instability,OBQ15-181,knee-sports,Patellar Instability,patellar-instability,1ad8280b-74e5-416c-b8fb-06c7d9cc0d0a,Patellar Instability,0.99,curriculum_node_bridge,2,1d2deaeb-534c-4260-9981-a885a0cf7ec9,A {{c1::Fulkerson-type}} osteotomy transfers the tibial tubercle anterior and medial to rectify patellar instability .,Marty McFlyin's Ortho Deck::3) OrthoBullets::Knee & Sports::Knee::Knee Extensor Mechanism::Patellar Instability,i^MepxA[ob,0,1659402797325,1ad8280b-74e5-416c-b8fb-06c7d9cc0d0a,Patellar Instability,0.99,curriculum_node_bridge,exact_entity_overlap:1;confidence:0.990;direct_exact_rows:0,0,,,
patellar-instability,OBQ15-181,knee-sports,Patellar Instability,patellar-instability,1ad8280b-74e5-416c-b8fb-06c7d9cc0d0a,Patellar Instability,0.99,curriculum_node_bridge,3,674a6a2c-a4b8-46d3-8c10-b66a6a37b1c9,What are four (4) osseous anatomical factors that causes patellar instability ? {{c1::Patella alta Trochlear dysplasia…,Marty McFlyin's Ortho Deck::3) OrthoBullets::Knee & Sports::Knee::Knee Extensor Mechanism::Patellar Instability,D?+9HH!Klu,0,1659382455945,1ad8280b-74e5-416c-b8fb-06c7d9cc0d0a,Patellar Instability,0.99,curriculum_node_bridge,exact_entity_overlap:1;confidence:0.990;direct_exact_rows:0,0,,,
patellar-instability,OBQ16-264,knee-sports,Patellar Instability,patellar-instability,1ad8280b-74e5-416c-b8fb-06c7d9cc0d0a,Patellar Instability,0.99,curriculum_node_bridge,1,10eb1d14-4517-4a95-8563-f5d03a97a9c7,What is the normal cutoff for TT-TG distance ? {{c1::<20 mm}},Marty McFlyin's Ortho Deck::3) OrthoBullets::Knee & Sports::Knee::Knee Extensor Mechanism::Patellar Instability,m1##mmoK_8,0,1659382517203,1ad8280b-74e5-416c-b8fb-06c7d9cc0d0a,Patellar Instability,0.99,curriculum_node_bridge,exact_entity_overlap:1;confidence:0.990;direct_exact_rows:0,0,,,
patellar-instability,OBQ16-264,knee-sports,Patellar Instability,patellar-instability,1ad8280b-74e5-416c-b8fb-06c7d9cc0d0a,Patellar Instability,0.99,curriculum_node_bridge,2,1d2deaeb-534c-4260-9981-a885a0cf7ec9,A {{c1::Fulkerson-type}} osteotomy transfers the tibial tubercle anterior and medial to rectify patellar instability .,Marty McFlyin's Ortho Deck::3) OrthoBullets::Knee & Sports::Knee::Knee Extensor Mechanism::Patellar Instability,i^MepxA[ob,0,1659402797325,1ad8280b-74e5-416c-b8fb-06c7d9cc0d0a,Patellar Instability,0.99,curriculum_node_bridge,exact_entity_overlap:1;confidence:0.990;direct_exact_rows:0,0,,,
patellar-instability,OBQ16-264,knee-sports,Patellar Instability,patellar-instability,1ad8280b-74e5-416c-b8fb-06c7d9cc0d0a,Patellar Instability,0.99,curriculum_node_bridge,3,674a6a2c-a4b8-46d3-8c10-b66a6a37b1c9,What are four (4) osseous anatomical factors that causes patellar instability ? {{c1::Patella alta Trochlear dysplasia…,Marty McFlyin's Ortho Deck::3) OrthoBullets::Knee & Sports::Knee::Knee Extensor Mechanism::Patellar Instability,D?+9HH!Klu,0,1659382455945,1ad8280b-74e5-416c-b8fb-06c7d9cc0d0a,Patellar Instability,0.99,curriculum_node_bridge,exact_entity_overlap:1;confidence:0.990;direct_exact_rows:0,0,,,
patellar-instability,SBQ24SM-75,knee-sports,Patellar Instability,patellar-instability,1ad8280b-74e5-416c-b8fb-06c7d9cc0d0a,Patellar Instability,0.99,curriculum_node_bridge,1,10eb1d14-4517-4a95-8563-f5d03a97a9c7,What is the normal cutoff for TT-TG distance ? {{c1::<20 mm}},Marty McFlyin's Ortho Deck::3) OrthoBullets::Knee & Sports::Knee::Knee Extensor Mechanism::Patellar Instability,m1##mmoK_8,0,1659382517203,1ad8280b-74e5-416c-b8fb-06c7d9cc0d0a,Patellar Instability,0.99,curriculum_node_bridge,exact_entity_overlap:1;confidence:0.990;direct_exact_rows:0,0,,,
patellar-instability,SBQ24SM-75,knee-sports,Patellar Instability,patellar-instability,1ad8280b-74e5-416c-b8fb-06c7d9cc0d0a,Patellar Instability,0.99,curriculum_node_bridge,2,1d2deaeb-534c-4260-9981-a885a0cf7ec9,A {{c1::Fulkerson-type}} osteotomy transfers the tibial tubercle anterior and medial to rectify patellar instability .,Marty McFlyin's Ortho Deck::3) OrthoBullets::Knee & Sports::Knee::Knee Extensor Mechanism::Patellar Instability,i^MepxA[ob,0,1659402797325,1ad8280b-74e5-416c-b8fb-06c7d9cc0d0a,Patellar Instability,0.99,curriculum_node_bridge,exact_entity_overlap:1;confidence:0.990;direct_exact_rows:0,0,,,
patellar-instability,SBQ24SM-75,knee-sports,Patellar Instability,patellar-instability,1ad8280b-74e5-416c-b8fb-06c7d9cc0d0a,Patellar Instability,0.99,curriculum_node_bridge,3,674a6a2c-a4b8-46d3-8c10-b66a6a37b1c9,What are four (4) osseous anatomical factors that causes patellar instability ? {{c1::Patella alta Trochlear dysplasia…,Marty McFlyin's Ortho Deck::3) OrthoBullets::Knee & Sports::Knee::Knee Extensor Mechanism::Patellar Instability,D?+9HH!Klu,0,1659382455945,1ad8280b-74e5-416c-b8fb-06c7d9cc0d0a,Patellar Instability,0.99,curriculum_node_bridge,exact_entity_overlap:1;confidence:0.990;direct_exact_rows:0,0,,,
patellar-instability,SBQ16SM-51,knee-sports,Patellar Instability,patellar-instability,1ad8280b-74e5-416c-b8fb-06c7d9cc0d0a,Patellar Instability,0.99,curriculum_node_bridge,1,10eb1d14-4517-4a95-8563-f5d03a97a9c7,What is the normal cutoff for TT-TG distance ? {{c1::<20 mm}},Marty McFlyin's Ortho Deck::3) OrthoBullets::Knee & Sports::Knee::Knee Extensor Mechanism::Patellar Instability,m1##mmoK_8,0,1659382517203,1ad8280b-74e5-416c-b8fb-06c7d9cc0d0a,Patellar Instability,0.99,curriculum_node_bridge,exact_entity_overlap:1;confidence:0.990;direct_exact_rows:0,0,,,
patellar-instability,SBQ16SM-51,knee-sports,Patellar Instability,patellar-instability,1ad8280b-74e5-416c-b8fb-06c7d9cc0d0a,Patellar Instability,0.99,curriculum_node_bridge,2,1d2deaeb-534c-4260-9981-a885a0cf7ec9,A {{c1::Fulkerson-type}} osteotomy transfers the tibial tubercle anterior and medial to rectify patellar instability .,Marty McFlyin's Ortho Deck::3) OrthoBullets::Knee & Sports::Knee::Knee Extensor Mechanism::Patellar Instability,i^MepxA[ob,0,1659402797325,1ad8280b-74e5-416c-b8fb-06c7d9cc0d0a,Patellar Instability,0.99,curriculum_node_bridge,exact_entity_overlap:1;confidence:0.990;direct_exact_rows:0,0,,,
patellar-instability,SBQ16SM-51,knee-sports,Patellar Instability,patellar-instability,1ad8280b-74e5-416c-b8fb-06c7d9cc0d0a,Patellar Instability,0.99,curriculum_node_bridge,3,674a6a2c-a4b8-46d3-8c10-b66a6a37b1c9,What are four (4) osseous anatomical factors that causes patellar instability ? {{c1::Patella alta Trochlear dysplasia…,Marty McFlyin's Ortho Deck::3) OrthoBullets::Knee & Sports::Knee::Knee Extensor Mechanism::Patellar Instability,D?+9HH!Klu,0,1659382455945,1ad8280b-74e5-416c-b8fb-06c7d9cc0d0a,Patellar Instability,0.99,curriculum_node_bridge,exact_entity_overlap:1;confidence:0.990;direct_exact_rows:0,0,,,
patellar-instability,OBQ24-54,knee-sports,Patellar Instability,patellar-instability,1ad8280b-74e5-416c-b8fb-06c7d9cc0d0a,Patellar Instability,0.99,curriculum_node_bridge,1,10eb1d14-4517-4a95-8563-f5d03a97a9c7,What is the normal cutoff for TT-TG distance ? {{c1::<20 mm}},Marty McFlyin's Ortho Deck::3) OrthoBullets::Knee & Sports::Knee::Knee Extensor Mechanism::Patellar Instability,m1##mmoK_8,0,1659382517203,1ad8280b-74e5-416c-b8fb-06c7d9cc0d0a,Patellar Instability,0.99,curriculum_node_bridge,exact_entity_overlap:1;confidence:0.990;direct_exact_rows:0,0,,,
patellar-instability,OBQ24-54,knee-sports,Patellar Instability,patellar-instability,1ad8280b-74e5-416c-b8fb-06c7d9cc0d0a,Patellar Instability,0.99,curriculum_node_bridge,2,1d2deaeb-534c-4260-9981-a885a0cf7ec9,A {{c1::Fulkerson-type}} osteotomy transfers the tibial tubercle anterior and medial to rectify patellar instability .,Marty McFlyin's Ortho Deck::3) OrthoBullets::Knee & Sports::Knee::Knee Extensor Mechanism::Patellar Instability,i^MepxA[ob,0,1659402797325,1ad8280b-74e5-416c-b8fb-06c7d9cc0d0a,Patellar Instability,0.99,curriculum_node_bridge,exact_entity_overlap:1;confidence:0.990;direct_exact_rows:0,0,,,
patellar-instability,OBQ24-54,knee-sports,Patellar Instability,patellar-instability,1ad8280b-74e5-416c-b8fb-06c7d9cc0d0a,Patellar Instability,0.99,curriculum_node_bridge,3,674a6a2c-a4b8-46d3-8c10-b66a6a37b1c9,What are four (4) osseous anatomical factors that causes patellar instability ? {{c1::Patella alta Trochlear dysplasia…,Marty McFlyin's Ortho Deck::3) OrthoBullets::Knee & Sports::Knee::Knee Extensor Mechanism::Patellar Instability,D?+9HH!Klu,0,1659382455945,1ad8280b-74e5-416c-b8fb-06c7d9cc0d0a,Patellar Instability,0.99,curriculum_node_bridge,exact_entity_overlap:1;confidence:0.990;direct_exact_rows:0,0,,,
patellar-instability,SBQ16SM-96,knee-sports,Patellar Instability,patellar-instability,1ad8280b-74e5-416c-b8fb-06c7d9cc0d0a,Patellar Instability,0.99,curriculum_node_bridge,1,10eb1d14-4517-4a95-8563-f5d03a97a9c7,What is the normal cutoff for TT-TG distance ? {{c1::<20 mm}},Marty McFlyin's Ortho Deck::3) OrthoBullets::Knee & Sports::Knee::Knee Extensor Mechanism::Patellar Instability,m1##mmoK_8,0,1659382517203,1ad8280b-74e5-416c-b8fb-06c7d9cc0d0a,Patellar Instability,0.99,curriculum_node_bridge,exact_entity_overlap:1;confidence:0.990;direct_exact_rows:0,0,,,
patellar-instability,SBQ16SM-96,knee-sports,Patellar Instability,patellar-instability,1ad8280b-74e5-416c-b8fb-06c7d9cc0d0a,Patellar Instability,0.99,curriculum_node_bridge,2,1d2deaeb-534c-4260-9981-a885a0cf7ec9,A {{c1::Fulkerson-type}} osteotomy transfers the tibial tubercle anterior and medial to rectify patellar instability .,Marty McFlyin's Ortho Deck::3) OrthoBullets::Knee & Sports::Knee::Knee Extensor Mechanism::Patellar Instability,i^MepxA[ob,0,1659402797325,1ad8280b-74e5-416c-b8fb-06c7d9cc0d0a,Patellar Instability,0.99,curriculum_node_bridge,exact_entity_overlap:1;confidence:0.990;direct_exact_rows:0,0,,,
patellar-instability,SBQ16SM-96,knee-sports,Patellar Instability,patellar-instability,1ad8280b-74e5-416c-b8fb-06c7d9cc0d0a,Patellar Instability,0.99,curriculum_node_bridge,3,674a6a2c-a4b8-46d3-8c10-b66a6a37b1c9,What are four (4) osseous anatomical factors that causes patellar instability ? {{c1::Patella alta Trochlear dysplasia…,Marty McFlyin's Ortho Deck::3) OrthoBullets::Knee & Sports::Knee::Knee Extensor Mechanism::Patellar Instability,D?+9HH!Klu,0,1659382455945,1ad8280b-74e5-416c-b8fb-06c7d9cc0d0a,Patellar Instability,0.99,curriculum_node_bridge,exact_entity_overlap:1;confidence:0.990;direct_exact_rows:0,0,,,
patellar-instability,OBQ13-186,trauma,Patella Fracture,patella-fracture,9d6f244d-ff9d-4d46-932a-5bd2591a51c0,Patella Fracture,0.95,curriculum_node_bridge,1,5d22c85f-943c-48e2-ac3b-0211fb7497ae,Which physical exam maneuver is the most important when assessing a patellar fracture ? {{c1::Straight leg raise}},Marty McFlyin's Ortho Deck::3) OrthoBullets::Trauma::Lower Extremity::Knee::Patella Fracture,EbuL7YopV},0,1626923486870,9d6f244d-ff9d-4d46-932a-5bd2591a51c0,Patella Fracture,0.95,curriculum_node_bridge,exact_entity_overlap:1;confidence:0.950;direct_exact_rows:0,0,,,
patellar-instability,OBQ13-186,trauma,Patella Fracture,patella-fracture,9d6f244d-ff9d-4d46-932a-5bd2591a51c0,Patella Fracture,0.95,curriculum_node_bridge,2,7b449c23-6110-4583-b2af-9a583f100792,Two appropriate ORIF options for comminuted patellar fractures : {{c1::Circumferential cerclage wiring Cerclage wiring…,Marty McFlyin's Ortho Deck::3) OrthoBullets::Trauma::Lower Extremity::Knee::Patella Fracture,lA*0zfoND*,0,1626923972543,9d6f244d-ff9d-4d46-932a-5bd2591a51c0,Patella Fracture,0.95,curriculum_node_bridge,exact_entity_overlap:1;confidence:0.950;direct_exact_rows:0,0,,,
patellar-instability,OBQ13-186,trauma,Patella Fracture,patella-fracture,9d6f244d-ff9d-4d46-932a-5bd2591a51c0,Patella Fracture,0.95,curriculum_node_bridge,3,b852e16f-0b2e-4078-8f07-788ee327a38f,Gold standard for ORIF of transverse patellar fracture : {{c1::Tension band construct}},Marty McFlyin's Ortho Deck::3) OrthoBullets::Trauma::Lower Extremity::Knee::Patella Fracture,LE:fp&Dj;C,0,1626923865898,9d6f244d-ff9d-4d46-932a-5bd2591a51c0,Patella Fracture,0.95,curriculum_node_bridge,exact_entity_overlap:1;confidence:0.950;direct_exact_rows:0,0,,,
carpal-tunnel-syndrome,OBQ16-88,hand,Carpal Tunnel Syndrome,carpal-tunnel-syndrome,2726050c-8d05-48f6-95ed-a07a0d55f39e,Carpal Tunnel Syndrome,0.95,curriculum_node_bridge,1,,,,,,,,,,,fewer_than_three_cards,0,,,
carpal-tunnel-syndrome,OBQ16-88,hand,Carpal Tunnel Syndrome,carpal-tunnel-syndrome,2726050c-8d05-48f6-95ed-a07a0d55f39e,Carpal Tunnel Syndrome,0.95,curriculum_node_bridge,2,,,,,,,,,,,fewer_than_three_cards,0,,,
carpal-tunnel-syndrome,OBQ16-88,hand,Carpal Tunnel Syndrome,carpal-tunnel-syndrome,2726050c-8d05-48f6-95ed-a07a0d55f39e,Carpal Tunnel Syndrome,0.95,curriculum_node_bridge,3,,,,,,,,,,,fewer_than_three_cards,0,,,
carpal-tunnel-syndrome,OBQ05-55,hand,Carpal Tunnel Syndrome,carpal-tunnel-syndrome,2726050c-8d05-48f6-95ed-a07a0d55f39e,Carpal Tunnel Syndrome,0.95,curriculum_node_bridge,1,,,,,,,,,,,fewer_than_three_cards,0,,,
carpal-tunnel-syndrome,OBQ05-55,hand,Carpal Tunnel Syndrome,carpal-tunnel-syndrome,2726050c-8d05-48f6-95ed-a07a0d55f39e,Carpal Tunnel Syndrome,0.95,curriculum_node_bridge,2,,,,,,,,,,,fewer_than_three_cards,0,,,
carpal-tunnel-syndrome,OBQ05-55,hand,Carpal Tunnel Syndrome,carpal-tunnel-syndrome,2726050c-8d05-48f6-95ed-a07a0d55f39e,Carpal Tunnel Syndrome,0.95,curriculum_node_bridge,3,,,,,,,,,,,fewer_than_three_cards,0,,,
carpal-tunnel-syndrome,OBQ06-242,hand,Carpal Tunnel Syndrome,carpal-tunnel-syndrome,2726050c-8d05-48f6-95ed-a07a0d55f39e,Carpal Tunnel Syndrome,0.95,curriculum_node_bridge,1,,,,,,,,,,,fewer_than_three_cards,0,,,
carpal-tunnel-syndrome,OBQ06-242,hand,Carpal Tunnel Syndrome,carpal-tunnel-syndrome,2726050c-8d05-48f6-95ed-a07a0d55f39e,Carpal Tunnel Syndrome,0.95,curriculum_node_bridge,2,,,,,,,,,,,fewer_than_three_cards,0,,,
carpal-tunnel-syndrome,OBQ06-242,hand,Carpal Tunnel Syndrome,carpal-tunnel-syndrome,2726050c-8d05-48f6-95ed-a07a0d55f39e,Carpal Tunnel Syndrome,0.95,curriculum_node_bridge,3,,,,,,,,,,,fewer_than_three_cards,0,,,
carpal-tunnel-syndrome,SBQ24HW-56,hand,Carpal Tunnel Syndrome,carpal-tunnel-syndrome,2726050c-8d05-48f6-95ed-a07a0d55f39e,Carpal Tunnel Syndrome,0.95,curriculum_node_bridge,1,,,,,,,,,,,fewer_than_three_cards,0,,,
carpal-tunnel-syndrome,SBQ24HW-56,hand,Carpal Tunnel Syndrome,carpal-tunnel-syndrome,2726050c-8d05-48f6-95ed-a07a0d55f39e,Carpal Tunnel Syndrome,0.95,curriculum_node_bridge,2,,,,,,,,,,,fewer_than_three_cards,0,,,
carpal-tunnel-syndrome,SBQ24HW-56,hand,Carpal Tunnel Syndrome,carpal-tunnel-syndrome,2726050c-8d05-48f6-95ed-a07a0d55f39e,Carpal Tunnel Syndrome,0.95,curriculum_node_bridge,3,,,,,,,,,,,fewer_than_three_cards,0,,,
carpal-tunnel-syndrome,OBQ13-15,hand,Carpal Tunnel Syndrome,carpal-tunnel-syndrome,2726050c-8d05-48f6-95ed-a07a0d55f39e,Carpal Tunnel Syndrome,0.95,curriculum_node_bridge,1,,,,,,,,,,,fewer_than_three_cards,0,,,
carpal-tunnel-syndrome,OBQ13-15,hand,Carpal Tunnel Syndrome,carpal-tunnel-syndrome,2726050c-8d05-48f6-95ed-a07a0d55f39e,Carpal Tunnel Syndrome,0.95,curriculum_node_bridge,2,,,,,,,,,,,fewer_than_three_cards,0,,,
carpal-tunnel-syndrome,OBQ13-15,hand,Carpal Tunnel Syndrome,carpal-tunnel-syndrome,2726050c-8d05-48f6-95ed-a07a0d55f39e,Carpal Tunnel Syndrome,0.95,curriculum_node_bridge,3,,,,,,,,,,,fewer_than_three_cards,0,,,
carpal-tunnel-syndrome,OBQ08-34,hand,Carpal Tunnel Syndrome,carpal-tunnel-syndrome,2726050c-8d05-48f6-95ed-a07a0d55f39e,Carpal Tunnel Syndrome,0.95,curriculum_node_bridge,1,,,,,,,,,,,fewer_than_three_cards,0,,,
carpal-tunnel-syndrome,OBQ08-34,hand,Carpal Tunnel Syndrome,carpal-tunnel-syndrome,2726050c-8d05-48f6-95ed-a07a0d55f39e,Carpal Tunnel Syndrome,0.95,curriculum_node_bridge,2,,,,,,,,,,,fewer_than_three_cards,0,,,
carpal-tunnel-syndrome,OBQ08-34,hand,Carpal Tunnel Syndrome,carpal-tunnel-syndrome,2726050c-8d05-48f6-95ed-a07a0d55f39e,Carpal Tunnel Syndrome,0.95,curriculum_node_bridge,3,,,,,,,,,,,fewer_than_three_cards,0,,,
carpal-tunnel-syndrome,SBQ17SE-37,hand,Carpal Tunnel Syndrome,carpal-tunnel-syndrome,2726050c-8d05-48f6-95ed-a07a0d55f39e,Carpal Tunnel Syndrome,0.95,curriculum_node_bridge,1,,,,,,,,,,,fewer_than_three_cards,0,,,
carpal-tunnel-syndrome,SBQ17SE-37,hand,Carpal Tunnel Syndrome,carpal-tunnel-syndrome,2726050c-8d05-48f6-95ed-a07a0d55f39e,Carpal Tunnel Syndrome,0.95,curriculum_node_bridge,2,,,,,,,,,,,fewer_than_three_cards,0,,,
carpal-tunnel-syndrome,SBQ17SE-37,hand,Carpal Tunnel Syndrome,carpal-tunnel-syndrome,2726050c-8d05-48f6-95ed-a07a0d55f39e,Carpal Tunnel Syndrome,0.95,curriculum_node_bridge,3,,,,,,,,,,,fewer_than_three_cards,0,,,
carpal-tunnel-syndrome,OBQ16-267.1,hand,Carpal Tunnel Syndrome,carpal-tunnel-syndrome,2726050c-8d05-48f6-95ed-a07a0d55f39e,Carpal Tunnel Syndrome,0.95,curriculum_node_bridge,1,,,,,,,,,,,fewer_than_three_cards,0,,,
carpal-tunnel-syndrome,OBQ16-267.1,hand,Carpal Tunnel Syndrome,carpal-tunnel-syndrome,2726050c-8d05-48f6-95ed-a07a0d55f39e,Carpal Tunnel Syndrome,0.95,curriculum_node_bridge,2,,,,,,,,,,,fewer_than_three_cards,0,,,
carpal-tunnel-syndrome,OBQ16-267.1,hand,Carpal Tunnel Syndrome,carpal-tunnel-syndrome,2726050c-8d05-48f6-95ed-a07a0d55f39e,Carpal Tunnel Syndrome,0.95,curriculum_node_bridge,3,,,,,,,,,,,fewer_than_three_cards,0,,,
carpal-tunnel-syndrome,SBQ17SE-74,hand,Carpal Tunnel Syndrome,carpal-tunnel-syndrome,2726050c-8d05-48f6-95ed-a07a0d55f39e,Carpal Tunnel Syndrome,0.95,curriculum_node_bridge,1,,,,,,,,,,,fewer_than_three_cards,0,,,
carpal-tunnel-syndrome,SBQ17SE-74,hand,Carpal Tunnel Syndrome,carpal-tunnel-syndrome,2726050c-8d05-48f6-95ed-a07a0d55f39e,Carpal Tunnel Syndrome,0.95,curriculum_node_bridge,2,,,,,,,,,,,fewer_than_three_cards,0,,,
carpal-tunnel-syndrome,SBQ17SE-74,hand,Carpal Tunnel Syndrome,carpal-tunnel-syndrome,2726050c-8d05-48f6-95ed-a07a0d55f39e,Carpal Tunnel Syndrome,0.95,curriculum_node_bridge,3,,,,,,,,,,,fewer_than_three_cards,0,,,
carpal-tunnel-syndrome,OBQ19-85,hand,Carpal Tunnel Syndrome,carpal-tunnel-syndrome,2726050c-8d05-48f6-95ed-a07a0d55f39e,Carpal Tunnel Syndrome,0.95,curriculum_node_bridge,1,,,,,,,,,,,fewer_than_three_cards,0,,,
carpal-tunnel-syndrome,OBQ19-85,hand,Carpal Tunnel Syndrome,carpal-tunnel-syndrome,2726050c-8d05-48f6-95ed-a07a0d55f39e,Carpal Tunnel Syndrome,0.95,curriculum_node_bridge,2,,,,,,,,,,,fewer_than_three_cards,0,,,
carpal-tunnel-syndrome,OBQ19-85,hand,Carpal Tunnel Syndrome,carpal-tunnel-syndrome,2726050c-8d05-48f6-95ed-a07a0d55f39e,Carpal Tunnel Syndrome,0.95,curriculum_node_bridge,3,,,,,,,,,,,fewer_than_three_cards,0,,,
carpal-tunnel-syndrome,OBQ17-105,hand,Carpal Tunnel Syndrome,carpal-tunnel-syndrome,2726050c-8d05-48f6-95ed-a07a0d55f39e,Carpal Tunnel Syndrome,0.95,curriculum_node_bridge,1,,,,,,,,,,,fewer_than_three_cards,0,,,
carpal-tunnel-syndrome,OBQ17-105,hand,Carpal Tunnel Syndrome,carpal-tunnel-syndrome,2726050c-8d05-48f6-95ed-a07a0d55f39e,Carpal Tunnel Syndrome,0.95,curriculum_node_bridge,2,,,,,,,,,,,fewer_than_three_cards,0,,,
carpal-tunnel-syndrome,OBQ17-105,hand,Carpal Tunnel Syndrome,carpal-tunnel-syndrome,2726050c-8d05-48f6-95ed-a07a0d55f39e,Carpal Tunnel Syndrome,0.95,curriculum_node_bridge,3,,,,,,,,,,,fewer_than_three_cards,0,,,
carpal-tunnel-syndrome,OBQ13-58,hand,Carpal Tunnel Syndrome,carpal-tunnel-syndrome,2726050c-8d05-48f6-95ed-a07a0d55f39e,Carpal Tunnel Syndrome,0.95,curriculum_node_bridge,1,,,,,,,,,,,fewer_than_three_cards,0,,,
carpal-tunnel-syndrome,OBQ13-58,hand,Carpal Tunnel Syndrome,carpal-tunnel-syndrome,2726050c-8d05-48f6-95ed-a07a0d55f39e,Carpal Tunnel Syndrome,0.95,curriculum_node_bridge,2,,,,,,,,,,,fewer_than_three_cards,0,,,
carpal-tunnel-syndrome,OBQ13-58,hand,Carpal Tunnel Syndrome,carpal-tunnel-syndrome,2726050c-8d05-48f6-95ed-a07a0d55f39e,Carpal Tunnel Syndrome,0.95,curriculum_node_bridge,3,,,,,,,,,,,fewer_than_three_cards,0,,,
carpal-tunnel-syndrome,SBQ21H-75,hand,Carpal Tunnel Syndrome,carpal-tunnel-syndrome,2726050c-8d05-48f6-95ed-a07a0d55f39e,Carpal Tunnel Syndrome,0.95,curriculum_node_bridge,1,,,,,,,,,,,fewer_than_three_cards,0,,,
carpal-tunnel-syndrome,SBQ21H-75,hand,Carpal Tunnel Syndrome,carpal-tunnel-syndrome,2726050c-8d05-48f6-95ed-a07a0d55f39e,Carpal Tunnel Syndrome,0.95,curriculum_node_bridge,2,,,,,,,,,,,fewer_than_three_cards,0,,,
carpal-tunnel-syndrome,SBQ21H-75,hand,Carpal Tunnel Syndrome,carpal-tunnel-syndrome,2726050c-8d05-48f6-95ed-a07a0d55f39e,Carpal Tunnel Syndrome,0.95,curriculum_node_bridge,3,,,,,,,,,,,fewer_than_three_cards,0,,,
carpal-tunnel-syndrome,OBQ07-55,hand,Carpal Tunnel Syndrome,carpal-tunnel-syndrome,2726050c-8d05-48f6-95ed-a07a0d55f39e,Carpal Tunnel Syndrome,0.95,curriculum_node_bridge,1,,,,,,,,,,,fewer_than_three_cards,0,,,
carpal-tunnel-syndrome,OBQ07-55,hand,Carpal Tunnel Syndrome,carpal-tunnel-syndrome,2726050c-8d05-48f6-95ed-a07a0d55f39e,Carpal Tunnel Syndrome,0.95,curriculum_node_bridge,2,,,,,,,,,,,fewer_than_three_cards,0,,,
carpal-tunnel-syndrome,OBQ07-55,hand,Carpal Tunnel Syndrome,carpal-tunnel-syndrome,2726050c-8d05-48f6-95ed-a07a0d55f39e,Carpal Tunnel Syndrome,0.95,curriculum_node_bridge,3,,,,,,,,,,,fewer_than_three_cards,0,,,
carpal-tunnel-syndrome,OBQ11-265,hand,Carpal Tunnel Syndrome,carpal-tunnel-syndrome,2726050c-8d05-48f6-95ed-a07a0d55f39e,Carpal Tunnel Syndrome,0.95,curriculum_node_bridge,1,,,,,,,,,,,fewer_than_three_cards,0,,,
carpal-tunnel-syndrome,OBQ11-265,hand,Carpal Tunnel Syndrome,carpal-tunnel-syndrome,2726050c-8d05-48f6-95ed-a07a0d55f39e,Carpal Tunnel Syndrome,0.95,curriculum_node_bridge,2,,,,,,,,,,,fewer_than_three_cards,0,,,
carpal-tunnel-syndrome,OBQ11-265,hand,Carpal Tunnel Syndrome,carpal-tunnel-syndrome,2726050c-8d05-48f6-95ed-a07a0d55f39e,Carpal Tunnel Syndrome,0.95,curriculum_node_bridge,3,,,,,,,,,,,fewer_than_three_cards,0,,,
carpal-tunnel-syndrome,SBQ24HW-37,hand,Carpal Tunnel Syndrome,carpal-tunnel-syndrome,2726050c-8d05-48f6-95ed-a07a0d55f39e,Carpal Tunnel Syndrome,0.95,curriculum_node_bridge,1,,,,,,,,,,,fewer_than_three_cards,0,,,
carpal-tunnel-syndrome,SBQ24HW-37,hand,Carpal Tunnel Syndrome,carpal-tunnel-syndrome,2726050c-8d05-48f6-95ed-a07a0d55f39e,Carpal Tunnel Syndrome,0.95,curriculum_node_bridge,2,,,,,,,,,,,fewer_than_three_cards,0,,,
carpal-tunnel-syndrome,SBQ24HW-37,hand,Carpal Tunnel Syndrome,carpal-tunnel-syndrome,2726050c-8d05-48f6-95ed-a07a0d55f39e,Carpal Tunnel Syndrome,0.95,curriculum_node_bridge,3,,,,,,,,,,,fewer_than_three_cards,0,,,
carpal-tunnel-syndrome,OBQ15-75,hand,Carpal Tunnel Syndrome,carpal-tunnel-syndrome,2726050c-8d05-48f6-95ed-a07a0d55f39e,Carpal Tunnel Syndrome,0.95,curriculum_node_bridge,1,,,,,,,,,,,fewer_than_three_cards,0,,,
carpal-tunnel-syndrome,OBQ15-75,hand,Carpal Tunnel Syndrome,carpal-tunnel-syndrome,2726050c-8d05-48f6-95ed-a07a0d55f39e,Carpal Tunnel Syndrome,0.95,curriculum_node_bridge,2,,,,,,,,,,,fewer_than_three_cards,0,,,
carpal-tunnel-syndrome,OBQ15-75,hand,Carpal Tunnel Syndrome,carpal-tunnel-syndrome,2726050c-8d05-48f6-95ed-a07a0d55f39e,Carpal Tunnel Syndrome,0.95,curriculum_node_bridge,3,,,,,,,,,,,fewer_than_three_cards,0,,,
carpal-tunnel-syndrome,OBQ04-210,hand,Carpal Tunnel Syndrome,carpal-tunnel-syndrome,2726050c-8d05-48f6-95ed-a07a0d55f39e,Carpal Tunnel Syndrome,0.95,curriculum_node_bridge,1,,,,,,,,,,,fewer_than_three_cards,0,,,
carpal-tunnel-syndrome,OBQ04-210,hand,Carpal Tunnel Syndrome,carpal-tunnel-syndrome,2726050c-8d05-48f6-95ed-a07a0d55f39e,Carpal Tunnel Syndrome,0.95,curriculum_node_bridge,2,,,,,,,,,,,fewer_than_three_cards,0,,,
carpal-tunnel-syndrome,OBQ04-210,hand,Carpal Tunnel Syndrome,carpal-tunnel-syndrome,2726050c-8d05-48f6-95ed-a07a0d55f39e,Carpal Tunnel Syndrome,0.95,curriculum_node_bridge,3,,,,,,,,,,,fewer_than_three_cards,0,,,
carpal-tunnel-syndrome,SBQ21H-98,hand,Carpal Tunnel Syndrome,carpal-tunnel-syndrome,2726050c-8d05-48f6-95ed-a07a0d55f39e,Carpal Tunnel Syndrome,0.95,curriculum_node_bridge,1,,,,,,,,,,,fewer_than_three_cards,0,,,
carpal-tunnel-syndrome,SBQ21H-98,hand,Carpal Tunnel Syndrome,carpal-tunnel-syndrome,2726050c-8d05-48f6-95ed-a07a0d55f39e,Carpal Tunnel Syndrome,0.95,curriculum_node_bridge,2,,,,,,,,,,,fewer_than_three_cards,0,,,
carpal-tunnel-syndrome,SBQ21H-98,hand,Carpal Tunnel Syndrome,carpal-tunnel-syndrome,2726050c-8d05-48f6-95ed-a07a0d55f39e,Carpal Tunnel Syndrome,0.95,curriculum_node_bridge,3,,,,,,,,,,,fewer_than_three_cards,0,,,
carpal-tunnel-syndrome,SBQ17SE-81,hand,Carpal Tunnel Syndrome,carpal-tunnel-syndrome,2726050c-8d05-48f6-95ed-a07a0d55f39e,Carpal Tunnel Syndrome,0.95,curriculum_node_bridge,1,,,,,,,,,,,fewer_than_three_cards,0,,,
carpal-tunnel-syndrome,SBQ17SE-81,hand,Carpal Tunnel Syndrome,carpal-tunnel-syndrome,2726050c-8d05-48f6-95ed-a07a0d55f39e,Carpal Tunnel Syndrome,0.95,curriculum_node_bridge,2,,,,,,,,,,,fewer_than_three_cards,0,,,
carpal-tunnel-syndrome,SBQ17SE-81,hand,Carpal Tunnel Syndrome,carpal-tunnel-syndrome,2726050c-8d05-48f6-95ed-a07a0d55f39e,Carpal Tunnel Syndrome,0.95,curriculum_node_bridge,3,,,,,,,,,,,fewer_than_three_cards,0,,,
carpal-tunnel-syndrome,OBQ17-172,hand,Carpal Tunnel Syndrome,carpal-tunnel-syndrome,2726050c-8d05-48f6-95ed-a07a0d55f39e,Carpal Tunnel Syndrome,0.95,curriculum_node_bridge,1,,,,,,,,,,,fewer_than_three_cards,0,,,
carpal-tunnel-syndrome,OBQ17-172,hand,Carpal Tunnel Syndrome,carpal-tunnel-syndrome,2726050c-8d05-48f6-95ed-a07a0d55f39e,Carpal Tunnel Syndrome,0.95,curriculum_node_bridge,2,,,,,,,,,,,fewer_than_three_cards,0,,,
carpal-tunnel-syndrome,OBQ17-172,hand,Carpal Tunnel Syndrome,carpal-tunnel-syndrome,2726050c-8d05-48f6-95ed-a07a0d55f39e,Carpal Tunnel Syndrome,0.95,curriculum_node_bridge,3,,,,,,,,,,,fewer_than_three_cards,0,,,
carpal-tunnel-syndrome,OBQ14-256,hand,Carpal Tunnel Syndrome,carpal-tunnel-syndrome,2726050c-8d05-48f6-95ed-a07a0d55f39e,Carpal Tunnel Syndrome,0.95,curriculum_node_bridge,1,,,,,,,,,,,fewer_than_three_cards,0,,,
carpal-tunnel-syndrome,OBQ14-256,hand,Carpal Tunnel Syndrome,carpal-tunnel-syndrome,2726050c-8d05-48f6-95ed-a07a0d55f39e,Carpal Tunnel Syndrome,0.95,curriculum_node_bridge,2,,,,,,,,,,,fewer_than_three_cards,0,,,
carpal-tunnel-syndrome,OBQ14-256,hand,Carpal Tunnel Syndrome,carpal-tunnel-syndrome,2726050c-8d05-48f6-95ed-a07a0d55f39e,Carpal Tunnel Syndrome,0.95,curriculum_node_bridge,3,,,,,,,,,,,fewer_than_three_cards,0,,,
carpal-tunnel-syndrome,SBQ17SE-83,hand,Carpal Tunnel Syndrome,carpal-tunnel-syndrome,2726050c-8d05-48f6-95ed-a07a0d55f39e,Carpal Tunnel Syndrome,0.95,curriculum_node_bridge,1,,,,,,,,,,,fewer_than_three_cards,0,,,
carpal-tunnel-syndrome,SBQ17SE-83,hand,Carpal Tunnel Syndrome,carpal-tunnel-syndrome,2726050c-8d05-48f6-95ed-a07a0d55f39e,Carpal Tunnel Syndrome,0.95,curriculum_node_bridge,2,,,,,,,,,,,fewer_than_three_cards,0,,,
carpal-tunnel-syndrome,SBQ17SE-83,hand,Carpal Tunnel Syndrome,carpal-tunnel-syndrome,2726050c-8d05-48f6-95ed-a07a0d55f39e,Carpal Tunnel Syndrome,0.95,curriculum_node_bridge,3,,,,,,,,,,,fewer_than_three_cards,0,,,
carpal-tunnel-syndrome,SBQ24HW-61,hand,Carpal Tunnel Syndrome,carpal-tunnel-syndrome,2726050c-8d05-48f6-95ed-a07a0d55f39e,Carpal Tunnel Syndrome,0.95,curriculum_node_bridge,1,,,,,,,,,,,fewer_than_three_cards,0,,,
carpal-tunnel-syndrome,SBQ24HW-61,hand,Carpal Tunnel Syndrome,carpal-tunnel-syndrome,2726050c-8d05-48f6-95ed-a07a0d55f39e,Carpal Tunnel Syndrome,0.95,curriculum_node_bridge,2,,,,,,,,,,,fewer_than_three_cards,0,,,
carpal-tunnel-syndrome,SBQ24HW-61,hand,Carpal Tunnel Syndrome,carpal-tunnel-syndrome,2726050c-8d05-48f6-95ed-a07a0d55f39e,Carpal Tunnel Syndrome,0.95,curriculum_node_bridge,3,,,,,,,,,,,fewer_than_three_cards,0,,,
lisfranc-injury,OBQ16-251,foot-ankle,Lisfranc Injury,lisfranc-injury,292de1f8-7c53-4efc-b355-2736c5775cfb,Lisfranc Injury,0.95,curriculum_node_bridge,1,,,,,,,,,,,fewer_than_three_cards,0,,,
lisfranc-injury,OBQ16-251,foot-ankle,Lisfranc Injury,lisfranc-injury,292de1f8-7c53-4efc-b355-2736c5775cfb,Lisfranc Injury,0.95,curriculum_node_bridge,2,,,,,,,,,,,fewer_than_three_cards,0,,,
lisfranc-injury,OBQ16-251,foot-ankle,Lisfranc Injury,lisfranc-injury,292de1f8-7c53-4efc-b355-2736c5775cfb,Lisfranc Injury,0.95,curriculum_node_bridge,3,,,,,,,,,,,fewer_than_three_cards,0,,,
lisfranc-injury,SBQ25FA-58,foot-ankle,Lisfranc Injury,lisfranc-injury,292de1f8-7c53-4efc-b355-2736c5775cfb,Lisfranc Injury,0.95,curriculum_node_bridge,1,,,,,,,,,,,fewer_than_three_cards,0,,,
lisfranc-injury,SBQ25FA-58,foot-ankle,Lisfranc Injury,lisfranc-injury,292de1f8-7c53-4efc-b355-2736c5775cfb,Lisfranc Injury,0.95,curriculum_node_bridge,2,,,,,,,,,,,fewer_than_three_cards,0,,,
lisfranc-injury,SBQ25FA-58,foot-ankle,Lisfranc Injury,lisfranc-injury,292de1f8-7c53-4efc-b355-2736c5775cfb,Lisfranc Injury,0.95,curriculum_node_bridge,3,,,,,,,,,,,fewer_than_three_cards,0,,,
lisfranc-injury,OBQ13-32,foot-ankle,Lisfranc Injury,lisfranc-injury,292de1f8-7c53-4efc-b355-2736c5775cfb,Lisfranc Injury,0.95,curriculum_node_bridge,1,,,,,,,,,,,fewer_than_three_cards,0,,,
lisfranc-injury,OBQ13-32,foot-ankle,Lisfranc Injury,lisfranc-injury,292de1f8-7c53-4efc-b355-2736c5775cfb,Lisfranc Injury,0.95,curriculum_node_bridge,2,,,,,,,,,,,fewer_than_three_cards,0,,,
lisfranc-injury,OBQ13-32,foot-ankle,Lisfranc Injury,lisfranc-injury,292de1f8-7c53-4efc-b355-2736c5775cfb,Lisfranc Injury,0.95,curriculum_node_bridge,3,,,,,,,,,,,fewer_than_three_cards,0,,,
lisfranc-injury,OBQ06-100,foot-ankle,Lisfranc Injury,lisfranc-injury,292de1f8-7c53-4efc-b355-2736c5775cfb,Lisfranc Injury,0.95,curriculum_node_bridge,1,,,,,,,,,,,fewer_than_three_cards,0,,,
lisfranc-injury,OBQ06-100,foot-ankle,Lisfranc Injury,lisfranc-injury,292de1f8-7c53-4efc-b355-2736c5775cfb,Lisfranc Injury,0.95,curriculum_node_bridge,2,,,,,,,,,,,fewer_than_three_cards,0,,,
lisfranc-injury,OBQ06-100,foot-ankle,Lisfranc Injury,lisfranc-injury,292de1f8-7c53-4efc-b355-2736c5775cfb,Lisfranc Injury,0.95,curriculum_node_bridge,3,,,,,,,,,,,fewer_than_three_cards,0,,,
lisfranc-injury,OBQ15-157,foot-ankle,Lisfranc Injury,lisfranc-injury,292de1f8-7c53-4efc-b355-2736c5775cfb,Lisfranc Injury,0.95,curriculum_node_bridge,1,,,,,,,,,,,fewer_than_three_cards,0,,,
lisfranc-injury,OBQ15-157,foot-ankle,Lisfranc Injury,lisfranc-injury,292de1f8-7c53-4efc-b355-2736c5775cfb,Lisfranc Injury,0.95,curriculum_node_bridge,2,,,,,,,,,,,fewer_than_three_cards,0,,,
lisfranc-injury,OBQ15-157,foot-ankle,Lisfranc Injury,lisfranc-injury,292de1f8-7c53-4efc-b355-2736c5775cfb,Lisfranc Injury,0.95,curriculum_node_bridge,3,,,,,,,,,,,fewer_than_three_cards,0,,,
lisfranc-injury,OBQ19-164,foot-ankle,Lisfranc Injury,lisfranc-injury,292de1f8-7c53-4efc-b355-2736c5775cfb,Lisfranc Injury,0.95,curriculum_node_bridge,1,,,,,,,,,,,fewer_than_three_cards,0,,,
lisfranc-injury,OBQ19-164,foot-ankle,Lisfranc Injury,lisfranc-injury,292de1f8-7c53-4efc-b355-2736c5775cfb,Lisfranc Injury,0.95,curriculum_node_bridge,2,,,,,,,,,,,fewer_than_three_cards,0,,,
lisfranc-injury,OBQ19-164,foot-ankle,Lisfranc Injury,lisfranc-injury,292de1f8-7c53-4efc-b355-2736c5775cfb,Lisfranc Injury,0.95,curriculum_node_bridge,3,,,,,,,,,,,fewer_than_three_cards,0,,,
lisfranc-injury,SBQ25FA-30,foot-ankle,Lisfranc Injury,lisfranc-injury,292de1f8-7c53-4efc-b355-2736c5775cfb,Lisfranc Injury,0.95,curriculum_node_bridge,1,,,,,,,,,,,fewer_than_three_cards,0,,,
lisfranc-injury,SBQ25FA-30,foot-ankle,Lisfranc Injury,lisfranc-injury,292de1f8-7c53-4efc-b355-2736c5775cfb,Lisfranc Injury,0.95,curriculum_node_bridge,2,,,,,,,,,,,fewer_than_three_cards,0,,,
lisfranc-injury,SBQ25FA-30,foot-ankle,Lisfranc Injury,lisfranc-injury,292de1f8-7c53-4efc-b355-2736c5775cfb,Lisfranc Injury,0.95,curriculum_node_bridge,3,,,,,,,,,,,fewer_than_three_cards,0,,,
lisfranc-injury,SBQ12FA-9.1,foot-ankle,Lisfranc Injury,lisfranc-injury,292de1f8-7c53-4efc-b355-2736c5775cfb,Lisfranc Injury,0.95,curriculum_node_bridge,1,,,,,,,,,,,fewer_than_three_cards,0,,,
lisfranc-injury,SBQ12FA-9.1,foot-ankle,Lisfranc Injury,lisfranc-injury,292de1f8-7c53-4efc-b355-2736c5775cfb,Lisfranc Injury,0.95,curriculum_node_bridge,2,,,,,,,,,,,fewer_than_three_cards,0,,,
lisfranc-injury,SBQ12FA-9.1,foot-ankle,Lisfranc Injury,lisfranc-injury,292de1f8-7c53-4efc-b355-2736c5775cfb,Lisfranc Injury,0.95,curriculum_node_bridge,3,,,,,,,,,,,fewer_than_three_cards,0,,,
lisfranc-injury,SBQ12FA-17.1,foot-ankle,Lisfranc Injury,lisfranc-injury,292de1f8-7c53-4efc-b355-2736c5775cfb,Lisfranc Injury,0.95,curriculum_node_bridge,1,,,,,,,,,,,fewer_than_three_cards,0,,,
lisfranc-injury,SBQ12FA-17.1,foot-ankle,Lisfranc Injury,lisfranc-injury,292de1f8-7c53-4efc-b355-2736c5775cfb,Lisfranc Injury,0.95,curriculum_node_bridge,2,,,,,,,,,,,fewer_than_three_cards,0,,,
lisfranc-injury,SBQ12FA-17.1,foot-ankle,Lisfranc Injury,lisfranc-injury,292de1f8-7c53-4efc-b355-2736c5775cfb,Lisfranc Injury,0.95,curriculum_node_bridge,3,,,,,,,,,,,fewer_than_three_cards,0,,,
lisfranc-injury,OBQ19-236,foot-ankle,Lisfranc Injury,lisfranc-injury,292de1f8-7c53-4efc-b355-2736c5775cfb,Lisfranc Injury,0.95,curriculum_node_bridge,1,,,,,,,,,,,fewer_than_three_cards,0,,,
lisfranc-injury,OBQ19-236,foot-ankle,Lisfranc Injury,lisfranc-injury,292de1f8-7c53-4efc-b355-2736c5775cfb,Lisfranc Injury,0.95,curriculum_node_bridge,2,,,,,,,,,,,fewer_than_three_cards,0,,,
lisfranc-injury,OBQ19-236,foot-ankle,Lisfranc Injury,lisfranc-injury,292de1f8-7c53-4efc-b355-2736c5775cfb,Lisfranc Injury,0.95,curriculum_node_bridge,3,,,,,,,,,,,fewer_than_three_cards,0,,,
lisfranc-injury,OBQ13-167,foot-ankle,Lisfranc Injury,lisfranc-injury,292de1f8-7c53-4efc-b355-2736c5775cfb,Lisfranc Injury,0.95,curriculum_node_bridge,1,,,,,,,,,,,fewer_than_three_cards,0,,,
lisfranc-injury,OBQ13-167,foot-ankle,Lisfranc Injury,lisfranc-injury,292de1f8-7c53-4efc-b355-2736c5775cfb,Lisfranc Injury,0.95,curriculum_node_bridge,2,,,,,,,,,,,fewer_than_three_cards,0,,,
lisfranc-injury,OBQ13-167,foot-ankle,Lisfranc Injury,lisfranc-injury,292de1f8-7c53-4efc-b355-2736c5775cfb,Lisfranc Injury,0.95,curriculum_node_bridge,3,,,,,,,,,,,fewer_than_three_cards,0,,,
lisfranc-injury,OBQ07-103,foot-ankle,Lisfranc Injury,lisfranc-injury,292de1f8-7c53-4efc-b355-2736c5775cfb,Lisfranc Injury,0.95,curriculum_node_bridge,1,,,,,,,,,,,fewer_than_three_cards,0,,,
lisfranc-injury,OBQ07-103,foot-ankle,Lisfranc Injury,lisfranc-injury,292de1f8-7c53-4efc-b355-2736c5775cfb,Lisfranc Injury,0.95,curriculum_node_bridge,2,,,,,,,,,,,fewer_than_three_cards,0,,,
lisfranc-injury,OBQ07-103,foot-ankle,Lisfranc Injury,lisfranc-injury,292de1f8-7c53-4efc-b355-2736c5775cfb,Lisfranc Injury,0.95,curriculum_node_bridge,3,,,,,,,,,,,fewer_than_three_cards,0,,,
lisfranc-injury,OBQ20-14,foot-ankle,Lisfranc Injury,lisfranc-injury,292de1f8-7c53-4efc-b355-2736c5775cfb,Lisfranc Injury,0.95,curriculum_node_bridge,1,,,,,,,,,,,fewer_than_three_cards,0,,,
lisfranc-injury,OBQ20-14,foot-ankle,Lisfranc Injury,lisfranc-injury,292de1f8-7c53-4efc-b355-2736c5775cfb,Lisfranc Injury,0.95,curriculum_node_bridge,2,,,,,,,,,,,fewer_than_three_cards,0,,,
lisfranc-injury,OBQ20-14,foot-ankle,Lisfranc Injury,lisfranc-injury,292de1f8-7c53-4efc-b355-2736c5775cfb,Lisfranc Injury,0.95,curriculum_node_bridge,3,,,,,,,,,,,fewer_than_three_cards,0,,,
lisfranc-injury,OBQ12-13,foot-ankle,Lisfranc Injury,lisfranc-injury,292de1f8-7c53-4efc-b355-2736c5775cfb,Lisfranc Injury,0.95,curriculum_node_bridge,1,,,,,,,,,,,fewer_than_three_cards,0,,,
lisfranc-injury,OBQ12-13,foot-ankle,Lisfranc Injury,lisfranc-injury,292de1f8-7c53-4efc-b355-2736c5775cfb,Lisfranc Injury,0.95,curriculum_node_bridge,2,,,,,,,,,,,fewer_than_three_cards,0,,,
lisfranc-injury,OBQ12-13,foot-ankle,Lisfranc Injury,lisfranc-injury,292de1f8-7c53-4efc-b355-2736c5775cfb,Lisfranc Injury,0.95,curriculum_node_bridge,3,,,,,,,,,,,fewer_than_three_cards,0,,,
lisfranc-injury,OBQ04-1,foot-ankle,Lisfranc Injury,lisfranc-injury,292de1f8-7c53-4efc-b355-2736c5775cfb,Lisfranc Injury,0.95,curriculum_node_bridge,1,,,,,,,,,,,fewer_than_three_cards,0,,,
lisfranc-injury,OBQ04-1,foot-ankle,Lisfranc Injury,lisfranc-injury,292de1f8-7c53-4efc-b355-2736c5775cfb,Lisfranc Injury,0.95,curriculum_node_bridge,2,,,,,,,,,,,fewer_than_three_cards,0,,,
lisfranc-injury,OBQ04-1,foot-ankle,Lisfranc Injury,lisfranc-injury,292de1f8-7c53-4efc-b355-2736c5775cfb,Lisfranc Injury,0.95,curriculum_node_bridge,3,,,,,,,,,,,fewer_than_three_cards,0,,,
lisfranc-injury,SBQ12FA-89,foot-ankle,Lisfranc Injury,lisfranc-injury,292de1f8-7c53-4efc-b355-2736c5775cfb,Lisfranc Injury,0.95,curriculum_node_bridge,1,,,,,,,,,,,fewer_than_three_cards,0,,,
lisfranc-injury,SBQ12FA-89,foot-ankle,Lisfranc Injury,lisfranc-injury,292de1f8-7c53-4efc-b355-2736c5775cfb,Lisfranc Injury,0.95,curriculum_node_bridge,2,,,,,,,,,,,fewer_than_three_cards,0,,,
lisfranc-injury,SBQ12FA-89,foot-ankle,Lisfranc Injury,lisfranc-injury,292de1f8-7c53-4efc-b355-2736c5775cfb,Lisfranc Injury,0.95,curriculum_node_bridge,3,,,,,,,,,,,fewer_than_three_cards,0,,,
lisfranc-injury,OBQ09-244,foot-ankle,Lisfranc Injury,lisfranc-injury,292de1f8-7c53-4efc-b355-2736c5775cfb,Lisfranc Injury,0.95,curriculum_node_bridge,1,,,,,,,,,,,fewer_than_three_cards,0,,,
lisfranc-injury,OBQ09-244,foot-ankle,Lisfranc Injury,lisfranc-injury,292de1f8-7c53-4efc-b355-2736c5775cfb,Lisfranc Injury,0.95,curriculum_node_bridge,2,,,,,,,,,,,fewer_than_three_cards,0,,,
lisfranc-injury,OBQ09-244,foot-ankle,Lisfranc Injury,lisfranc-injury,292de1f8-7c53-4efc-b355-2736c5775cfb,Lisfranc Injury,0.95,curriculum_node_bridge,3,,,,,,,,,,,fewer_than_three_cards,0,,,
lisfranc-injury,OBQ08-222,foot-ankle,Lisfranc Injury,lisfranc-injury,292de1f8-7c53-4efc-b355-2736c5775cfb,Lisfranc Injury,0.95,curriculum_node_bridge,1,,,,,,,,,,,fewer_than_three_cards,0,,,
lisfranc-injury,OBQ08-222,foot-ankle,Lisfranc Injury,lisfranc-injury,292de1f8-7c53-4efc-b355-2736c5775cfb,Lisfranc Injury,0.95,curriculum_node_bridge,2,,,,,,,,,,,fewer_than_three_cards,0,,,
lisfranc-injury,OBQ08-222,foot-ankle,Lisfranc Injury,lisfranc-injury,292de1f8-7c53-4efc-b355-2736c5775cfb,Lisfranc Injury,0.95,curriculum_node_bridge,3,,,,,,,,,,,fewer_than_three_cards,0,,,
lisfranc-injury,OBQ17-54,foot-ankle,Lisfranc Injury,lisfranc-injury,292de1f8-7c53-4efc-b355-2736c5775cfb,Lisfranc Injury,0.95,curriculum_node_bridge,1,,,,,,,,,,,fewer_than_three_cards,0,,,
lisfranc-injury,OBQ17-54,foot-ankle,Lisfranc Injury,lisfranc-injury,292de1f8-7c53-4efc-b355-2736c5775cfb,Lisfranc Injury,0.95,curriculum_node_bridge,2,,,,,,,,,,,fewer_than_three_cards,0,,,
lisfranc-injury,OBQ17-54,foot-ankle,Lisfranc Injury,lisfranc-injury,292de1f8-7c53-4efc-b355-2736c5775cfb,Lisfranc Injury,0.95,curriculum_node_bridge,3,,,,,,,,,,,fewer_than_three_cards,0,,,
lisfranc-injury,SBQ22FA-98,foot-ankle,Lisfranc Injury,lisfranc-injury,292de1f8-7c53-4efc-b355-2736c5775cfb,Lisfranc Injury,0.95,curriculum_node_bridge,1,,,,,,,,,,,fewer_than_three_cards,0,,,
lisfranc-injury,SBQ22FA-98,foot-ankle,Lisfranc Injury,lisfranc-injury,292de1f8-7c53-4efc-b355-2736c5775cfb,Lisfranc Injury,0.95,curriculum_node_bridge,2,,,,,,,,,,,fewer_than_three_cards,0,,,
lisfranc-injury,SBQ22FA-98,foot-ankle,Lisfranc Injury,lisfranc-injury,292de1f8-7c53-4efc-b355-2736c5775cfb,Lisfranc Injury,0.95,curriculum_node_bridge,3,,,,,,,,,,,fewer_than_three_cards,0,,,
lisfranc-injury,SBQ18FA-16,foot-ankle,Lisfranc Injury,lisfranc-injury,292de1f8-7c53-4efc-b355-2736c5775cfb,Lisfranc Injury,0.95,curriculum_node_bridge,1,,,,,,,,,,,fewer_than_three_cards,0,,,
lisfranc-injury,SBQ18FA-16,foot-ankle,Lisfranc Injury,lisfranc-injury,292de1f8-7c53-4efc-b355-2736c5775cfb,Lisfranc Injury,0.95,curriculum_node_bridge,2,,,,,,,,,,,fewer_than_three_cards,0,,,
lisfranc-injury,SBQ18FA-16,foot-ankle,Lisfranc Injury,lisfranc-injury,292de1f8-7c53-4efc-b355-2736c5775cfb,Lisfranc Injury,0.95,curriculum_node_bridge,3,,,,,,,,,,,fewer_than_three_cards,0,,,
lisfranc-injury,SBQ25FA-6,foot-ankle,Lisfranc Injury,lisfranc-injury,292de1f8-7c53-4efc-b355-2736c5775cfb,Lisfranc Injury,0.95,curriculum_node_bridge,1,,,,,,,,,,,fewer_than_three_cards,0,,,
lisfranc-injury,SBQ25FA-6,foot-ankle,Lisfranc Injury,lisfranc-injury,292de1f8-7c53-4efc-b355-2736c5775cfb,Lisfranc Injury,0.95,curriculum_node_bridge,2,,,,,,,,,,,fewer_than_three_cards,0,,,
lisfranc-injury,SBQ25FA-6,foot-ankle,Lisfranc Injury,lisfranc-injury,292de1f8-7c53-4efc-b355-2736c5775cfb,Lisfranc Injury,0.95,curriculum_node_bridge,3,,,,,,,,,,,fewer_than_three_cards,0,,,
lisfranc-injury,SBQ12FA-17,foot-ankle,Lisfranc Injury,lisfranc-injury,292de1f8-7c53-4efc-b355-2736c5775cfb,Lisfranc Injury,0.95,curriculum_node_bridge,1,,,,,,,,,,,fewer_than_three_cards,0,,,
lisfranc-injury,SBQ12FA-17,foot-ankle,Lisfranc Injury,lisfranc-injury,292de1f8-7c53-4efc-b355-2736c5775cfb,Lisfranc Injury,0.95,curriculum_node_bridge,2,,,,,,,,,,,fewer_than_three_cards,0,,,
lisfranc-injury,SBQ12FA-17,foot-ankle,Lisfranc Injury,lisfranc-injury,292de1f8-7c53-4efc-b355-2736c5775cfb,Lisfranc Injury,0.95,curriculum_node_bridge,3,,,,,,,,,,,fewer_than_three_cards,0,,,
lisfranc-injury,OBQ06-132,foot-ankle,Lisfranc Injury,lisfranc-injury,292de1f8-7c53-4efc-b355-2736c5775cfb,Lisfranc Injury,0.95,curriculum_node_bridge,1,,,,,,,,,,,fewer_than_three_cards,0,,,
lisfranc-injury,OBQ06-132,foot-ankle,Lisfranc Injury,lisfranc-injury,292de1f8-7c53-4efc-b355-2736c5775cfb,Lisfranc Injury,0.95,curriculum_node_bridge,2,,,,,,,,,,,fewer_than_three_cards,0,,,
lisfranc-injury,OBQ06-132,foot-ankle,Lisfranc Injury,lisfranc-injury,292de1f8-7c53-4efc-b355-2736c5775cfb,Lisfranc Injury,0.95,curriculum_node_bridge,3,,,,,,,,,,,fewer_than_three_cards,0,,,
lisfranc-injury,SBQ12FA-85,foot-ankle,Lisfranc Injury,lisfranc-injury,292de1f8-7c53-4efc-b355-2736c5775cfb,Lisfranc Injury,0.95,curriculum_node_bridge,1,,,,,,,,,,,fewer_than_three_cards,0,,,
lisfranc-injury,SBQ12FA-85,foot-ankle,Lisfranc Injury,lisfranc-injury,292de1f8-7c53-4efc-b355-2736c5775cfb,Lisfranc Injury,0.95,curriculum_node_bridge,2,,,,,,,,,,,fewer_than_three_cards,0,,,
lisfranc-injury,SBQ12FA-85,foot-ankle,Lisfranc Injury,lisfranc-injury,292de1f8-7c53-4efc-b355-2736c5775cfb,Lisfranc Injury,0.95,curriculum_node_bridge,3,,,,,,,,,,,fewer_than_three_cards,0,,,
lisfranc-injury,SBQ16SM-67,foot-ankle,Lisfranc Injury,lisfranc-injury,292de1f8-7c53-4efc-b355-2736c5775cfb,Lisfranc Injury,0.95,curriculum_node_bridge,1,,,,,,,,,,,fewer_than_three_cards,0,,,
lisfranc-injury,SBQ16SM-67,foot-ankle,Lisfranc Injury,lisfranc-injury,292de1f8-7c53-4efc-b355-2736c5775cfb,Lisfranc Injury,0.95,curriculum_node_bridge,2,,,,,,,,,,,fewer_than_three_cards,0,,,
lisfranc-injury,SBQ16SM-67,foot-ankle,Lisfranc Injury,lisfranc-injury,292de1f8-7c53-4efc-b355-2736c5775cfb,Lisfranc Injury,0.95,curriculum_node_bridge,3,,,,,,,,,,,fewer_than_three_cards,0,,,
lisfranc-injury,SBQ20FA-18,foot-ankle,Lisfranc Injury,lisfranc-injury,292de1f8-7c53-4efc-b355-2736c5775cfb,Lisfranc Injury,0.95,curriculum_node_bridge,1,,,,,,,,,,,fewer_than_three_cards,0,,,
lisfranc-injury,SBQ20FA-18,foot-ankle,Lisfranc Injury,lisfranc-injury,292de1f8-7c53-4efc-b355-2736c5775cfb,Lisfranc Injury,0.95,curriculum_node_bridge,2,,,,,,,,,,,fewer_than_three_cards,0,,,
lisfranc-injury,SBQ20FA-18,foot-ankle,Lisfranc Injury,lisfranc-injury,292de1f8-7c53-4efc-b355-2736c5775cfb,Lisfranc Injury,0.95,curriculum_node_bridge,3,,,,,,,,,,,fewer_than_three_cards,0,,,
lisfranc-injury,SBQ25FA-72,foot-ankle,Lisfranc Injury,lisfranc-injury,292de1f8-7c53-4efc-b355-2736c5775cfb,Lisfranc Injury,0.95,curriculum_node_bridge,1,,,,,,,,,,,fewer_than_three_cards,0,,,
lisfranc-injury,SBQ25FA-72,foot-ankle,Lisfranc Injury,lisfranc-injury,292de1f8-7c53-4efc-b355-2736c5775cfb,Lisfranc Injury,0.95,curriculum_node_bridge,2,,,,,,,,,,,fewer_than_three_cards,0,,,
lisfranc-injury,SBQ25FA-72,foot-ankle,Lisfranc Injury,lisfranc-injury,292de1f8-7c53-4efc-b355-2736c5775cfb,Lisfranc Injury,0.95,curriculum_node_bridge,3,,,,,,,,,,,fewer_than_three_cards,0,,,
lisfranc-injury,OBQ11-185,foot-ankle,Lisfranc Injury,lisfranc-injury,292de1f8-7c53-4efc-b355-2736c5775cfb,Lisfranc Injury,0.95,curriculum_node_bridge,1,,,,,,,,,,,fewer_than_three_cards,0,,,
lisfranc-injury,OBQ11-185,foot-ankle,Lisfranc Injury,lisfranc-injury,292de1f8-7c53-4efc-b355-2736c5775cfb,Lisfranc Injury,0.95,curriculum_node_bridge,2,,,,,,,,,,,fewer_than_three_cards,0,,,
lisfranc-injury,OBQ11-185,foot-ankle,Lisfranc Injury,lisfranc-injury,292de1f8-7c53-4efc-b355-2736c5775cfb,Lisfranc Injury,0.95,curriculum_node_bridge,3,,,,,,,,,,,fewer_than_three_cards,0,,,
lisfranc-injury,OBQ08-139,foot-ankle,Lisfranc Injury,lisfranc-injury,292de1f8-7c53-4efc-b355-2736c5775cfb,Lisfranc Injury,0.95,curriculum_node_bridge,1,,,,,,,,,,,fewer_than_three_cards,0,,,
lisfranc-injury,OBQ08-139,foot-ankle,Lisfranc Injury,lisfranc-injury,292de1f8-7c53-4efc-b355-2736c5775cfb,Lisfranc Injury,0.95,curriculum_node_bridge,2,,,,,,,,,,,fewer_than_three_cards,0,,,
lisfranc-injury,OBQ08-139,foot-ankle,Lisfranc Injury,lisfranc-injury,292de1f8-7c53-4efc-b355-2736c5775cfb,Lisfranc Injury,0.95,curriculum_node_bridge,3,,,,,,,,,,,fewer_than_three_cards,0,,,
lisfranc-injury,OBQ23-42,foot-ankle,Lisfranc Injury,lisfranc-injury,292de1f8-7c53-4efc-b355-2736c5775cfb,Lisfranc Injury,0.95,curriculum_node_bridge,1,,,,,,,,,,,fewer_than_three_cards,0,,,
lisfranc-injury,OBQ23-42,foot-ankle,Lisfranc Injury,lisfranc-injury,292de1f8-7c53-4efc-b355-2736c5775cfb,Lisfranc Injury,0.95,curriculum_node_bridge,2,,,,,,,,,,,fewer_than_three_cards,0,,,
lisfranc-injury,OBQ23-42,foot-ankle,Lisfranc Injury,lisfranc-injury,292de1f8-7c53-4efc-b355-2736c5775cfb,Lisfranc Injury,0.95,curriculum_node_bridge,3,,,,,,,,,,,fewer_than_three_cards,0,,,
lisfranc-injury,SBQ22FA-47,foot-ankle,Lisfranc Injury,lisfranc-injury,292de1f8-7c53-4efc-b355-2736c5775cfb,Lisfranc Injury,0.95,curriculum_node_bridge,1,,,,,,,,,,,fewer_than_three_cards,0,,,
lisfranc-injury,SBQ22FA-47,foot-ankle,Lisfranc Injury,lisfranc-injury,292de1f8-7c53-4efc-b355-2736c5775cfb,Lisfranc Injury,0.95,curriculum_node_bridge,2,,,,,,,,,,,fewer_than_three_cards,0,,,
lisfranc-injury,SBQ22FA-47,foot-ankle,Lisfranc Injury,lisfranc-injury,292de1f8-7c53-4efc-b355-2736c5775cfb,Lisfranc Injury,0.95,curriculum_node_bridge,3,,,,,,,,,,,fewer_than_three_cards,0,,,
lisfranc-injury,SBQ25FA-40,foot-ankle,Lisfranc Injury,lisfranc-injury,292de1f8-7c53-4efc-b355-2736c5775cfb,Lisfranc Injury,0.95,curriculum_node_bridge,1,,,,,,,,,,,fewer_than_three_cards,0,,,
lisfranc-injury,SBQ25FA-40,foot-ankle,Lisfranc Injury,lisfranc-injury,292de1f8-7c53-4efc-b355-2736c5775cfb,Lisfranc Injury,0.95,curriculum_node_bridge,2,,,,,,,,,,,fewer_than_three_cards,0,,,
lisfranc-injury,SBQ25FA-40,foot-ankle,Lisfranc Injury,lisfranc-injury,292de1f8-7c53-4efc-b355-2736c5775cfb,Lisfranc Injury,0.95,curriculum_node_bridge,3,,,,,,,,,,,fewer_than_three_cards,0,,,
lisfranc-injury,OBQ14-48,foot-ankle,Lisfranc Injury,lisfranc-injury,292de1f8-7c53-4efc-b355-2736c5775cfb,Lisfranc Injury,0.95,curriculum_node_bridge,1,,,,,,,,,,,fewer_than_three_cards,0,,,
lisfranc-injury,OBQ14-48,foot-ankle,Lisfranc Injury,lisfranc-injury,292de1f8-7c53-4efc-b355-2736c5775cfb,Lisfranc Injury,0.95,curriculum_node_bridge,2,,,,,,,,,,,fewer_than_three_cards,0,,,
lisfranc-injury,OBQ14-48,foot-ankle,Lisfranc Injury,lisfranc-injury,292de1f8-7c53-4efc-b355-2736c5775cfb,Lisfranc Injury,0.95,curriculum_node_bridge,3,,,,,,,,,,,fewer_than_three_cards,0,,,
