issue_id,signal,canonical_card_id,canonical_card_version_id,note_guid,title,deck_path,current_tags,reviewer_decision,replacement_tags,reviewer_rationale
"deck_spine_missing_matching_specialty:1:433a5588-ca8e-420d-97b2-9ba30069fd42","deck_spine_missing_matching_specialty","433a5588-ca8e-420d-97b2-9ba30069fd42","c2c6545d-5974-4db9-92a5-d87223f9933b","O[3%l%i^s*","Levator Scapulae Origin: {{c1::C1-C4 transverse process}} Insertion: {{c2::Scapula}} Action: {{c3::Elevate scapula}} Ne…","Marty McFlyin's Ortho Deck::1) Netter's Concise Orthopaedic Anatomy::02 Spine::02.08 Muscles","SnapOrtho::Specialty::Shoulder_Elbow","","",""
"deck_spine_missing_matching_specialty:2:6cf8b249-a627-4f87-b904-bef96850f6cb","deck_spine_missing_matching_specialty","6cf8b249-a627-4f87-b904-bef96850f6cb","9a427d7a-0da3-4f63-a52d-79bbaf37261a","k~p=Ga6hdr","Name the nerve root based on the following primary motion, muscle innervation, and sensory area. {{c1::C4}} Motion: Sca…","Marty McFlyin's Ortho Deck::3) OrthoBullets::Spine::Spine Basic & Clinical Science::Evaluation::Neck & Upper Extremity Spine Exam","SnapOrtho::Anatomy::Shoulder_Girdle | SnapOrtho::Anatomy::Shoulder_Girdle::Osteology | SnapOrtho::Anatomy::Shoulder_Girdle::Osteology::Clavicle | SnapOrtho::Specialty::Shoulder_Elbow","","",""
"deck_spine_missing_matching_specialty:3:ca772122-2e15-46bd-a063-206a17bb5aba","deck_spine_missing_matching_specialty","ca772122-2e15-46bd-a063-206a17bb5aba","a377f004-9a8e-4d33-9d6e-485d9395360c","Rf!NvTF-Ap","What is a Hangman's fracture ? {{c1::Traumatic spondylolisthesis of the axis (C2) following fractures to the bilateral…","Marty McFlyin's Ortho Deck::2) Pocket Pimped::07 Spine::07.02 Trauma::Vertebral Fractures","SnapOrtho::Specialty::Trauma","","",""
"deck_spine_missing_matching_specialty:4:56af646c-e972-41e6-b882-2309f4328b1a","deck_spine_missing_matching_specialty","56af646c-e972-41e6-b882-2309f4328b1a","31698df0-639f-4811-991a-3c9bcb116cca","h[|ujLo$ka","How is a Hoffman's test performed? {{c1:: Stabilize the middle phalanx of the long finger Flick the distal phalanx into…","Marty McFlyin's Ortho Deck::2) Pocket Pimped::07 Spine::07.02 Trauma::Spinal Conditions","SnapOrtho::Anatomy::Hand | SnapOrtho::Anatomy::Hand::Osteology | SnapOrtho::Anatomy::Hand::Osteology::Distal_Phalanx | SnapOrtho::Anatomy::Hand::Osteology::Middle_Phalanx | SnapOrtho::Specialty::Hand_Upper_Extremity","","",""
"deck_spine_missing_matching_specialty:5:37dda677-4699-4075-a87a-b85ea3cd1e1e","deck_spine_missing_matching_specialty","37dda677-4699-4075-a87a-b85ea3cd1e1e","761ada91-1a39-40e5-a58a-b012361f1e2c","IDxOs^xXk^","Name the nerve root based on the following primary motion, muscle innervation, and sensory area. {{c1::C6}} Motion: Elb…","Marty McFlyin's Ortho Deck::3) OrthoBullets::Spine::Spine Basic & Clinical Science::Evaluation::Neck & Upper Extremity Spine Exam","SnapOrtho::Specialty::Hand_Upper_Extremity | SnapOrtho::Specialty::Shoulder_Elbow","","",""
"deck_spine_missing_matching_specialty:6:43ea5837-8161-4759-a663-abf9b30443b7","deck_spine_missing_matching_specialty","43ea5837-8161-4759-a663-abf9b30443b7","b34835d6-3596-4d6d-b02f-72c905f8579e","Aw8_+1$Uza","Trapezius Origin: {{c1::Spinous process}} Insertion: {{c2::Clavicle}}, {{c2::scapula}} Action: {{c3::Rotate scapula}} N…","Marty McFlyin's Ortho Deck::1) Netter's Concise Orthopaedic Anatomy::02 Spine::02.08 Muscles","SnapOrtho::Anatomy::Shoulder_Girdle | SnapOrtho::Anatomy::Shoulder_Girdle::Osteology | SnapOrtho::Anatomy::Shoulder_Girdle::Osteology::Clavicle | SnapOrtho::Specialty::Shoulder_Elbow","","",""
"deck_spine_missing_matching_specialty:7:8e50031c-f2f5-4368-850a-0829b7b84adc","deck_spine_missing_matching_specialty","8e50031c-f2f5-4368-850a-0829b7b84adc","6a412a78-5615-4c03-b598-edc1119be371","i:;$=mtn0+","To reduce the risk of adjacent segment disease, an anterior cervial plate must be placed >{{c1::5}} mm from the adjacen…","Marty McFlyin's Ortho Deck::3) OrthoBullets::Spine::Spine Degenerative::Cervical Conditions::Cervical Adjacent Segment Disease","SnapOrtho::Diagnosis::Adjacent_Segment_Disease","","",""
"deck_spine_missing_matching_specialty:8:bf697069-08e5-4cc1-8c47-c650356fe5df","deck_spine_missing_matching_specialty","bf697069-08e5-4cc1-8c47-c650356fe5df","ed8b45ea-9567-47b0-9925-336fc71b7ea8","ni*OVn),8Z","Arthrodesis of {{c1::C2-C3::which levels?}} has the lowest risk of developing ASD (adjacent segment disease).","Marty McFlyin's Ortho Deck::3) OrthoBullets::Spine::Spine Degenerative::Cervical Conditions::Cervical Adjacent Segment Disease","SnapOrtho::Diagnosis::Adjacent_Segment_Disease","","",""
"deck_spine_missing_matching_specialty:9:0faff1ed-73c8-498b-9dcf-e28d19e74a37","deck_spine_missing_matching_specialty","0faff1ed-73c8-498b-9dcf-e28d19e74a37","b5e7bd5b-45b2-491f-8cf1-d57473823df4","phr]WtyflE","An L5/S1 {{c1::far lateral::far lateral/paracentral}} disc hernation would result in a Trendelenburg gait .","Marty McFlyin's Ortho Deck::3) OrthoBullets::Spine::Spine Basic & Clinical Science::Evaluation::Lower Extremity Spine & Neuro Exam","SnapOrtho::Anatomy::Spine | SnapOrtho::Anatomy::Spine::Nerves | SnapOrtho::Anatomy::Spine::Nerves::Exiting_Nerve_Root | SnapOrtho::Anatomy::Thigh_Hip | SnapOrtho::Anatomy::Thigh_Hip::Muscles | SnapOrtho::Anatomy::Thigh_Hip::Muscles::Gluteus_Medius","","",""
"deck_spine_missing_matching_specialty:10:c7c031c7-0eab-4b63-aa14-041b52fe6fd4","deck_spine_missing_matching_specialty","c7c031c7-0eab-4b63-aa14-041b52fe6fd4","d9262456-4d56-4ac1-838e-169aaefdc6c0","k4:U5m:HCm","Spondylosis features a defect/fracture of the {{c1::pars interarticularis}} without slip. Lateral spine x-ray will show…","Marty McFlyin's Ortho Deck::1) Netter's Concise Orthopaedic Anatomy::02 Spine::02.11 Disorders","SnapOrtho::Specialty::Trauma","","",""
"deck_spine_missing_matching_specialty:11:e14e8098-3513-48ce-8175-e2b62c1b09bc","deck_spine_missing_matching_specialty","e14e8098-3513-48ce-8175-e2b62c1b09bc","108b2399-baa4-4fb0-bf64-88aa1cc9b6f8","O[3%l%i^s*","Levator Scapulae Origin: {{c1::C1-C4 transverse process}} Insertion: {{c2::Scapula}} Action: {{c3::Elevate scapula}} Ne…","Marty McFlyin's Ortho Deck::1) Netter's Concise Orthopaedic Anatomy::02 Spine::02.08 Muscles","SnapOrtho::Specialty::Shoulder_Elbow","","",""
"deck_spine_missing_matching_specialty:12:435986b4-cb27-4962-8f9f-1ed092ff411d","deck_spine_missing_matching_specialty","435986b4-cb27-4962-8f9f-1ed092ff411d","2688b485-af76-4303-b6b3-73712dd40a9d","Aw8_+1$Uza","Trapezius Origin: {{c1::Spinous process}} Insertion: {{c2::Clavicle}}, {{c2::scapula}} Action: {{c3::Rotate scapula}} N…","Marty McFlyin's Ortho Deck::1) Netter's Concise Orthopaedic Anatomy::02 Spine::02.08 Muscles","SnapOrtho::Anatomy::Shoulder_Girdle | SnapOrtho::Anatomy::Shoulder_Girdle::Osteology | SnapOrtho::Anatomy::Shoulder_Girdle::Osteology::Clavicle | SnapOrtho::Specialty::Shoulder_Elbow","","",""
"deck_spine_missing_matching_specialty:13:0b21f605-41d9-4a39-a66c-f1bcb3060cfa","deck_spine_missing_matching_specialty","0b21f605-41d9-4a39-a66c-f1bcb3060cfa","e2263bbc-f211-4f3b-b6c3-b69ed296f68c","j_JZ|[<.``","L{{c1::5::#}} radiculopathy: EHL weakness Ankle dorsiflexion weakness Ankle inversion weakness Hip abduction weakness","Marty McFlyin's Ortho Deck::3) OrthoBullets::Spine::Spine Degenerative::Thoracic & Lumbar Conditions::Lumbar Disc Herniation","SnapOrtho::Specialty::Foot_Ankle","","",""
"deck_spine_missing_matching_specialty:14:7d199790-fd23-48c8-a18c-0dbfa4474bc1","deck_spine_missing_matching_specialty","7d199790-fd23-48c8-a18c-0dbfa4474bc1","c8cf6ab7-716f-42ef-843c-6647951f0b41","Q?z`[q[t)Y","Treatment for pediatric spondylolisthesis : Asymptomatic + low-grade (Meyerdine grade I and II) = {{c1::observation and…","Marty McFlyin's Ortho Deck::3) OrthoBullets::Spine::Pediatric Spine::Spondylolysis & Adolescent Back Pain::Pediatric Spondylolysis & Spondylolisthesis","SnapOrtho::Specialty::Pediatric_Orthopedics","","",""
"deck_spine_missing_matching_specialty:15:f79517af-0954-45ef-a339-f28d4c39e944","deck_spine_missing_matching_specialty","f79517af-0954-45ef-a339-f28d4c39e944","2e2d6c90-1cc5-4161-a082-4b5834cd765f","htQ_0)})hZ","What type of collagen makes up the nucleus pulposus ? {{c1::Type 2}}","Marty McFlyin's Ortho Deck::2) Pocket Pimped::07 Spine::07.01 General Anatomy","SnapOrtho::Specialty::Basic_Science","","",""
"deck_spine_missing_matching_specialty:16:a36ca5da-2bb8-4490-beee-0d4d869a2ef0","deck_spine_missing_matching_specialty","a36ca5da-2bb8-4490-beee-0d4d869a2ef0","56ee798a-97b0-46a5-80dc-e449715bdedf","uKkt,CAZpR","Sensory L3 - {{c1::Anterior & medial thigh::Area}} L4 - {{c1::Medial leg & ankle::Area}} L5 - {{c1::Dorsal foot & 1st w…","Marty McFlyin's Ortho Deck::1) Netter's Concise Orthopaedic Anatomy::02 Spine::02.07 Physical Exam","SnapOrtho::Specialty::Foot_Ankle","","",""
"deck_spine_missing_matching_specialty:17:af29760d-37fa-4033-a95e-119173646bae","deck_spine_missing_matching_specialty","af29760d-37fa-4033-a95e-119173646bae","38812d36-2df1-4ec0-8b5d-4ae0b7122827","n!`;YhEsMp","L{{c1::4::#}} radiculopathy: Ankle dorsiflexion weakness Decreased patellar reflex","Marty McFlyin's Ortho Deck::3) OrthoBullets::Spine::Spine Degenerative::Thoracic & Lumbar Conditions::Lumbar Disc Herniation","SnapOrtho::Specialty::Foot_Ankle","","",""
"deck_spine_missing_matching_specialty:18:04f27a57-3dba-4ff5-a30f-db48a7fa1916","deck_spine_missing_matching_specialty","04f27a57-3dba-4ff5-a30f-db48a7fa1916","ad9fbc83-6f95-42bd-9249-9df9fc4f8a02","Aw8_+1$Uza","Trapezius Origin: {{c1::Spinous process}} Insertion: {{c2::Clavicle}}, {{c2::scapula}} Action: {{c3::Rotate scapula}} N…","Marty McFlyin's Ortho Deck::1) Netter's Concise Orthopaedic Anatomy::02 Spine::02.08 Muscles","SnapOrtho::Anatomy::Shoulder_Girdle | SnapOrtho::Anatomy::Shoulder_Girdle::Osteology | SnapOrtho::Anatomy::Shoulder_Girdle::Osteology::Clavicle | SnapOrtho::Specialty::Shoulder_Elbow","","",""
"deck_spine_missing_matching_specialty:19:dc6a9769-4021-4efb-9bd7-a8beb0d03968","deck_spine_missing_matching_specialty","dc6a9769-4021-4efb-9bd7-a8beb0d03968","18409c2f-7f5c-47ec-812f-f541d38f81e4","kA1wWAMTm!","In the spine, avulsion fractures most commonly occur at the {{c1::transverse}} processes.","Marty McFlyin's Ortho Deck::1) Netter's Concise Orthopaedic Anatomy::02 Spine::02.02 Osteology","SnapOrtho::Specialty::Trauma","","",""
"deck_spine_missing_matching_specialty:20:750c9241-9eef-4915-be35-d338821523a3","deck_spine_missing_matching_specialty","750c9241-9eef-4915-be35-d338821523a3","5f17eda2-4492-4ea3-8b55-d74f2d0e2266","u`w(PkL|a4","What are the landmarks for pedicle screw placement in the thoracic and lumbar spines ? Thoracic: {{c1::Upper 1/3 of the…","Marty McFlyin's Ortho Deck::2) Pocket Pimped::07 Spine::07.01 General Anatomy","SnapOrtho::Treatment::Pedicle_Screw","","",""
"deck_spine_missing_matching_specialty:21:c71b2154-b7bd-4477-95e2-f37b5aaa4700","deck_spine_missing_matching_specialty","c71b2154-b7bd-4477-95e2-f37b5aaa4700","799fbc4b-7558-4851-a04b-225fbf74f309","HA`w:NvNUQ","{{c1::Batson's vertebral plexus}} allows for tumor to metastasize from organs to axial structures including the vertebr…","Marty McFlyin's Ortho Deck::3) OrthoBullets::Pathology::Bone Tumors::Metastatic Disease::Metastatic Disease of the Spine","SnapOrtho::Anatomy::Pelvis | SnapOrtho::Anatomy::Pelvis::Osteology | SnapOrtho::Anatomy::Pelvis::Osteology::Pelvis | SnapOrtho::Specialty::Orthopedic_Oncology","","",""
"deck_spine_missing_matching_specialty:22:aaa6b7e9-b82f-4db4-bd33-4728c990ba47","deck_spine_missing_matching_specialty","aaa6b7e9-b82f-4db4-bd33-4728c990ba47","07702964-87bc-4590-98f6-49c9b133b7b6","pKq@!{Pd3b","What is a Chance fracture ? {{c1::Flexion-distraction injury where the anterior column fails under compression and the…","Marty McFlyin's Ortho Deck::2) Pocket Pimped::07 Spine::07.02 Trauma::Vertebral Fractures","SnapOrtho::Specialty::Trauma","","",""
"deck_spine_missing_matching_specialty:23:f91661a3-d610-4f3c-9fd4-d81f477cf228","deck_spine_missing_matching_specialty","f91661a3-d610-4f3c-9fd4-d81f477cf228","3bbea6dd-3db9-4648-9c77-bab152a6121d","Aw8_+1$Uza","Trapezius Origin: {{c1::Spinous process}} Insertion: {{c2::Clavicle}}, {{c2::scapula}} Action: {{c3::Rotate scapula}} N…","Marty McFlyin's Ortho Deck::1) Netter's Concise Orthopaedic Anatomy::02 Spine::02.08 Muscles","SnapOrtho::Anatomy::Shoulder_Girdle | SnapOrtho::Anatomy::Shoulder_Girdle::Osteology | SnapOrtho::Anatomy::Shoulder_Girdle::Osteology::Clavicle | SnapOrtho::Specialty::Shoulder_Elbow","","",""
"deck_spine_missing_matching_specialty:24:2a199af2-a158-4c5f-bfa0-1447447a0a4d","deck_spine_missing_matching_specialty","2a199af2-a158-4c5f-bfa0-1447447a0a4d","f9cea8af-fa7e-4dc5-860d-424c63e8424a","uAXaQyS&6=","The posterior transverse ligament may be compromised in what patient populations (2)? {{c1:: Rheumatoid Arthritis Down…","Marty McFlyin's Ortho Deck::2) Pocket Pimped::07 Spine::07.01 General Anatomy","SnapOrtho::Diagnosis::Rheumatoid_Arthritis | SnapOrtho::Specialty::Pediatric_Orthopedics","","",""
"deck_spine_missing_matching_specialty:25:bc53e614-9a16-4325-9aa9-49e1dc481aa8","deck_spine_missing_matching_specialty","bc53e614-9a16-4325-9aa9-49e1dc481aa8","08d22752-d0af-4212-81d9-d1725540196d","uKkt,CAZpR","Sensory L3 - {{c1::Anterior & medial thigh::Area}} L4 - {{c1::Medial leg & ankle::Area}} L5 - {{c1::Dorsal foot & 1st w…","Marty McFlyin's Ortho Deck::1) Netter's Concise Orthopaedic Anatomy::02 Spine::02.07 Physical Exam","SnapOrtho::Specialty::Foot_Ankle","","",""
"deck_spine_missing_matching_specialty:26:5232ad8e-19be-4607-9eff-0fc1bf2d3863","deck_spine_missing_matching_specialty","5232ad8e-19be-4607-9eff-0fc1bf2d3863","c75d125a-86af-41f6-8ec1-c66fa60ddb27","N-<F_pb&R4","Name the nerve root based on the following primary motion, muscle innervation, and sensory area. {{c1::C5}} Motion: Sho…","Marty McFlyin's Ortho Deck::3) OrthoBullets::Spine::Spine Basic & Clinical Science::Evaluation::Neck & Upper Extremity Spine Exam","SnapOrtho::Specialty::Shoulder_Elbow","","",""
"deck_spine_missing_matching_specialty:27:87f3c926-7cc6-4e57-b8df-09cba2d11985","deck_spine_missing_matching_specialty","87f3c926-7cc6-4e57-b8df-09cba2d11985","29deab4c-52d7-4e13-b69e-cd59586fee9a","k4:U5m:HCm","Spondylosis features a defect/fracture of the {{c1::pars interarticularis}} without slip. Lateral spine x-ray will show…","Marty McFlyin's Ortho Deck::1) Netter's Concise Orthopaedic Anatomy::02 Spine::02.11 Disorders","SnapOrtho::Specialty::Trauma","","",""
"deck_spine_missing_matching_specialty:28:439a370b-745f-41b7-ae83-86ebedca62a4","deck_spine_missing_matching_specialty","439a370b-745f-41b7-ae83-86ebedca62a4","f26a428c-0376-47c2-8120-9c20cdb60e3a","P|t)?uxGD6","{{c1::Electrical electromyography}} utilizes electricity to detect a breached pedicle screw.","Marty McFlyin's Ortho Deck::3) OrthoBullets::Spine::Spine Basic & Clinical Science::Intraoperative::Spinal Cord Monitoring","SnapOrtho::Treatment::Pedicle_Screw","","",""
"deck_spine_missing_matching_specialty:29:0c0aaabd-8dd5-4d9c-ad2b-826e0fd72893","deck_spine_missing_matching_specialty","0c0aaabd-8dd5-4d9c-ad2b-826e0fd72893","cbe86dd3-18f9-4055-9264-6892f598d768","F&^BE^ThzW","Name the nerve root based on the following primary motion, muscle innervation, and sensory area. {{c1::C8}} Motion: Fin…","Marty McFlyin's Ortho Deck::3) OrthoBullets::Spine::Spine Basic & Clinical Science::Evaluation::Neck & Upper Extremity Spine Exam","SnapOrtho::Specialty::Hand_Upper_Extremity","","",""
"deck_spine_missing_matching_specialty:30:7249f7db-ee55-46b8-92d9-f7f1f3f1c8ca","deck_spine_missing_matching_specialty","7249f7db-ee55-46b8-92d9-f7f1f3f1c8ca","9f8b6871-78ff-4032-8f60-fcf9e2af57f8","lm~-E]][Na","The {{c1::Tanner-Whitehouse III RUS}} method of skeletal maturity determination is the most accurate method, but is tim…","Marty McFlyin's Ortho Deck::3) OrthoBullets::Spine::Pediatric Spine::Pediatric Deformity::Adolescent Idiopathic Scoliosis","SnapOrtho::Anatomy::Pelvis | SnapOrtho::Anatomy::Pelvis::Osteology | SnapOrtho::Anatomy::Pelvis::Osteology::Pelvis","","",""
"deck_spine_missing_matching_specialty:31:8ccf63f6-f95d-4513-883d-5b21e53aaec6","deck_spine_missing_matching_specialty","8ccf63f6-f95d-4513-883d-5b21e53aaec6","037a4a1a-d718-4fb4-acc3-f2da05b3d658","O[3%l%i^s*","Levator Scapulae Origin: {{c1::C1-C4 transverse process}} Insertion: {{c2::Scapula}} Action: {{c3::Elevate scapula}} Ne…","Marty McFlyin's Ortho Deck::1) Netter's Concise Orthopaedic Anatomy::02 Spine::02.08 Muscles","SnapOrtho::Specialty::Shoulder_Elbow","","",""
"deck_spine_missing_matching_specialty:32:10384d13-ea2f-4f68-9e1b-244e2be7c470","deck_spine_missing_matching_specialty","10384d13-ea2f-4f68-9e1b-244e2be7c470","0c6cb284-514a-4acf-9708-1966584ec835","fGgHC~s:TW","Name the nerve root based on the following primary motion, muscle innervation, and sensory area. {{c1::L5}} Motion: Foo…","Marty McFlyin's Ortho Deck::3) OrthoBullets::Spine::Spine Basic & Clinical Science::Evaluation::Lower Extremity Spine & Neuro Exam","SnapOrtho::Specialty::Foot_Ankle","","",""
"deck_spine_missing_matching_specialty:33:aad643af-a1d6-4074-b4ca-6d606077321a","deck_spine_missing_matching_specialty","aad643af-a1d6-4074-b4ca-6d606077321a","dd7b2846-ef80-49e7-ab94-9c7175f03d32","tMaAuNy=;l","Name the nerve root based on the following primary motion, muscle innervation, and sensory area. {{c1::L4}} Motion: Ank…","Marty McFlyin's Ortho Deck::3) OrthoBullets::Spine::Spine Basic & Clinical Science::Evaluation::Lower Extremity Spine & Neuro Exam","SnapOrtho::Specialty::Foot_Ankle","","",""
"deck_spine_missing_matching_specialty:34:4f02ed6e-be82-4917-918b-1ea09abc7fc0","deck_spine_missing_matching_specialty","4f02ed6e-be82-4917-918b-1ea09abc7fc0","71691cee-6168-46b2-9134-eb0ce919e1af","zQU0^WgB[Z","As one ages, what happens to the following intervertebral disc variables? Water content: {{c1::Decrease}} Size: {{c1::D…","Marty McFlyin's Ortho Deck::3) OrthoBullets::Spine::Spine Basic & Clinical Science::Anatomy::Intervertebral Disc","SnapOrtho::Specialty::Basic_Science","","",""
"deck_spine_missing_matching_specialty:35:65c4f8a4-83d0-4620-9b13-4247e6839e9a","deck_spine_missing_matching_specialty","65c4f8a4-83d0-4620-9b13-4247e6839e9a","2e77f6a9-4dda-43e2-a986-eafeafe4b723","FGs85^c<;Y","What is the finger escape sign ? {{c1::When asked to hold the fingers extended and adducted, the small finger ""escapes""…","Marty McFlyin's Ortho Deck::2) Pocket Pimped::07 Spine::07.02 Trauma::Spinal Conditions","SnapOrtho::Specialty::Hand_Upper_Extremity","","",""
"deck_spine_missing_matching_specialty:36:598bad65-d98a-4059-bd05-26be9b2b4116","deck_spine_missing_matching_specialty","598bad65-d98a-4059-bd05-26be9b2b4116","b5473b33-7bbd-4df8-b08a-a76797ac56d8","x<OD*MfrNZ","For pediatric patients with myelodysplasia, intact {{c1::L4::which vertebral level}} allows for ambulation.","Marty McFlyin's Ortho Deck::1) Netter's Concise Orthopaedic Anatomy::02 Spine::02.11 Disorders","SnapOrtho::Specialty::Pediatric_Orthopedics","","",""
"deck_spine_missing_matching_specialty:37:59598497-3333-49a2-a351-6715995f9cae","deck_spine_missing_matching_specialty","59598497-3333-49a2-a351-6715995f9cae","ba25da86-9da1-417e-92d2-8257f42a5892","O[3%l%i^s*","Levator Scapulae Origin: {{c1::C1-C4 transverse process}} Insertion: {{c2::Scapula}} Action: {{c3::Elevate scapula}} Ne…","Marty McFlyin's Ortho Deck::1) Netter's Concise Orthopaedic Anatomy::02 Spine::02.08 Muscles","SnapOrtho::Specialty::Shoulder_Elbow","","",""
"deck_spine_missing_matching_specialty:38:35bbd6ad-da24-4131-9808-da49331b74d0","deck_spine_missing_matching_specialty","35bbd6ad-da24-4131-9808-da49331b74d0","89851a3e-57b6-4307-973a-a10c0adffe5b","Q~NvDQ_pDX","In patients with a lumbar disc herniation , what is the prognosis for those who undergo nonoperative therapy ? {{c1::90…","Marty McFlyin's Ortho Deck::3) OrthoBullets::Spine::Spine Degenerative::Thoracic & Lumbar Conditions::Lumbar Disc Herniation","SnapOrtho::Diagnosis::Lumbar_Disc_Herniation","","",""
"deck_spine_missing_matching_specialty:39:48a254ad-d50e-4404-a0b6-22f538e47684","deck_spine_missing_matching_specialty","48a254ad-d50e-4404-a0b6-22f538e47684","2b8823fa-81a0-4ce7-a54c-9240f7b484c5","sCJysLl(Bw","What type of collagen makes up the annulus fibrosis ? {{c1::Type 1}}","Marty McFlyin's Ortho Deck::2) Pocket Pimped::07 Spine::07.01 General Anatomy","SnapOrtho::Specialty::Basic_Science","","",""
"deck_hand_missing_matching_specialty:40:d722ef3e-7786-494b-89d6-d0629ae25e87","deck_hand_missing_matching_specialty","d722ef3e-7786-494b-89d6-d0629ae25e87","8d0e6a6c-df5c-4106-9bf7-dcd9a5f5f7aa","xJn(,2O>cZ","This is an example of a {{c1::simple::complex/simple}} {{c1::volar::dorsal/volar}} {{c1::PIPJ::which joint?}} dislocati…","Marty McFlyin's Ortho Deck::3) OrthoBullets::Hand::Hand Trauma::Finger Trauma::Phalanx Dislocation","SnapOrtho::Anatomy::Hand | SnapOrtho::Anatomy::Hand::Osteology | SnapOrtho::Anatomy::Hand::Osteology::Middle_Phalanx | SnapOrtho::Anatomy::Hand::Osteology::Proximal_Phalanx | SnapOrtho::Specialty::Trauma","","",""
"deck_hand_missing_matching_specialty:41:68729e99-e022-4be8-ad0d-c57de65148b7","deck_hand_missing_matching_specialty","68729e99-e022-4be8-ad0d-c57de65148b7","ed700989-615b-4c24-9bf6-c615ed7013f6","wc31o4O+*x","What is a swan neck deformity ? {{c1:: PIPJ hyperextension DIPJ flexion }}","Marty McFlyin's Ortho Deck::2) Pocket Pimped::06 Hand::06.02 Hand Conditions::Phalanx","SnapOrtho::Anatomy::Hand | SnapOrtho::Anatomy::Hand::Ligaments | SnapOrtho::Anatomy::Hand::Ligaments::Volar_Plate","","",""
"deck_hand_missing_matching_specialty:42:e87f623e-eb98-402e-add6-e1809b6cc53c","deck_hand_missing_matching_specialty","e87f623e-eb98-402e-add6-e1809b6cc53c","e03d7d85-7035-46b8-ac00-5d8607e4280d","VD4HGYfWa","Hyperextension of the MCPJ may lead to avulsion of what structure ? {{c1::Volar plate}}","Marty McFlyin's Ortho Deck::2) Pocket Pimped::06 Hand::06.02 Hand Conditions::Metacarpal","SnapOrtho::Anatomy::Hand | SnapOrtho::Anatomy::Hand::Ligaments | SnapOrtho::Anatomy::Hand::Ligaments::Volar_Plate","","",""
"deck_hand_missing_matching_specialty:43:c034bbe1-edae-4502-825e-206a5d110798","deck_hand_missing_matching_specialty","c034bbe1-edae-4502-825e-206a5d110798","edc94420-a6ae-4cc9-86ae-07ef8d8ff7bd","x>M(LwAr)w","Which structure may prevent the reduction of an interphalangeal joint dislocation ? {{c1::Volar plate}}","Marty McFlyin's Ortho Deck::2) Pocket Pimped::06 Hand::06.01 General Anatomy","SnapOrtho::Anatomy::Hand | SnapOrtho::Anatomy::Hand::Ligaments | SnapOrtho::Anatomy::Hand::Ligaments::Volar_Plate | SnapOrtho::Specialty::Trauma","","",""
"deck_hand_missing_matching_specialty:44:60d24195-f821-473f-8ad6-3c091589d7c5","deck_hand_missing_matching_specialty","60d24195-f821-473f-8ad6-3c091589d7c5","4c76c802-5673-4c2f-8f62-fdf3cc41f851","H,j=g+]N)V","What forces create an apex volar deformity following a proximal phalanx fracture ? Proximal fragment: {{c1::Interossei…","Marty McFlyin's Ortho Deck::2) Pocket Pimped::06 Hand::06.02 Hand Conditions::Phalanx","SnapOrtho::Anatomy::Hand | SnapOrtho::Anatomy::Hand::Osteology | SnapOrtho::Anatomy::Hand::Osteology::Proximal_Phalanx | SnapOrtho::Diagnosis::Proximal_Phalanx_Fracture | SnapOrtho::Specialty::Trauma","","",""
"deck_hand_missing_matching_specialty:45:d3320829-ba17-4308-8df5-bd8f420c14ca","deck_hand_missing_matching_specialty","d3320829-ba17-4308-8df5-bd8f420c14ca","96914459-bdcd-40fa-b733-ff622cb4ea84","xg@I?h2E^~","Why is traction avoided during the reduction of an MCPJ dislocation ? {{c1::May lead to interposition of the volar plat…","Marty McFlyin's Ortho Deck::2) Pocket Pimped::06 Hand::06.02 Hand Conditions::Metacarpal","SnapOrtho::Anatomy::Hand | SnapOrtho::Anatomy::Hand::Ligaments | SnapOrtho::Anatomy::Hand::Ligaments::Volar_Plate | SnapOrtho::Specialty::Trauma","","",""
"deck_hand_missing_matching_specialty:46:44f7f55c-41de-4f32-b091-b7f6f4278a2d","deck_hand_missing_matching_specialty","44f7f55c-41de-4f32-b091-b7f6f4278a2d","03c56c01-5032-41de-abb1-6806a90b39a7","qms6+dqH2U","Abductor Digiti Minimi Origin: {{c1::Pisiform}} Insertion: {{c2::Ulnar base of proximal phalanx}} Nerve: {{c3::Ulnar}}…","Marty McFlyin's Ortho Deck::1) Netter's Concise Orthopaedic Anatomy::06 Hand::06.12 Muscles","SnapOrtho::Anatomy::Hand | SnapOrtho::Anatomy::Hand::Osteology | SnapOrtho::Anatomy::Hand::Osteology::Pisiform | SnapOrtho::Anatomy::Hand::Osteology::Proximal_Phalanx","","",""
"deck_hand_missing_matching_specialty:47:1c316f71-3980-48f1-aa8a-f50decdb571c","deck_hand_missing_matching_specialty","1c316f71-3980-48f1-aa8a-f50decdb571c","b7656d31-57a1-41c6-8768-716cc7c68d80","HB`B{XQ},<","What area of the volar palm is susceptible to lunate dislocation ? {{c1::Space of Poirier}}","Marty McFlyin's Ortho Deck::2) Pocket Pimped::06 Hand::06.01 General Anatomy","SnapOrtho::Anatomy::Hand | SnapOrtho::Anatomy::Hand::Osteology | SnapOrtho::Anatomy::Hand::Osteology::Capitate | SnapOrtho::Anatomy::Hand::Osteology::Lunate | SnapOrtho::Diagnosis::Lunate_Dislocation | SnapOrtho::Diagnosis::Perilunate_Dislocation | SnapOrtho::Specialty::Trauma","","",""
"deck_hand_missing_matching_specialty:48:72238ca6-7e8e-48bc-a61c-e398f680bf15","deck_hand_missing_matching_specialty","72238ca6-7e8e-48bc-a61c-e398f680bf15","941051ba-38e1-40f1-b918-54a95563b080","q^Vma%Hb|G","Which structure may be injured if the transverse carpal ligament is incised too radially ? {{c1::Recurrent motor branch…","Marty McFlyin's Ortho Deck::2) Pocket Pimped::06 Hand::06.02 Hand Conditions::Carpal Tunnel Syndrome","SnapOrtho::Anatomy::Hand | SnapOrtho::Anatomy::Hand::Nerves | SnapOrtho::Anatomy::Hand::Nerves::Median_Nerve | SnapOrtho::Anatomy::Hand::Nerves::Recurrent_Motor_Branch_Of_The_Median_Nerve","","",""
"deck_hand_missing_matching_specialty:49:f315e9ff-35d2-41c6-b052-90116fedc64f","deck_hand_missing_matching_specialty","f315e9ff-35d2-41c6-b052-90116fedc64f","1c668f1e-f223-4c7d-83a3-efecd6822e2a","P<o>v6)J`}","Pathophysiology of compartment syndrome : Local trauma and soft tissue destruct > bleeding and edema > {{c1::interstiti…","Marty McFlyin's Ortho Deck::3) OrthoBullets::Trauma::General Trauma::Compartment Syndrome::Hand & Forearm Compartment Syndrome","SnapOrtho::Diagnosis::Compartment_Syndrome | SnapOrtho::Specialty::Trauma","","",""
"deck_hand_missing_matching_specialty:50:27ba5277-25b5-4d70-b620-78a41da64be2","deck_hand_missing_matching_specialty","27ba5277-25b5-4d70-b620-78a41da64be2","ffaa1bd0-408c-458e-ae05-499ca9eb7edb","qO*5Ojszs3","What is the typical deformity of a proximal phalanx fracture ? {{c1::Apex volar}}","Marty McFlyin's Ortho Deck::2) Pocket Pimped::06 Hand::06.02 Hand Conditions::Phalanx","SnapOrtho::Anatomy::Hand | SnapOrtho::Anatomy::Hand::Osteology | SnapOrtho::Anatomy::Hand::Osteology::Proximal_Phalanx | SnapOrtho::Diagnosis::Proximal_Phalanx_Fracture | SnapOrtho::Specialty::Trauma","","",""
"deck_hand_missing_matching_specialty:51:97373807-e65b-4967-bf05-168afac2431f","deck_hand_missing_matching_specialty","97373807-e65b-4967-bf05-168afac2431f","7a0f3a83-6056-4ab2-8134-070432789a77","wUuL!g2}<G","What is the eponym for an extrarticular distal phalanx fracture ? {{c1::Tuft fracture}}","Marty McFlyin's Ortho Deck::2) Pocket Pimped::06 Hand::06.02 Hand Conditions::Phalanx","SnapOrtho::Anatomy::Hand | SnapOrtho::Anatomy::Hand::Osteology | SnapOrtho::Anatomy::Hand::Osteology::Distal_Phalanx | SnapOrtho::Specialty::Trauma","","",""
"deck_hand_missing_matching_specialty:52:56c62a8e-8424-494f-9db0-a3f3dde59921","deck_hand_missing_matching_specialty","56c62a8e-8424-494f-9db0-a3f3dde59921","3fa86277-7907-43b5-ad25-07aace3f8766","FJN0SL4b_s","This is an example of a {{c1::simple::complex/simple}} {{c1::dorsal::dorsal/volar}} {{c1::PIPJ::which joint?}} dislocat…","Marty McFlyin's Ortho Deck::3) OrthoBullets::Hand::Hand Trauma::Finger Trauma::Phalanx Dislocation","SnapOrtho::Anatomy::Hand | SnapOrtho::Anatomy::Hand::Osteology | SnapOrtho::Anatomy::Hand::Osteology::Middle_Phalanx | SnapOrtho::Anatomy::Hand::Osteology::Proximal_Phalanx | SnapOrtho::Specialty::Trauma","","",""
"deck_hand_missing_matching_specialty:53:8e378efd-b394-4ee4-bccf-78d6125f0529","deck_hand_missing_matching_specialty","8e378efd-b394-4ee4-bccf-78d6125f0529","f703b6ee-7193-4692-8f29-f695decd24a8","M~As#6VlDD","Why is the intrinsic plus position recommended for metacarpal fractures ? {{c1::Keeps tension on the collateral ligamen…","Marty McFlyin's Ortho Deck::2) Pocket Pimped::06 Hand::06.02 Hand Conditions::Metacarpal","SnapOrtho::Anatomy::Hand | SnapOrtho::Anatomy::Hand::Ligaments | SnapOrtho::Anatomy::Hand::Ligaments::Collateral_Ligaments | SnapOrtho::Specialty::Trauma","","",""
"deck_hand_missing_matching_specialty:54:dd275910-7a76-460e-9157-de50151a5529","deck_hand_missing_matching_specialty","dd275910-7a76-460e-9157-de50151a5529","b550eb6c-920e-434c-aa41-e5df962e0b0b","jI=]$>fPoE","The {{c1::FDS}} predominantly controls flexion of the PIP joint, while the {{c1::FDP}} predominantly controls flexion o…","Marty McFlyin's Ortho Deck::3) OrthoBullets::Hand::Hand Introduction::Anatomy::Motion of the Fingers","SnapOrtho::Anatomy::Hand | SnapOrtho::Anatomy::Hand::Joints | SnapOrtho::Anatomy::Hand::Joints::DIP_Joint | SnapOrtho::Anatomy::Hand::Joints::PIP_Joint","","",""
"deck_hand_missing_matching_specialty:55:f726b6a1-60de-4e6a-aca1-d4e92ae606a9","deck_hand_missing_matching_specialty","f726b6a1-60de-4e6a-aca1-d4e92ae606a9","a1ecdbe4-265e-436c-b0d1-f4731f457b6c","IvwXKLu[s%","How long after injury is a Seymor fracture considered chronic ? {{c1::>24 hours}}","Marty McFlyin's Ortho Deck::2) Pocket Pimped::14 Pediatrics::14.03 Upper Extremity::Hand","SnapOrtho::Specialty::Trauma","","",""
"deck_hand_missing_matching_specialty:56:33774a6d-c1b9-45b6-8fa6-5732a7924eff","deck_hand_missing_matching_specialty","33774a6d-c1b9-45b6-8fa6-5732a7924eff","d261d724-6ab1-44b2-9350-024ee36c98ef","jzjDNSige|","In what percentage of patients is the recurrent motor branch of the median nerve transligamentous ? {{c1::20%}}","Marty McFlyin's Ortho Deck::2) Pocket Pimped::06 Hand::06.01 General Anatomy","SnapOrtho::Anatomy::Hand | SnapOrtho::Anatomy::Hand::Nerves | SnapOrtho::Anatomy::Hand::Nerves::Median_Nerve | SnapOrtho::Anatomy::Hand::Nerves::Recurrent_Motor_Branch_Of_The_Median_Nerve","","",""
"deck_hand_missing_matching_specialty:57:4d8c7432-7f7e-43e1-9338-4c993263e1b5","deck_hand_missing_matching_specialty","4d8c7432-7f7e-43e1-9338-4c993263e1b5","ebf1686a-f8fb-4f24-9fcd-67c1a3b61cff","k1kZQdbXES","How are the phalanges numbered ? {{c1:: Proximal phalanx - P1 Middle phalanx - P2 Distal phalanx - P3 }}","Marty McFlyin's Ortho Deck::2) Pocket Pimped::06 Hand::06.02 Hand Conditions::Phalanx","SnapOrtho::Anatomy::Hand | SnapOrtho::Anatomy::Hand::Osteology | SnapOrtho::Anatomy::Hand::Osteology::Distal_Phalanx | SnapOrtho::Anatomy::Hand::Osteology::Middle_Phalanx | SnapOrtho::Anatomy::Hand::Osteology::Proximal_Phalanx","","",""
"deck_hand_missing_matching_specialty:58:bc5ca81b-8b97-4e3c-a611-8628fd84f77d","deck_hand_missing_matching_specialty","bc5ca81b-8b97-4e3c-a611-8628fd84f77d","bef32fb4-10dc-4284-9655-42d065826b0a","qYxXS0&2=u","What is the eponym for a fifth metacarpal neck fracture ? {{c1::Boxer's fracture}}","Marty McFlyin's Ortho Deck::2) Pocket Pimped::06 Hand::06.02 Hand Conditions::Metacarpal","SnapOrtho::Anatomy::Hand | SnapOrtho::Anatomy::Hand::Osteology | SnapOrtho::Anatomy::Hand::Osteology::Fifth_Metacarpal | SnapOrtho::Specialty::Trauma","","",""
"deck_hand_missing_matching_specialty:59:92c705cf-aea7-48f4-9a3d-58f946a6cf67","deck_hand_missing_matching_specialty","92c705cf-aea7-48f4-9a3d-58f946a6cf67","78638a2f-742f-441b-85ed-313a6dee0c9c","r%u!YWW+|-","What complications commonly occur following Seymour fractures ? 1) {{c1::Infection}} 2) {{c1::Nail plate deformity}} 3)…","Marty McFlyin's Ortho Deck::2) Pocket Pimped::14 Pediatrics::14.03 Upper Extremity::Hand","SnapOrtho::Specialty::Pediatric_Orthopedics | SnapOrtho::Specialty::Trauma","","",""
"deck_hand_missing_matching_specialty:60:4f380817-cc1d-47c8-96ff-e3ed449e3040","deck_hand_missing_matching_specialty","4f380817-cc1d-47c8-96ff-e3ed449e3040","0c272ca7-a339-459e-9645-1e0159846675","qms6+dqH2U","Abductor Digiti Minimi Origin: {{c1::Pisiform}} Insertion: {{c2::Ulnar base of proximal phalanx}} Nerve: {{c3::Ulnar}}…","Marty McFlyin's Ortho Deck::1) Netter's Concise Orthopaedic Anatomy::06 Hand::06.12 Muscles","SnapOrtho::Anatomy::Hand | SnapOrtho::Anatomy::Hand::Osteology | SnapOrtho::Anatomy::Hand::Osteology::Pisiform | SnapOrtho::Anatomy::Hand::Osteology::Proximal_Phalanx","","",""
"deck_hand_missing_matching_specialty:61:04255919-db9b-429f-8adc-3bf4a58702a4","deck_hand_missing_matching_specialty","04255919-db9b-429f-8adc-3bf4a58702a4","c419585c-ce87-4f68-a8f1-071c01213518","i7r0w#C<#A","The {{c1::central slip::central slip/lateral band}} inserts into the base of the middle phalanx , while the {{c1::later…","Marty McFlyin's Ortho Deck::3) OrthoBullets::Hand::Hand Introduction::Anatomy::Ligaments of the Fingers","SnapOrtho::Anatomy::Hand | SnapOrtho::Anatomy::Hand::Osteology | SnapOrtho::Anatomy::Hand::Osteology::Distal_Phalanx | SnapOrtho::Anatomy::Hand::Osteology::Middle_Phalanx","","",""
"deck_hand_missing_matching_specialty:62:8f24e724-b84d-4591-b930-0ec98a752769","deck_hand_missing_matching_specialty","8f24e724-b84d-4591-b930-0ec98a752769","fb0e7643-ae85-49e6-9941-564126bac197","qms6+dqH2U","Abductor Digiti Minimi Origin: {{c1::Pisiform}} Insertion: {{c2::Ulnar base of proximal phalanx}} Nerve: {{c3::Ulnar}}…","Marty McFlyin's Ortho Deck::1) Netter's Concise Orthopaedic Anatomy::06 Hand::06.12 Muscles","SnapOrtho::Anatomy::Hand | SnapOrtho::Anatomy::Hand::Osteology | SnapOrtho::Anatomy::Hand::Osteology::Pisiform | SnapOrtho::Anatomy::Hand::Osteology::Proximal_Phalanx","","",""
"deck_hand_missing_matching_specialty:63:111de27a-43c5-4b3f-a5ba-51dbcab90394","deck_hand_missing_matching_specialty","111de27a-43c5-4b3f-a5ba-51dbcab90394","893b7a0b-8ee5-4c54-b0f7-085a1b0e7e5c","qms6+dqH2U","Abductor Digiti Minimi Origin: {{c1::Pisiform}} Insertion: {{c2::Ulnar base of proximal phalanx}} Nerve: {{c3::Ulnar}}…","Marty McFlyin's Ortho Deck::1) Netter's Concise Orthopaedic Anatomy::06 Hand::06.12 Muscles","SnapOrtho::Anatomy::Hand | SnapOrtho::Anatomy::Hand::Osteology | SnapOrtho::Anatomy::Hand::Osteology::Pisiform | SnapOrtho::Anatomy::Hand::Osteology::Proximal_Phalanx","","",""
"deck_hand_missing_matching_specialty:64:b07df973-4e0a-41b1-8629-e9dc0680400a","deck_hand_missing_matching_specialty","b07df973-4e0a-41b1-8629-e9dc0680400a","0041a6a7-fd98-43ff-badf-f0daec63bf20","IQ[!-mpL|1","The presentation below is due to damage to the {{c1::anterior interosseous}} nerve.","Marty McFlyin's Ortho Deck::1) Netter's Concise Orthopaedic Anatomy::06 Hand::06.10 Physical Exam","SnapOrtho::Anatomy::Forearm | SnapOrtho::Anatomy::Forearm::Nerves | SnapOrtho::Anatomy::Forearm::Nerves::Anterior_Interosseous_Nerve","","",""
"deck_hand_missing_matching_specialty:65:b6341c4c-9df4-490b-a742-ed0e011a60fd","deck_hand_missing_matching_specialty","b6341c4c-9df4-490b-a742-ed0e011a60fd","1debb716-13ad-4e7d-b5f3-96e0529ba64a","oF{G,.N/dD","In the setting of VISI deformity, volar flexion of the lunate leads to SL angle <{{c1::30}}°.","Marty McFlyin's Ortho Deck::3) OrthoBullets::Hand::Degenerative Conditions::Wrist Instability & Arthritis::Lunotriquetral Ligament Injury & VISI","SnapOrtho::Anatomy::Hand | SnapOrtho::Anatomy::Hand::Osteology | SnapOrtho::Anatomy::Hand::Osteology::Lunate","","",""
"deck_hand_missing_matching_specialty:66:45db7832-34a5-451e-b462-02b98037f634","deck_hand_missing_matching_specialty","45db7832-34a5-451e-b462-02b98037f634","e5858692-ff24-4d1f-aa8e-2fb82a78e561","i8t`?BD~/{","What is the classification for perilunate injuries ? {{c1::Mayfield Classification}}","Marty McFlyin's Ortho Deck::2) Pocket Pimped::06 Hand::06.02 Hand Conditions::Lunate","SnapOrtho::Diagnosis::Lunate_Dislocation","","",""
"deck_hand_missing_matching_specialty:67:6a292051-2990-466f-89d8-d1b93c7b37b4","deck_hand_missing_matching_specialty","6a292051-2990-466f-89d8-d1b93c7b37b4","e3f7258b-6671-444d-9e93-41510e3740eb","k^wb[_c)}U","Closed reduction and splinting of a PIP fracture-dislocation is indicated if <{{c1::40}}% of the joint is involved and…","Marty McFlyin's Ortho Deck::3) OrthoBullets::Hand::Hand Trauma::Finger Trauma::Phalanx Dislocation","SnapOrtho::Specialty::Trauma | SnapOrtho::Treatment::Closed_Reduction","","",""
"deck_hand_missing_matching_specialty:68:35beb08c-7715-4f57-9cde-037a8a9914e0","deck_hand_missing_matching_specialty","35beb08c-7715-4f57-9cde-037a8a9914e0","d71af410-1e48-4e0c-8d74-0637572d745e","t%mM-`~I&9","What is the difference between lunate and perilunate dislocations ? Lunate dislocation: {{c1::The lunate is dislocated…","Marty McFlyin's Ortho Deck::2) Pocket Pimped::06 Hand::06.02 Hand Conditions::Lunate","SnapOrtho::Anatomy::Hand | SnapOrtho::Anatomy::Hand::Osteology | SnapOrtho::Anatomy::Hand::Osteology::Lunate | SnapOrtho::Diagnosis::Lunate_Dislocation | SnapOrtho::Diagnosis::Perilunate_Dislocation | SnapOrtho::Specialty::Trauma","","",""
"deck_hand_missing_matching_specialty:69:99fc7d7e-dab9-4d01-9266-0c5caa608f8b","deck_hand_missing_matching_specialty","99fc7d7e-dab9-4d01-9266-0c5caa608f8b","0a843115-3d37-48e0-adb8-603583092802","lfU00Iv=@T","What are the zones of the ulnar nerve as it traverses Guyon's canal ? Zone I: {{c1::Proximal to bifurcation (motor and…","Marty McFlyin's Ortho Deck::2) Pocket Pimped::06 Hand::06.01 General Anatomy","SnapOrtho::Anatomy::Elbow | SnapOrtho::Anatomy::Elbow::Nerves | SnapOrtho::Anatomy::Elbow::Nerves::Ulnar_Nerve | SnapOrtho::Specialty::Shoulder_Elbow","","",""
"deck_hand_missing_matching_specialty:70:7275e495-1147-4d83-8880-d48e9abe1bba","deck_hand_missing_matching_specialty","7275e495-1147-4d83-8880-d48e9abe1bba","1fad4035-b861-4e9a-8aeb-e7b68f7f981c","k0:-@H@=Lt","What deformity results from chronic lunotriquetral ligament injury ? {{c1::VISI - Volar Intercalated Segment Instabilit…","Marty McFlyin's Ortho Deck::2) Pocket Pimped::06 Hand::06.02 Hand Conditions::Lunate","SnapOrtho::Anatomy::Hand | SnapOrtho::Anatomy::Hand::Ligaments | SnapOrtho::Anatomy::Hand::Ligaments::Lunotriquetral_Ligament","","",""
"deck_hand_missing_matching_specialty:71:8b130c77-cb71-4bdf-9618-379299cb5494","deck_hand_missing_matching_specialty","8b130c77-cb71-4bdf-9618-379299cb5494","ab7b3ad4-62ed-4c23-8848-d6a5528ad1aa","wwHmikD?cO","Which nerve is evaluated with adduction and abduction of the fingers ? {{c1::Ulnar nerve}}","Marty McFlyin's Ortho Deck::2) Pocket Pimped::06 Hand::06.01 General Anatomy","SnapOrtho::Anatomy::Elbow | SnapOrtho::Anatomy::Elbow::Nerves | SnapOrtho::Anatomy::Elbow::Nerves::Ulnar_Nerve | SnapOrtho::Specialty::Shoulder_Elbow","","",""
"deck_hand_missing_matching_specialty:72:eccb3cf0-61bf-430f-8a32-7ff2ed9ea4b3","deck_hand_missing_matching_specialty","eccb3cf0-61bf-430f-8a32-7ff2ed9ea4b3","48ea0061-6d93-49cb-b9b2-6bc4eaacb93f","LY=Vj?JerX","Following scapholunate ligament disruption , which part of the ligamentous complex must be repaired ? {{c1::Dorsal inte…","Marty McFlyin's Ortho Deck::2) Pocket Pimped::06 Hand::06.02 Hand Conditions::Scaphoid","SnapOrtho::Anatomy::Hand | SnapOrtho::Anatomy::Hand::Ligaments | SnapOrtho::Anatomy::Hand::Ligaments::Scapholunate_Ligament","","",""
"deck_hand_missing_matching_specialty:73:c53977b1-1f33-46e0-ad6b-454fb35fd47d","deck_hand_missing_matching_specialty","c53977b1-1f33-46e0-ad6b-454fb35fd47d","e22f3553-7407-40f8-974c-6c9098a4229d","ve^hoAD.:H","Where do the FDP tendons insert ? {{c1::Distal phalanx}}","Marty McFlyin's Ortho Deck::2) Pocket Pimped::06 Hand::06.01 General Anatomy","SnapOrtho::Anatomy::Hand | SnapOrtho::Anatomy::Hand::Osteology | SnapOrtho::Anatomy::Hand::Osteology::Distal_Phalanx","","",""
"deck_hand_missing_matching_specialty:74:52b60938-0e58-4bb3-bfc0-fbe5077131e9","deck_hand_missing_matching_specialty","52b60938-0e58-4bb3-bfc0-fbe5077131e9","c1d8047b-2d81-4ebb-9a4f-25608de24124","tPQ+&#/omG","Which nerve is evaluated with the ""OK"" sign ? {{c1::Anterior interosseous nerve}}","Marty McFlyin's Ortho Deck::2) Pocket Pimped::06 Hand::06.01 General Anatomy","SnapOrtho::Anatomy::Forearm | SnapOrtho::Anatomy::Forearm::Nerves | SnapOrtho::Anatomy::Forearm::Nerves::Anterior_Interosseous_Nerve","","",""
"deck_hand_missing_matching_specialty:75:e1c9557e-f315-4b19-9977-3a038574ed02","deck_hand_missing_matching_specialty","e1c9557e-f315-4b19-9977-3a038574ed02","a483fa5d-abe2-4720-ae90-31b33641dc5a","f$;uovjkFQ","What should also be evaluated with distal phalanx fractures ? {{c1::Nailbed injuries}}","Marty McFlyin's Ortho Deck::2) Pocket Pimped::06 Hand::06.02 Hand Conditions::Phalanx","SnapOrtho::Anatomy::Hand | SnapOrtho::Anatomy::Hand::Osteology | SnapOrtho::Anatomy::Hand::Osteology::Distal_Phalanx","","",""
"deck_hand_missing_matching_specialty:76:10cc6f1d-c301-497c-a70a-a412c4083f36","deck_hand_missing_matching_specialty","10cc6f1d-c301-497c-a70a-a412c4083f36","b328a6cc-4c77-466b-96f4-b33819e5da5b","oI(MU+6.Y&","Where do the FDS tendons insert ? {{c1::Middle phalanx}}","Marty McFlyin's Ortho Deck::2) Pocket Pimped::06 Hand::06.01 General Anatomy","SnapOrtho::Anatomy::Hand | SnapOrtho::Anatomy::Hand::Osteology | SnapOrtho::Anatomy::Hand::Osteology::Middle_Phalanx","","",""
"deck_hand_missing_matching_specialty:77:5c912215-69ef-48ac-b476-4c0025b6861e","deck_hand_missing_matching_specialty","5c912215-69ef-48ac-b476-4c0025b6861e","3d3d840c-029c-4d17-9104-8226ef2163cd","gdujk{rt,=","What is the location of the Camper's chiasm ? {{c1::At the level of the proximal phalanx}}","Marty McFlyin's Ortho Deck::2) Pocket Pimped::06 Hand::06.01 General Anatomy","SnapOrtho::Anatomy::Hand | SnapOrtho::Anatomy::Hand::Osteology | SnapOrtho::Anatomy::Hand::Osteology::Proximal_Phalanx","","",""
"deck_hand_missing_matching_specialty:78:89ce6df5-1711-483b-b036-af859945097c","deck_hand_missing_matching_specialty","89ce6df5-1711-483b-b036-af859945097c","950d8100-c3ee-4100-9d12-6fe06d7631db","raK*`<6[Y[","What is a Seymour fracture ? {{c1::Open distal phalanx fracture with germinal matrix interposition}}","Marty McFlyin's Ortho Deck::2) Pocket Pimped::14 Pediatrics::14.03 Upper Extremity::Hand","SnapOrtho::Anatomy::Hand | SnapOrtho::Anatomy::Hand::Osteology | SnapOrtho::Anatomy::Hand::Osteology::Distal_Phalanx | SnapOrtho::Specialty::Trauma","","",""
"deck_hand_missing_matching_specialty:79:4f86023e-2273-42aa-9184-00e04540db6c","deck_hand_missing_matching_specialty","4f86023e-2273-42aa-9184-00e04540db6c","3a4abf59-ee97-4221-ae19-439992d1f538","Of+oHxYf~1","What is the function of the sagittal band ? {{c1::Keeps the extensor mechanism centered over the digit}}","Marty McFlyin's Ortho Deck::2) Pocket Pimped::06 Hand::06.01 General Anatomy","SnapOrtho::Anatomy::Hand | SnapOrtho::Anatomy::Hand::Joints | SnapOrtho::Anatomy::Hand::Joints::MCP_Joint","","",""
"deck_hand_missing_matching_specialty:80:83ff6fda-d256-4409-abc2-92763af4725d","deck_hand_missing_matching_specialty","83ff6fda-d256-4409-abc2-92763af4725d","dbff7fc0-4a68-442d-8288-fbba68557e38","ri?bl[QZ!a","Name the dominant digital arteries (ulnar vs radial) for the following fingers : Index - {{c1::ulna}} Middle - {{c1::ul…","Marty McFlyin's Ortho Deck::3) OrthoBullets::Hand::Hand Introduction::Anatomy::Blood Supply to the Hand","SnapOrtho::Anatomy::Forearm | SnapOrtho::Anatomy::Forearm::Osteology | SnapOrtho::Anatomy::Forearm::Osteology::Ulna","","",""
"deck_hand_missing_matching_specialty:81:db769a92-59f2-4aef-948a-2f4767b7f342","deck_hand_missing_matching_specialty","db769a92-59f2-4aef-948a-2f4767b7f342","bf2184c4-0a8d-45e8-ad4a-d1fb2b9b943a","k8Kh|w}U-R","DISI will present with the following radiographic abnormalities : PA: {{c1::Widening of SL joint (Terry Thomas Sign)}}…","Marty McFlyin's Ortho Deck::3) OrthoBullets::Hand::Degenerative Conditions::Wrist Instability & Arthritis::Scapholunate Ligament Injury & DISI","SnapOrtho::Diagnosis::Sl_Ligament_Injury","","",""
"deck_hand_missing_matching_specialty:82:c587cd36-451a-4e3f-a4ba-2ea12a107b5a","deck_hand_missing_matching_specialty","c587cd36-451a-4e3f-a4ba-2ea12a107b5a","fd7a571a-faa5-4a37-9b60-2c0e50c0c8ed","IzTGG.7zkU","What is the most common anatomic block to reduction in dorsal phalanx dislocations ? {{c1::Volar plate interposition}}","Marty McFlyin's Ortho Deck::3) OrthoBullets::Hand::Hand Trauma::Finger Trauma::Phalanx Dislocation","SnapOrtho::Anatomy::Hand | SnapOrtho::Anatomy::Hand::Ligaments | SnapOrtho::Anatomy::Hand::Ligaments::Volar_Plate","","",""
"deck_hand_missing_matching_specialty:83:b585c43a-9a81-4917-b716-b16e53bcf69b","deck_hand_missing_matching_specialty","b585c43a-9a81-4917-b716-b16e53bcf69b","f95dbd32-2867-44b6-ad5b-068c7dee4123","hS!,>/~i/|","Disruption of the {{c1::dorsal scapholunate}} ligament is required for scapholunate dissociation to occur.","Marty McFlyin's Ortho Deck::3) OrthoBullets::Hand::Degenerative Conditions::Wrist Instability & Arthritis::Scapholunate Ligament Injury & DISI","SnapOrtho::Anatomy::Hand | SnapOrtho::Anatomy::Hand::Ligaments | SnapOrtho::Anatomy::Hand::Ligaments::Scapholunate_Ligament","","",""
"deck_hand_missing_matching_specialty:84:c68f1f23-cddd-4a3f-b138-769ccce15d48","deck_hand_missing_matching_specialty","c68f1f23-cddd-4a3f-b138-769ccce15d48","6f6fec6e-ebba-49b0-9c0f-e53dc7c23f04","uj*-|97E~g","What is the classification for Jersey fingers ? {{c1::Leddy and Packer Classification}}","Marty McFlyin's Ortho Deck::2) Pocket Pimped::06 Hand::06.02 Hand Conditions::Flexor Tendon Injuries","SnapOrtho::Anatomy::Hand | SnapOrtho::Anatomy::Hand::Osteology | SnapOrtho::Anatomy::Hand::Osteology::Distal_Phalanx","","",""
"deck_foot_missing_matching_specialty:85:7ef683aa-aa1b-42bb-a3ca-35dd5f7a90d5","deck_foot_missing_matching_specialty","7ef683aa-aa1b-42bb-a3ca-35dd5f7a90d5","672e1de8-1875-4837-9f08-f0f5b2d622c2","k=jw4,XzCX","What is a Maisonneuve fracture ? {{c1::Proximal third fibula fracture with associated syndesmotic injury}}","Marty McFlyin's Ortho Deck::2) Pocket Pimped::13 Foot & Ankle::13.02 Trauma::Ankle","SnapOrtho::Anatomy::Leg_Knee | SnapOrtho::Anatomy::Leg_Knee::Osteology | SnapOrtho::Anatomy::Leg_Knee::Osteology::Fibula | SnapOrtho::Diagnosis::Ankle_Fracture | SnapOrtho::Diagnosis::Syndesmotic_Sprain | SnapOrtho::Specialty::Trauma","","",""
"deck_foot_missing_matching_specialty:86:3751093d-fd36-44ba-b2fc-967689e88b54","deck_foot_missing_matching_specialty","3751093d-fd36-44ba-b2fc-967689e88b54","bbbc9c3f-a38d-4cfb-a90e-2c1006392ea7","NgtvTidA2.","What nerve is at risk with ORIF of the fibula ? {{c1::Superficial peroneal}}","Marty McFlyin's Ortho Deck::2) Pocket Pimped::13 Foot & Ankle::13.01 General Anatomy","SnapOrtho::Anatomy::Leg_Knee | SnapOrtho::Anatomy::Leg_Knee::Osteology | SnapOrtho::Anatomy::Leg_Knee::Osteology::Fibula","","",""
"deck_foot_missing_matching_specialty:87:93cd4c05-9bef-4734-b55f-ef603f043c55","deck_foot_missing_matching_specialty","93cd4c05-9bef-4734-b55f-ef603f043c55","ac30f362-c999-4bc3-a62e-966871a86b4e","Yifuu>Nrn","In which direction does the superficial peroneal nerve cross the fibula ? {{c1::Posterior to anterior}}","Marty McFlyin's Ortho Deck::2) Pocket Pimped::13 Foot & Ankle::13.01 General Anatomy","SnapOrtho::Anatomy::Leg_Knee | SnapOrtho::Anatomy::Leg_Knee::Nerves | SnapOrtho::Anatomy::Leg_Knee::Nerves::Superficial_Peroneal_Nerve | SnapOrtho::Anatomy::Leg_Knee::Osteology | SnapOrtho::Anatomy::Leg_Knee::Osteology::Fibula","","",""
"deck_foot_missing_matching_specialty:88:516f3c99-eb88-4e48-91d3-147cf366bfb8","deck_foot_missing_matching_specialty","516f3c99-eb88-4e48-91d3-147cf366bfb8","2718d71c-12cc-4ac1-a0f0-ac5b70cddcd0","i#[]`DCbXZ","What is the classification for distal fibula fractures ? {{c1::Danis-Weber Classification}}","Marty McFlyin's Ortho Deck::2) Pocket Pimped::13 Foot & Ankle::13.02 Trauma::Ankle","SnapOrtho::Anatomy::Leg_Knee | SnapOrtho::Anatomy::Leg_Knee::Osteology | SnapOrtho::Anatomy::Leg_Knee::Osteology::Fibula | SnapOrtho::Specialty::Trauma","","",""
"deck_foot_missing_matching_specialty:89:e8393a20-fbd0-4fca-ab2a-aa5887581fdc","deck_foot_missing_matching_specialty","e8393a20-fbd0-4fca-ab2a-aa5887581fdc","2ad83a5a-153c-4097-8135-cc15654f2616","D<XqWVpJ}R","Extensor Hallucis Brevis (EHB) Origin: {{c1::Dorsolateral calcaneus}} Insertion: {{c2::Base of proximal phalanx of grea…","Marty McFlyin's Ortho Deck::1) Netter's Concise Orthopaedic Anatomy::10 Foot/Ankle::10.12 Muscles","SnapOrtho::Anatomy::Foot_Ankle | SnapOrtho::Anatomy::Foot_Ankle::Osteology | SnapOrtho::Anatomy::Foot_Ankle::Osteology::Calcaneus | SnapOrtho::Anatomy::Hand | SnapOrtho::Anatomy::Hand::Osteology | SnapOrtho::Anatomy::Hand::Osteology::Proximal_Phalanx","","",""
"deck_foot_missing_matching_specialty:90:d50edf1b-326c-4f91-88d5-180dc518c137","deck_foot_missing_matching_specialty","d50edf1b-326c-4f91-88d5-180dc518c137","679615fe-6d9a-4dbe-b871-575a3dc4c173","u!tS>(R-7g","What must be ruled-out in the presence of new onset unilateral cavovarus ? {{c1::Spinal cord tumor or tethering}}","Marty McFlyin's Ortho Deck::2) Pocket Pimped::13 Foot & Ankle::13.03 Conditions::Cavovarus Foot","SnapOrtho::Anatomy::Spine | SnapOrtho::Anatomy::Spine::Nerves | SnapOrtho::Anatomy::Spine::Nerves::Spinal_Cord | SnapOrtho::Specialty::Orthopedic_Oncology | SnapOrtho::Specialty::Spine","","",""
"deck_foot_missing_matching_specialty:91:0f24b431-8984-4406-97d2-51f93d5364b8","deck_foot_missing_matching_specialty","0f24b431-8984-4406-97d2-51f93d5364b8","575e1c48-c604-4a94-856e-4ee30b7acb05","pvV`N`6v%a","What is the eponym for the tibial anterolateral fragment in the setting of a pilon fracture ? {{c1::Chaput fragment}}","Marty McFlyin's Ortho Deck::2) Pocket Pimped::13 Foot & Ankle::13.02 Trauma::Pilon","SnapOrtho::Diagnosis::Pilon_Fracture | SnapOrtho::Specialty::Trauma","","",""
"deck_foot_missing_matching_specialty:92:5c714ece-2569-4a98-95f2-7db28a1751d4","deck_foot_missing_matching_specialty","5c714ece-2569-4a98-95f2-7db28a1751d4","cbb0d724-f687-4747-b89e-3e133ffd323e","p8SmTY.[b,","What is tarsal coalition? {{c1::Congenital fusion of 2 tarsal bones}}","Marty McFlyin's Ortho Deck::1) Netter's Concise Orthopaedic Anatomy::10 Foot/Ankle::10.16 Pediatric Disorders","SnapOrtho::Diagnosis::Tarsal_Coalition | SnapOrtho::Specialty::Pediatric_Orthopedics","","",""
"deck_foot_missing_matching_specialty:93:1b109910-8c8a-4aa5-83da-077cf07663da","deck_foot_missing_matching_specialty","1b109910-8c8a-4aa5-83da-077cf07663da","69b2ceba-181f-4264-8981-a2d6b5c0b610","k>ov[6A;uO","The risk of sural nerve injury during Achilles tendon repair is higher when the {{c1::percutaneous}} surgical approach…","Marty McFlyin's Ortho Deck::3) OrthoBullets::Foot & Ankle::F&A Trauma::Tendon Injuries::Achilles Tendon Rupture","SnapOrtho::Anatomy::Foot_Ankle | SnapOrtho::Anatomy::Foot_Ankle::Tendons | SnapOrtho::Anatomy::Foot_Ankle::Tendons::Achilles_Tendon | SnapOrtho::Diagnosis::Achilles_Tendon_Rupture","","",""
"deck_foot_missing_matching_specialty:94:b00a2871-b0f9-46dc-9743-2eeadb5bdbd4","deck_foot_missing_matching_specialty","b00a2871-b0f9-46dc-9743-2eeadb5bdbd4","779474a0-a751-4b3f-8cf1-0ebb7f7bde44","Qahv%K#@qP","Nonoperative indications of 5th MT base fractures : Zone 1: {{c1::No rotational displacement}} Zone 2: {{c2::Recreation…","Marty McFlyin's Ortho Deck::3) OrthoBullets::Foot & Ankle::F&A Trauma::Mid & Forefoot Trauma::5th Metatarsal Base Fracture","SnapOrtho::Diagnosis::Malalignment | SnapOrtho::Specialty::Sports_Medicine | SnapOrtho::Specialty::Trauma","","",""
"deck_foot_missing_matching_specialty:95:a85d9fca-1c31-470e-8638-172286649362","deck_foot_missing_matching_specialty","a85d9fca-1c31-470e-8638-172286649362","52ea3489-b56c-4f46-8238-5c418b751b73","t4)#_-d?<m","Sanders c lassification for calcaneus fractures : Type I: {{c1::Nondisplaced posterior facet (regardless of number of f…","Marty McFlyin's Ortho Deck::3) OrthoBullets::Trauma::Lower Extremity::Hindfoot::Calcaneus Fractures","SnapOrtho::Anatomy::Foot_Ankle | SnapOrtho::Anatomy::Foot_Ankle::Osteology | SnapOrtho::Anatomy::Foot_Ankle::Osteology::Calcaneus | SnapOrtho::Diagnosis::Calcaneus_Fractures | SnapOrtho::Specialty::Trauma","","",""
"deck_foot_missing_matching_specialty:96:eb6e4203-a59f-42b5-bb2e-e800394ad897","deck_foot_missing_matching_specialty","eb6e4203-a59f-42b5-bb2e-e800394ad897","3d090a1b-3dbb-4296-810d-090ccfefc6b9","LwRM01Fc|Y","Adductor Hallucis Origin: -Oblique: {{c1::Base 2-4 MT}} -Transverse: {{c1::Lateral 4 MTP}} Insertion: {{c2::Through lat…","Marty McFlyin's Ortho Deck::1) Netter's Concise Orthopaedic Anatomy::10 Foot/Ankle::10.12 Muscles","SnapOrtho::Anatomy::Hand | SnapOrtho::Anatomy::Hand::Osteology | SnapOrtho::Anatomy::Hand::Osteology::Proximal_Phalanx","","",""
"deck_foot_missing_matching_specialty:97:5eeb43c9-355c-4ee3-9442-348116994120","deck_foot_missing_matching_specialty","5eeb43c9-355c-4ee3-9442-348116994120","9bfd888e-7c51-4f36-9bd8-d5267d1613e5","pQ-Ia5ji7|","What are the stages of posterior tibial tendon insufficiency (PTTI) ? Stage I: {{c1::Normal}} Stage II: {{c1::Flatfoot,…","Marty McFlyin's Ortho Deck::2) Pocket Pimped::13 Foot & Ankle::13.03 Conditions::Posterior Tibial Tendon Insufficiency (PTTI)","SnapOrtho::Anatomy::Foot_Ankle | SnapOrtho::Anatomy::Foot_Ankle::Ligaments | SnapOrtho::Anatomy::Foot_Ankle::Ligaments::Deltoid_Ligament | SnapOrtho::Diagnosis::Posterior_Tibial_Tendon_Insufficiency_Ptti","","",""
"deck_foot_missing_matching_specialty:98:745e31ad-1951-46ed-a401-cf06143f9c77","deck_foot_missing_matching_specialty","745e31ad-1951-46ed-a401-cf06143f9c77","8a0ded2c-752a-49d4-9c98-a772000b20f4","s4*W-Y(O-c","Which additional x-ray should be obtained with an isolated Weber B or C fracture ? {{c1::Rotational stress view}}","Marty McFlyin's Ortho Deck::2) Pocket Pimped::13 Foot & Ankle::13.02 Trauma::Ankle","SnapOrtho::Specialty::Trauma","","",""
"deck_foot_missing_matching_specialty:99:511ad761-070b-4de4-8aa1-21f78e90c581","deck_foot_missing_matching_specialty","511ad761-070b-4de4-8aa1-21f78e90c581","27b9e395-3a27-4f10-ac4e-09d1cbf25f6f","w]xh.~0E3_","Jones fracture = Fracture to zone {{c1::2}} of the 5th MT base","Marty McFlyin's Ortho Deck::3) OrthoBullets::Foot & Ankle::F&A Trauma::Mid & Forefoot Trauma::5th Metatarsal Base Fracture","SnapOrtho::Specialty::Trauma","","",""
"deck_foot_missing_matching_specialty:100:edda4416-4f72-4562-8193-24cf38c37961","deck_foot_missing_matching_specialty","edda4416-4f72-4562-8193-24cf38c37961","a961fe05-853a-49e6-8950-e2de3810d650","PIffJn?tW","What is the mechanism for the fracture pattern shown below? {{c1::Supination-adduction}}","Marty McFlyin's Ortho Deck::3) OrthoBullets::Trauma::Lower Extremity::Ankle::Ankle Fractures","SnapOrtho::Specialty::Trauma","","",""
"deck_foot_missing_matching_specialty:101:b449bd70-2dcb-4adf-a73a-e1511c99409d","deck_foot_missing_matching_specialty","b449bd70-2dcb-4adf-a73a-e1511c99409d","a74e172f-13cb-4f94-b458-bae8637db66e","bddg{VZ/h^","What is the eponym for the fragment created by an AITFL avulsion off the fibula ? {{c1::Wagstaffe fragment}}","Marty McFlyin's Ortho Deck::2) Pocket Pimped::13 Foot & Ankle::13.02 Trauma::Pilon","SnapOrtho::Anatomy::Leg_Knee | SnapOrtho::Anatomy::Leg_Knee::Osteology | SnapOrtho::Anatomy::Leg_Knee::Osteology::Fibula","","",""
"deck_foot_missing_matching_specialty:102:f1498b0f-75e9-423d-882e-2014be177e01","deck_foot_missing_matching_specialty","f1498b0f-75e9-423d-882e-2014be177e01","73bfc01c-9de2-4810-8ca4-f25d33a6b9b2","Bk~I&Ty.IC","How are Lisfranc injuries treated surgically ? {{c1::ORIF or arthrodesis}}","Marty McFlyin's Ortho Deck::2) Pocket Pimped::13 Foot & Ankle::13.02 Trauma::Lisfranc","SnapOrtho::Anatomy::Foot_Ankle | SnapOrtho::Anatomy::Foot_Ankle::Joints | SnapOrtho::Anatomy::Foot_Ankle::Joints::Lisfranc_Joint | SnapOrtho::Diagnosis::Lisfranc_Injury | SnapOrtho::Treatment::Lisfranc_ORIF","","",""
"deck_foot_missing_matching_specialty:103:f9496885-a1ab-4884-842f-bb667aaa135b","deck_foot_missing_matching_specialty","f9496885-a1ab-4884-842f-bb667aaa135b","5b8af669-935b-4511-a4a2-eb746f43fba1","pO|JuG][E~","Following ORIF of a calcaneus fracture , the patient in the recovery room has an isolated, fixed flexed great toe . Wha…","Marty McFlyin's Ortho Deck::3) OrthoBullets::Trauma::Lower Extremity::Hindfoot::Calcaneus Fractures","SnapOrtho::Anatomy::Foot_Ankle | SnapOrtho::Anatomy::Foot_Ankle::Osteology | SnapOrtho::Anatomy::Foot_Ankle::Osteology::Calcaneus | SnapOrtho::Diagnosis::Calcaneus_Fracture | SnapOrtho::Specialty::Trauma","","",""
"deck_foot_missing_matching_specialty:104:498804cd-a6d0-423a-9193-0e0775a759a6","deck_foot_missing_matching_specialty","498804cd-a6d0-423a-9193-0e0775a759a6","bc9f7e72-b5dc-4df0-9992-aae55a79b847","d0FlrKFnnD","Name the disorder: ""Weekend warriors"" - middle aged men Pop sensation (+) Thompson test {{c1::Achilles tendon rupture}}","Marty McFlyin's Ortho Deck::1) Netter's Concise Orthopaedic Anatomy::10 Foot/Ankle::10.15 Disorders","SnapOrtho::Anatomy::Foot_Ankle | SnapOrtho::Anatomy::Foot_Ankle::Tendons | SnapOrtho::Anatomy::Foot_Ankle::Tendons::Achilles_Tendon | SnapOrtho::Diagnosis::Achilles_Tendon_Rupture","","",""
"deck_foot_missing_matching_specialty:105:cdb70f4b-7bfd-4f60-9491-b7f96c1810cd","deck_foot_missing_matching_specialty","cdb70f4b-7bfd-4f60-9491-b7f96c1810cd","35aad6ca-de3f-4935-bb0b-9bd4375ea7a1","BawK8CR?<b","What is the order of clubfoot deformity correction with the ponseti method ? {{c1:: CAVE 1) Cavus 2) Adductus 3) Varus…","Marty McFlyin's Ortho Deck::3) OrthoBullets::Pediatrics::Pediatric Foot::Cavus Deformities::Clubfoot (congenital talipes equinovarus)","SnapOrtho::Diagnosis::Angular_Deformity","","",""
"deck_foot_missing_matching_specialty:106:b49377e3-64ef-49f3-a5a8-3e5e5a7d1e7e","deck_foot_missing_matching_specialty","b49377e3-64ef-49f3-a5a8-3e5e5a7d1e7e","2ee22d8a-d7ea-4996-94b1-b520f3a248ba","CTo32&:dC^","What is the issue with the following XRs s/p ORIF 3 weeks ago? {{c1::Fibular malrotation Tibiofibular syndesmotic malre…","Marty McFlyin's Ortho Deck::3) OrthoBullets::Trauma::Lower Extremity::Ankle::Ankle Fractures","SnapOrtho::Anatomy::Foot_Ankle | SnapOrtho::Anatomy::Foot_Ankle::Joints | SnapOrtho::Anatomy::Foot_Ankle::Joints::Syndesmosis | SnapOrtho::Anatomy::Foot_Ankle::Ligaments | SnapOrtho::Anatomy::Foot_Ankle::Ligaments::Deltoid_Ligament | SnapOrtho::Anatomy::Leg_Knee | SnapOrtho::Anatomy::Leg_Knee::Osteology | SnapOrtho::Anatomy::Leg_Knee::Osteology::Fibula | SnapOrtho::Anatomy::Leg_Knee::Osteology::Tibia | SnapOrtho::Diagnosis::Ankle_Fractures | SnapOrtho::Diagnosis::Syndesmotic_Malreduction","","",""
"deck_foot_missing_matching_specialty:107:e0da69f5-8f92-42ec-850d-e035dd567ae5","deck_foot_missing_matching_specialty","e0da69f5-8f92-42ec-850d-e035dd567ae5","74530128-d3cf-4ec0-bd88-beb08025dd3b","Csp7o-.g4i","Are medial or lateral subtalar dislocations more common ? {{c1::Medial}}","Marty McFlyin's Ortho Deck::2) Pocket Pimped::13 Foot & Ankle::13.02 Trauma::Subtalar Dislocations","SnapOrtho::Anatomy::Foot_Ankle | SnapOrtho::Anatomy::Foot_Ankle::Joints | SnapOrtho::Anatomy::Foot_Ankle::Joints::Subtalar_Joint | SnapOrtho::Specialty::Trauma","","",""
"deck_foot_missing_matching_specialty:108:0dd0acb3-a40e-4a8c-9d65-34ff1c1cbf05","deck_foot_missing_matching_specialty","0dd0acb3-a40e-4a8c-9d65-34ff1c1cbf05","2631e12d-c0e1-4817-8881-c651c78bbe4d","M_#+W^E|fE","What is initial management of a deep infection re-ruptured Achilles tendon ? {{c1:: Irrigation and debridement Culture-…","Marty McFlyin's Ortho Deck::3) OrthoBullets::Foot & Ankle::F&A Trauma::Tendon Injuries::Achilles Tendon Rupture","SnapOrtho::Anatomy::Foot_Ankle | SnapOrtho::Anatomy::Foot_Ankle::Tendons | SnapOrtho::Anatomy::Foot_Ankle::Tendons::Achilles_Tendon | SnapOrtho::Diagnosis::Achilles_Tendon_Rupture | SnapOrtho::Specialty::General_Orthopedics | SnapOrtho::Treatment::Irrigation_And_Debridement","","",""
"deck_foot_missing_matching_specialty:109:58c6db85-bc72-4d64-9038-d8f6498d2a8f","deck_foot_missing_matching_specialty","58c6db85-bc72-4d64-9038-d8f6498d2a8f","762d8c8b-40af-4419-b0ff-9059da49baf6","J>PV6:pt:w","What is the most common complication following subtalar dislocation ? {{c1::Post-traumatic arthritis}}","Marty McFlyin's Ortho Deck::3) OrthoBullets::Trauma::Lower Extremity::Hindfoot::Subtalar Dislocations","SnapOrtho::Diagnosis::Post_Traumatic_Arthritis | SnapOrtho::Specialty::Trauma","","",""
"deck_foot_missing_matching_specialty:110:5486adc4-01d4-40b4-81c9-87a8a774d15f","deck_foot_missing_matching_specialty","5486adc4-01d4-40b4-81c9-87a8a774d15f","6e0b6653-2ba8-4a5a-a2a8-b130064ee88b","Aswf=&9oPh","What are the 3 fragments typically encountered with a pilon fracture ? {{c1:: Medial malleolus Posterolateral fragment…","Marty McFlyin's Ortho Deck::2) Pocket Pimped::13 Foot & Ankle::13.02 Trauma::Pilon","SnapOrtho::Anatomy::Foot_Ankle | SnapOrtho::Anatomy::Foot_Ankle::Osteology | SnapOrtho::Anatomy::Foot_Ankle::Osteology::Medial_Malleolus | SnapOrtho::Diagnosis::Pilon_Fracture | SnapOrtho::Specialty::Trauma","","",""
"deck_foot_missing_matching_specialty:111:d651d1f3-3804-4bc7-b6f6-b5933797dd3d","deck_foot_missing_matching_specialty","d651d1f3-3804-4bc7-b6f6-b5933797dd3d","cb3c205b-de55-4f6b-8b6d-2527e88f4b25","QZKM<fg2|l","What attaches to the posterolateral fragment in the setting of a pilon fracture ? {{c1::Posterior inferior tibiofibular…","Marty McFlyin's Ortho Deck::2) Pocket Pimped::13 Foot & Ankle::13.02 Trauma::Pilon","SnapOrtho::Diagnosis::Pilon_Fracture | SnapOrtho::Specialty::Trauma","","",""
"deck_foot_missing_matching_specialty:112:fd6210aa-95ad-4cde-949b-f7a04562313a","deck_foot_missing_matching_specialty","fd6210aa-95ad-4cde-949b-f7a04562313a","a0b9c892-85aa-4af8-9f2b-3ce902043da8","y?y4<.Cb#K","A pilon fracture is often split into three fragments at the joint level: {{c1::Chaput fragment (Anterolateral) Volkmann…","Marty McFlyin's Ortho Deck::3) OrthoBullets::Trauma::Lower Extremity::Ankle::Tibial Plafond Fractures","SnapOrtho::Diagnosis::Pilon_Fracture | SnapOrtho::Specialty::Trauma","","",""
"deck_foot_missing_matching_specialty:113:9d6311a9-24d0-4732-9943-bfcda5885b94","deck_foot_missing_matching_specialty","9d6311a9-24d0-4732-9943-bfcda5885b94","d6e94b0e-d844-43da-bf06-ef65f30af648","D<XqWVpJ}R","Extensor Hallucis Brevis (EHB) Origin: {{c1::Dorsolateral calcaneus}} Insertion: {{c2::Base of proximal phalanx of grea…","Marty McFlyin's Ortho Deck::1) Netter's Concise Orthopaedic Anatomy::10 Foot/Ankle::10.12 Muscles","SnapOrtho::Anatomy::Foot_Ankle | SnapOrtho::Anatomy::Foot_Ankle::Osteology | SnapOrtho::Anatomy::Foot_Ankle::Osteology::Calcaneus | SnapOrtho::Anatomy::Hand | SnapOrtho::Anatomy::Hand::Osteology | SnapOrtho::Anatomy::Hand::Osteology::Proximal_Phalanx","","",""
"deck_foot_missing_matching_specialty:114:eb6ec168-3e4b-4278-acb6-9ad1a42a2484","deck_foot_missing_matching_specialty","eb6ec168-3e4b-4278-acb6-9ad1a42a2484","b375ec4c-c53d-47a5-bf2c-cda28fdfb5a4","s1{XEcy>[^","With high energy pilon fractures , when should a CT be obtained ? {{c1::After external fixation}}","Marty McFlyin's Ortho Deck::2) Pocket Pimped::13 Foot & Ankle::13.02 Trauma::Pilon","SnapOrtho::Specialty::Trauma","","",""
"deck_foot_missing_matching_specialty:115:86c93dce-af90-4a5a-a266-3bc135468c30","deck_foot_missing_matching_specialty","86c93dce-af90-4a5a-a266-3bc135468c30","fdee25b8-349f-44de-97f9-175b89c8fb82","z{Y-nU|ddZ","Tarsal coalition is most often {{c2::congenital::acquired/congenital}}, and can be most often anatomically classified i…","Marty McFlyin's Ortho Deck::3) OrthoBullets::Pediatrics::Pediatric Foot::Planus Deformity::Tarsal Coalition","SnapOrtho::Diagnosis::Tarsal_Coalition | SnapOrtho::Specialty::Pediatric_Orthopedics","","",""
"deck_foot_missing_matching_specialty:116:c47947af-f334-4dad-b3d8-e827f0528ff7","deck_foot_missing_matching_specialty","c47947af-f334-4dad-b3d8-e827f0528ff7","b6debaf6-a0e3-4858-8788-7865fd86bd25","GjiIt,rHps","Which type of fibula fractures have the highest association with syndesmotic injuries ? {{c1::Weber C}}","Marty McFlyin's Ortho Deck::2) Pocket Pimped::13 Foot & Ankle::13.02 Trauma::Ankle","SnapOrtho::Anatomy::Leg_Knee | SnapOrtho::Anatomy::Leg_Knee::Osteology | SnapOrtho::Anatomy::Leg_Knee::Osteology::Fibula","","",""
"deck_foot_missing_matching_specialty:117:a20a1911-11c5-4b91-81a7-d2901b4189c1","deck_foot_missing_matching_specialty","a20a1911-11c5-4b91-81a7-d2901b4189c1","2f26ff7e-5890-43d1-9236-c983820e17f1","Qahv%K#@qP","Nonoperative indications of 5th MT base fractures : Zone 1: {{c1::No rotational displacement}} Zone 2: {{c2::Recreation…","Marty McFlyin's Ortho Deck::3) OrthoBullets::Foot & Ankle::F&A Trauma::Mid & Forefoot Trauma::5th Metatarsal Base Fracture","SnapOrtho::Diagnosis::Malalignment | SnapOrtho::Specialty::Sports_Medicine | SnapOrtho::Specialty::Trauma","","",""
"deck_foot_missing_matching_specialty:118:6b5a2c2a-e65f-42f3-a349-e6a40c61dc9b","deck_foot_missing_matching_specialty","6b5a2c2a-e65f-42f3-a349-e6a40c61dc9b","85ecde8a-241f-4f25-9100-c3e17b7b7aea","H~C+&a]rKO","Two (2) operative treatments for a syndesmosis sprain with instability on stress radiographs (+/- fracture): {{c1::Scre…","Marty McFlyin's Ortho Deck::3) OrthoBullets::Foot & Ankle::F&A Trauma::Ankle Sprains::High Ankle Sprain & Syndesmosis Injury","SnapOrtho::Anatomy::Foot_Ankle | SnapOrtho::Anatomy::Foot_Ankle::Joints | SnapOrtho::Anatomy::Foot_Ankle::Joints::Syndesmosis | SnapOrtho::Specialty::Trauma","","",""
"deck_foot_missing_matching_specialty:119:16a0eec2-18de-48cd-a0c1-f0670cfbe1ed","deck_foot_missing_matching_specialty","16a0eec2-18de-48cd-a0c1-f0670cfbe1ed","13511525-3a22-48ae-8ee1-8915c1101149","zW-}@H2}-W","What are the two primary fragments for intraarticular calcaneus fractures ? {{c1:: Superomedial (constant) fragment Sup…","Marty McFlyin's Ortho Deck::2) Pocket Pimped::13 Foot & Ankle::13.02 Trauma::Calcaneus","SnapOrtho::Anatomy::Foot_Ankle | SnapOrtho::Anatomy::Foot_Ankle::Osteology | SnapOrtho::Anatomy::Foot_Ankle::Osteology::Calcaneus | SnapOrtho::Diagnosis::Calcaneus_Fractures","","",""
"deck_foot_missing_matching_specialty:120:0c5c1ee6-c9dc-49af-affc-3afc30322592","deck_foot_missing_matching_specialty","0c5c1ee6-c9dc-49af-affc-3afc30322592","993cb041-dcc2-4058-8289-82fdc6b1d500","p5z0p0$h4t","Why does the Tillaux fracture occur in the location that it does? {{c1::Last portion of the distal tibial physis to clo…","Marty McFlyin's Ortho Deck::2) Pocket Pimped::14 Pediatrics::14.05 Lower Extremity::Ankle","SnapOrtho::Anatomy::Basic_Science | SnapOrtho::Anatomy::Basic_Science::Osteology | SnapOrtho::Anatomy::Basic_Science::Osteology::Physis | SnapOrtho::Specialty::Pediatric_Orthopedics | SnapOrtho::Specialty::Trauma","","",""
"deck_foot_missing_matching_specialty:121:3a8e970f-622c-48bf-850f-aba442f9d632","deck_foot_missing_matching_specialty","3a8e970f-622c-48bf-850f-aba442f9d632","5d2dc199-ce56-4997-ada3-996522e077f8","l:?thZbk7^","Three (3) common physical exam findings in patients with tarsal coalition : {{c1::Hindfoot valgus Pes planus Limited su…","Marty McFlyin's Ortho Deck::3) OrthoBullets::Pediatrics::Pediatric Foot::Planus Deformity::Tarsal Coalition","SnapOrtho::Diagnosis::Tarsal_Coalition","","",""
"deck_foot_missing_matching_specialty:122:fe8ca2e5-ae4f-41d0-8f60-b70bfeda0bf4","deck_foot_missing_matching_specialty","fe8ca2e5-ae4f-41d0-8f60-b70bfeda0bf4","bd4fe3d4-816d-4756-9cf0-e5b5619a99c1","z<FM5CGqPJ","What associated fracture most commonly occurs with lateral subtalar dislocations ? {{c1::Cuboid fracture}}","Marty McFlyin's Ortho Deck::2) Pocket Pimped::13 Foot & Ankle::13.02 Trauma::Subtalar Dislocations","SnapOrtho::Specialty::Trauma","","",""
"deck_foot_missing_matching_specialty:123:1ce7734a-8868-4604-af9e-1070d726e603","deck_foot_missing_matching_specialty","1ce7734a-8868-4604-af9e-1070d726e603","03440a98-e3fd-40c5-bb95-b1fdf33e4761","h3}4/d}^[Z","What is the initial, nonoperative treatment for symptomatic tarsal coalition ? {{c1::Immobilization with casting +/- an…","Marty McFlyin's Ortho Deck::3) OrthoBullets::Pediatrics::Pediatric Foot::Planus Deformity::Tarsal Coalition","SnapOrtho::Diagnosis::Tarsal_Coalition","","",""
"deck_foot_missing_matching_specialty:124:9452452a-bf26-4f51-a979-8f3dcd0a9e3e","deck_foot_missing_matching_specialty","9452452a-bf26-4f51-a979-8f3dcd0a9e3e","d6d6345e-bbea-4bbc-a857-d667be32b605","L)ZK-ejV@f","What are the layers of the deltoid ligament ? {{c1:: Superficial deltoid Deep deltoid }}","Marty McFlyin's Ortho Deck::2) Pocket Pimped::13 Foot & Ankle::13.01 General Anatomy","SnapOrtho::Anatomy::Foot_Ankle | SnapOrtho::Anatomy::Foot_Ankle::Ligaments | SnapOrtho::Anatomy::Foot_Ankle::Ligaments::Deltoid_Ligament | SnapOrtho::Anatomy::Leg_Knee | SnapOrtho::Anatomy::Leg_Knee::Osteology | SnapOrtho::Anatomy::Leg_Knee::Osteology::Tibia","","",""
"deck_foot_missing_matching_specialty:125:eeaebc92-6b55-4d32-90f8-3fd8c18754dc","deck_foot_missing_matching_specialty","eeaebc92-6b55-4d32-90f8-3fd8c18754dc","4a241f8b-3cc1-4345-aa0b-fd2563846a4b","Qahv%K#@qP","Nonoperative indications of 5th MT base fractures : Zone 1: {{c1::No rotational displacement}} Zone 2: {{c2::Recreation…","Marty McFlyin's Ortho Deck::3) OrthoBullets::Foot & Ankle::F&A Trauma::Mid & Forefoot Trauma::5th Metatarsal Base Fracture","SnapOrtho::Diagnosis::Malalignment | SnapOrtho::Specialty::Sports_Medicine | SnapOrtho::Specialty::Trauma","","",""
"deck_foot_missing_matching_specialty:126:a3c3886b-7088-47a3-9df0-5e3dd29f8d2c","deck_foot_missing_matching_specialty","a3c3886b-7088-47a3-9df0-5e3dd29f8d2c","1710fc14-6a90-4bdb-869c-662a43a8bf6e","n&l%-5+1~","To decrease complications in the management of pilon fractures , it is important to utilize an {{c1::external fixation…","Marty McFlyin's Ortho Deck::3) OrthoBullets::Trauma::Lower Extremity::Ankle::Tibial Plafond Fractures","SnapOrtho::Anatomy::Leg_Knee | SnapOrtho::Anatomy::Leg_Knee::Osteology | SnapOrtho::Anatomy::Leg_Knee::Osteology::Tibia | SnapOrtho::Specialty::Trauma","","",""
"deck_foot_missing_matching_specialty:127:100a273e-68e3-4037-ab19-4c314ea76f39","deck_foot_missing_matching_specialty","100a273e-68e3-4037-ab19-4c314ea76f39","3460c529-555e-4d98-ac4f-6b7e3cbacc4d","oXYu/J_)a@","What is the immediate treatment for a Lisfranc injury associated with significant soft tissue swelling ? {{c1::Temporar…","Marty McFlyin's Ortho Deck::3) OrthoBullets::Foot & Ankle::F&A Trauma::Mid & Forefoot Trauma::Lisfranc Injury","SnapOrtho::Diagnosis::Lisfranc_Injury | SnapOrtho::Treatment::ORIF","","",""
"deck_foot_missing_matching_specialty:128:62a15584-a469-4bb8-b23c-51a658de7356","deck_foot_missing_matching_specialty","62a15584-a469-4bb8-b23c-51a658de7356","7d15ca28-ada5-40c6-b71f-4169b2e990c6","yp{t|^U;l:","What deformities (3) are commonly seen with a calcaneus fracture ? {{c1::Shortening Widening Varus}}","Marty McFlyin's Ortho Deck::2) Pocket Pimped::13 Foot & Ankle::13.02 Trauma::Calcaneus","SnapOrtho::Anatomy::Foot_Ankle | SnapOrtho::Anatomy::Foot_Ankle::Osteology | SnapOrtho::Anatomy::Foot_Ankle::Osteology::Calcaneus | SnapOrtho::Diagnosis::Calcaneus_Fracture | SnapOrtho::Specialty::Trauma","","",""
"deck_foot_missing_matching_specialty:129:55131b8c-b7ea-46f4-a0fa-de0780148ac4","deck_foot_missing_matching_specialty","55131b8c-b7ea-46f4-a0fa-de0780148ac4","901a145a-0200-4ebe-9073-1760049b75f0","v<l1NK/<_5","What radiograph should be obtained with a suspected Lisfranc injury ? {{c1::Weight-bearing x-rays of both feet}}","Marty McFlyin's Ortho Deck::2) Pocket Pimped::13 Foot & Ankle::13.02 Trauma::Lisfranc","SnapOrtho::Diagnosis::Lisfranc_Injury","","",""
"deck_foot_missing_matching_specialty:130:6f451e3a-9a84-4e70-990a-957b74ad425f","deck_foot_missing_matching_specialty","6f451e3a-9a84-4e70-990a-957b74ad425f","d21261c4-e1c1-4548-affb-d1d8ce7f4017","qQFN/_?qOz","Where does the superficial peroneal nerve cross the fibula ? {{c1::3-12 cm proximal to the distal fibula}}","Marty McFlyin's Ortho Deck::2) Pocket Pimped::13 Foot & Ankle::13.01 General Anatomy","SnapOrtho::Anatomy::Leg_Knee | SnapOrtho::Anatomy::Leg_Knee::Nerves | SnapOrtho::Anatomy::Leg_Knee::Nerves::Superficial_Peroneal_Nerve | SnapOrtho::Anatomy::Leg_Knee::Osteology | SnapOrtho::Anatomy::Leg_Knee::Osteology::Fibula","","",""
"deck_foot_missing_matching_specialty:131:b0d777fb-59fb-4161-8c96-c365cd19e68d","deck_foot_missing_matching_specialty","b0d777fb-59fb-4161-8c96-c365cd19e68d","978ed170-0e78-4f73-b29e-eb4fa07c8c3d","C[IS]uqyY@","What complication may occur if hardware is placed too distally on the posterior aspect of the fibula ? {{c1::Peroneal t…","Marty McFlyin's Ortho Deck::2) Pocket Pimped::13 Foot & Ankle::13.02 Trauma::Ankle","SnapOrtho::Anatomy::Leg_Knee | SnapOrtho::Anatomy::Leg_Knee::Osteology | SnapOrtho::Anatomy::Leg_Knee::Osteology::Fibula | SnapOrtho::Diagnosis::Hardware_Failure | SnapOrtho::Diagnosis::Tendon_Irritation","","",""
"deck_foot_missing_matching_specialty:132:48a1cf0a-8d17-4c7b-8dcd-7d96275e236f","deck_foot_missing_matching_specialty","48a1cf0a-8d17-4c7b-8dcd-7d96275e236f","10766dbf-a3e9-466c-bf0e-59bb883c9d14","ev5VGc4e}X","A {{c1::Bosworth fracture-dislocation}} is a fixed dislocation of the fibula behind the posterolateral tibial ridge .","Marty McFlyin's Ortho Deck::3) OrthoBullets::Trauma::Lower Extremity::Ankle::Ankle Fractures","SnapOrtho::Anatomy::Leg_Knee | SnapOrtho::Anatomy::Leg_Knee::Osteology | SnapOrtho::Anatomy::Leg_Knee::Osteology::Fibula | SnapOrtho::Specialty::Trauma","","",""
"deck_foot_missing_matching_specialty:133:421f7147-e68a-4806-a46c-0a0e6f2a7d2d","deck_foot_missing_matching_specialty","421f7147-e68a-4806-a46c-0a0e6f2a7d2d","3fec0642-e359-4493-ae37-0d8e2d26f463","l{NucPy)!{","Which structures may block the reduction of a lateral subtalar dislocation ? {{c1::Medial structures}}","Marty McFlyin's Ortho Deck::2) Pocket Pimped::13 Foot & Ankle::13.02 Trauma::Subtalar Dislocations","SnapOrtho::Specialty::Trauma","","",""
"deck_foot_missing_matching_specialty:134:5349373f-3fa8-4eb8-bb82-d1f8c50d0122","deck_foot_missing_matching_specialty","5349373f-3fa8-4eb8-bb82-d1f8c50d0122","4f3b6e2c-0f44-491a-9b22-326bdcaf4da1","N<t7!<DE#=","Why is the superomedial fragment referred to as the constant fragment following intraarticular calcaneus fracture ? {{c…","Marty McFlyin's Ortho Deck::2) Pocket Pimped::13 Foot & Ankle::13.02 Trauma::Calcaneus","SnapOrtho::Anatomy::Foot_Ankle | SnapOrtho::Anatomy::Foot_Ankle::Osteology | SnapOrtho::Anatomy::Foot_Ankle::Osteology::Calcaneus | SnapOrtho::Diagnosis::Calcaneus_Fracture | SnapOrtho::Specialty::Trauma","","",""
"deck_foot_missing_matching_specialty:135:cd46f9a2-3299-46b3-998b-93b8c4398e60","deck_foot_missing_matching_specialty","cd46f9a2-3299-46b3-998b-93b8c4398e60","715b5024-ebb4-4641-bb30-05ac01b32577","PP.sIVH?{e","Which structures may block the reduction of a medial subtalar dislocation ? {{c1::Lateral structures}}","Marty McFlyin's Ortho Deck::2) Pocket Pimped::13 Foot & Ankle::13.02 Trauma::Subtalar Dislocations","SnapOrtho::Anatomy::General | SnapOrtho::Anatomy::General::Joints | SnapOrtho::Anatomy::General::Joints::Joint_Capsule | SnapOrtho::Specialty::Trauma","","",""
"deck_foot_missing_matching_specialty:136:2cb3f086-f5ed-4087-b3a9-5bcd65992451","deck_foot_missing_matching_specialty","2cb3f086-f5ed-4087-b3a9-5bcd65992451","7a5d6133-acbb-42b4-b450-545d600ab954","LwRM01Fc|Y","Adductor Hallucis Origin: -Oblique: {{c1::Base 2-4 MT}} -Transverse: {{c1::Lateral 4 MTP}} Insertion: {{c2::Through lat…","Marty McFlyin's Ortho Deck::1) Netter's Concise Orthopaedic Anatomy::10 Foot/Ankle::10.12 Muscles","SnapOrtho::Anatomy::Hand | SnapOrtho::Anatomy::Hand::Osteology | SnapOrtho::Anatomy::Hand::Osteology::Proximal_Phalanx","","",""
"deck_foot_missing_matching_specialty:137:06049e73-85e4-4ab8-87d2-713cb8a667e4","deck_foot_missing_matching_specialty","06049e73-85e4-4ab8-87d2-713cb8a667e4","52c32358-6157-4fd5-ab95-fc4577ae77d1","z{Y-nU|ddZ","Tarsal coalition is most often {{c2::congenital::acquired/congenital}}, and can be most often anatomically classified i…","Marty McFlyin's Ortho Deck::3) OrthoBullets::Pediatrics::Pediatric Foot::Planus Deformity::Tarsal Coalition","SnapOrtho::Diagnosis::Tarsal_Coalition | SnapOrtho::Specialty::Pediatric_Orthopedics","","",""
"deck_foot_missing_matching_specialty:138:ebb6c231-6734-4416-ba98-d7ed2eb0313b","deck_foot_missing_matching_specialty","ebb6c231-6734-4416-ba98-d7ed2eb0313b","19df57e2-93e4-4140-a690-e7e1186820fd","L^~26n3LX|","Why is immediate ORIF required for displaced talar neck fractures? {{c1::AVN decreased with ORIF}}","Marty McFlyin's Ortho Deck::1) Netter's Concise Orthopaedic Anatomy::10 Foot/Ankle::10.04 Trauma","SnapOrtho::Diagnosis::Talar_Neck_Fractures | SnapOrtho::Specialty::Trauma","","",""
"deck_foot_missing_matching_specialty:139:a853158f-bdbe-4389-8fa8-61c80ee10c59","deck_foot_missing_matching_specialty","a853158f-bdbe-4389-8fa8-61c80ee10c59","ecaded7b-9d47-4366-8477-a9ed860e3d45","D6nTGNPe]4","What is the eponym for the posterolateral fragment in the setting of a pilon fracture ? {{c1::Volkmann fragment}}","Marty McFlyin's Ortho Deck::2) Pocket Pimped::13 Foot & Ankle::13.02 Trauma::Pilon","SnapOrtho::Diagnosis::Pilon_Fracture | SnapOrtho::Specialty::Trauma","","",""
"deck_foot_missing_matching_specialty:140:199ac1f8-aeae-40fb-86a8-6425ba676bd6","deck_foot_missing_matching_specialty","199ac1f8-aeae-40fb-86a8-6425ba676bd6","1cd34a4a-3b91-4d74-9335-7f14bdba0d88","li5!O22@K1","What are the two most common approaches to the calcaneus ? {{c1::Extensile lateral and sinus tarsi}}","Marty McFlyin's Ortho Deck::2) Pocket Pimped::13 Foot & Ankle::13.01 General Anatomy","SnapOrtho::Anatomy::Foot_Ankle | SnapOrtho::Anatomy::Foot_Ankle::Osteology | SnapOrtho::Anatomy::Foot_Ankle::Osteology::Calcaneus","","",""
"deck_foot_missing_matching_specialty:141:5797cd5d-9884-4cca-aee2-2b928c621e17","deck_foot_missing_matching_specialty","5797cd5d-9884-4cca-aee2-2b928c621e17","836d6d91-189d-4673-a170-2260a1c35173","NiF#ScZN$n","With a triplane fracture , what fracture patterns are seen on the AP and lateral x-rays? AP: {{c1::SH III (sagittal pla…","Marty McFlyin's Ortho Deck::2) Pocket Pimped::14 Pediatrics::14.05 Lower Extremity::Ankle","SnapOrtho::Specialty::Trauma","","",""
"deck_foot_missing_matching_specialty:142:2cd901d3-be8c-4230-ac4e-02d41850f257","deck_foot_missing_matching_specialty","2cd901d3-be8c-4230-ac4e-02d41850f257","42c4e63f-afb1-4fa5-941e-479eb8d86a22","I4eX(L>cgM","Where does the Achilles tendon typically rupture ? {{c1::6 cm proximal to its insertion - vascular watershed area}}","Marty McFlyin's Ortho Deck::2) Pocket Pimped::13 Foot & Ankle::13.03 Conditions::Achilles Tendon","SnapOrtho::Anatomy::Foot_Ankle | SnapOrtho::Anatomy::Foot_Ankle::Tendons | SnapOrtho::Anatomy::Foot_Ankle::Tendons::Achilles_Tendon","","",""
"deck_foot_missing_matching_specialty:143:c28d071e-d51e-40b5-aaff-798d2ad47700","deck_foot_missing_matching_specialty","c28d071e-d51e-40b5-aaff-798d2ad47700","92ac1383-9978-435e-91b5-cdd5049d64ac","e(;|N?YqOl","In both long bone and articular fractures of the right lower extremity , brake travel time (BTT) has been shown to be s…","Marty McFlyin's Ortho Deck::3) OrthoBullets::Trauma::Lower Extremity::Ankle::Tibial Plafond Fractures","SnapOrtho::Specialty::Trauma","","",""
"deck_foot_missing_matching_specialty:144:a306515a-10fc-49d8-a20d-2f5bc06c40f0","deck_foot_missing_matching_specialty","a306515a-10fc-49d8-a20d-2f5bc06c40f0","6e88689d-f380-4e89-ab72-176ca65d6d8e","Ct:.|0(45=","What is the name of the recesses on the distal tibia where the fibula sits ? {{c1::Incisura fibularis}}","Marty McFlyin's Ortho Deck::2) Pocket Pimped::13 Foot & Ankle::13.01 General Anatomy","SnapOrtho::Anatomy::Leg_Knee | SnapOrtho::Anatomy::Leg_Knee::Osteology | SnapOrtho::Anatomy::Leg_Knee::Osteology::Fibula | SnapOrtho::Anatomy::Leg_Knee::Osteology::Tibia","","",""
"deck_foot_missing_matching_specialty:145:cd72752a-0361-41ac-87ab-834bfd09145b","deck_foot_missing_matching_specialty","cd72752a-0361-41ac-87ab-834bfd09145b","1405df1d-8d4c-4c97-b8b9-177a12fa5fa5","kLD[xD8_jG","Which provocative physical exam test indicates an Achilles tendon rupture ? {{c1::Thompson test}}","Marty McFlyin's Ortho Deck::3) OrthoBullets::Foot & Ankle::F&A Trauma::Tendon Injuries::Achilles Tendon Rupture","SnapOrtho::Anatomy::Foot_Ankle | SnapOrtho::Anatomy::Foot_Ankle::Tendons | SnapOrtho::Anatomy::Foot_Ankle::Tendons::Achilles_Tendon | SnapOrtho::Diagnosis::Achilles_Tendon_Rupture","","",""
"deck_foot_missing_matching_specialty:146:ed6a1a31-67e0-431a-9a7c-6d4da02d8b2b","deck_foot_missing_matching_specialty","ed6a1a31-67e0-431a-9a7c-6d4da02d8b2b","c0c5a709-b2dd-4bab-b159-9a19a9b6ec58","m`*z:c:sW*","Treatment regimen for isolated, closed pilon fractures : 1. {{c1::Closed reduction and splinting}} 2. {{c1::External fi…","Marty McFlyin's Ortho Deck::3) OrthoBullets::Trauma::Lower Extremity::Ankle::Tibial Plafond Fractures","SnapOrtho::Specialty::Trauma | SnapOrtho::Treatment::Closed_Reduction","","",""
"deck_foot_missing_matching_specialty:147:64a27c56-95e8-4fe9-8b49-4906da70760f","deck_foot_missing_matching_specialty","64a27c56-95e8-4fe9-8b49-4906da70760f","268e347e-735a-4451-b232-85c95add9283","dR!gz`WU`F","What tendon is directly medial to the Achilles tendon ? {{c1::Plantaris tendon}}","Marty McFlyin's Ortho Deck::2) Pocket Pimped::13 Foot & Ankle::13.01 General Anatomy","SnapOrtho::Anatomy::Foot_Ankle | SnapOrtho::Anatomy::Foot_Ankle::Tendons | SnapOrtho::Anatomy::Foot_Ankle::Tendons::Achilles_Tendon","","",""
"deck_foot_missing_matching_specialty:148:76b9f767-6392-491e-aa88-a219ac881e94","deck_foot_missing_matching_specialty","76b9f767-6392-491e-aa88-a219ac881e94","79fbf25f-382e-4eee-b15c-fd0de5be3d31","t2C}`0`>}F","Immediate ORIF of the following fracture is important to prevent which complication ? {{c1::Skin necrosis}}","Marty McFlyin's Ortho Deck::3) OrthoBullets::Trauma::Lower Extremity::Hindfoot::Calcaneus Fractures","SnapOrtho::Specialty::Trauma","","",""
"deck_foot_missing_matching_specialty:149:bb682702-c761-4743-a2fb-b709ffa6de49","deck_foot_missing_matching_specialty","bb682702-c761-4743-a2fb-b709ffa6de49","79cb0ecf-547d-416a-9392-8dfcb3e0a708","Ohj2[8_HrT","What is the most common cause of adult flatfoot deformity ? {{c1::Posterior Tibial Tendon Insufficiency (PTTI)}}","Marty McFlyin's Ortho Deck::2) Pocket Pimped::13 Foot & Ankle::13.03 Conditions::Posterior Tibial Tendon Insufficiency (PTTI)","SnapOrtho::Diagnosis::Posterior_Tibial_Tendon_Insufficiency_Ptti","","",""
"deck_foot_missing_matching_specialty:150:24a54b5a-8054-4c65-acc9-1a905e4fea48","deck_foot_missing_matching_specialty","24a54b5a-8054-4c65-acc9-1a905e4fea48","4b915d44-4a61-4f1b-a352-fc6c0420e258","G]lV0y9SUh","Which ligament attaches to the anterolateral fragment in the setting of a pilon fracture ? {{c1::Anterior inferior tibi…","Marty McFlyin's Ortho Deck::2) Pocket Pimped::13 Foot & Ankle::13.02 Trauma::Pilon","SnapOrtho::Diagnosis::Pilon_Fracture | SnapOrtho::Specialty::Trauma","","",""
"deck_foot_missing_matching_specialty:151:a0c5b370-544e-4741-9c27-96d770e8b551","deck_foot_missing_matching_specialty","a0c5b370-544e-4741-9c27-96d770e8b551","4d83747b-4339-41b5-ba7f-a37f783ca6b9","BikwQ]iE3I","What is a Tillaux fracture ? {{c1::SH 3 of the anterolateral distal tibia}}","Marty McFlyin's Ortho Deck::2) Pocket Pimped::14 Pediatrics::14.05 Lower Extremity::Ankle","SnapOrtho::Anatomy::Leg_Knee | SnapOrtho::Anatomy::Leg_Knee::Osteology | SnapOrtho::Anatomy::Leg_Knee::Osteology::Tibia | SnapOrtho::Diagnosis::Ankle_Fracture","","",""
"deck_foot_missing_matching_specialty:152:be6aff69-aba0-4043-baab-b53e8751c417","deck_foot_missing_matching_specialty","be6aff69-aba0-4043-baab-b53e8751c417","9f0fe1d0-b7d8-450d-9769-ce0de439c3da","D<XqWVpJ}R","Extensor Hallucis Brevis (EHB) Origin: {{c1::Dorsolateral calcaneus}} Insertion: {{c2::Base of proximal phalanx of grea…","Marty McFlyin's Ortho Deck::1) Netter's Concise Orthopaedic Anatomy::10 Foot/Ankle::10.12 Muscles","SnapOrtho::Anatomy::Foot_Ankle | SnapOrtho::Anatomy::Foot_Ankle::Osteology | SnapOrtho::Anatomy::Foot_Ankle::Osteology::Calcaneus | SnapOrtho::Anatomy::Hand | SnapOrtho::Anatomy::Hand::Osteology | SnapOrtho::Anatomy::Hand::Osteology::Proximal_Phalanx","","",""
"deck_foot_missing_matching_specialty:153:396ac73e-fd22-4636-8226-19a28b297106","deck_foot_missing_matching_specialty","396ac73e-fd22-4636-8226-19a28b297106","d5a1c646-1df3-4344-82cc-00746ea2202b","KhQMI1bh:m","What class of antibiotics have been associated with Achilles tendon ruptures ? {{c1::Fluoroquinolones}}","Marty McFlyin's Ortho Deck::2) Pocket Pimped::13 Foot & Ankle::13.03 Conditions::Achilles Tendon","SnapOrtho::Anatomy::Foot_Ankle | SnapOrtho::Anatomy::Foot_Ankle::Tendons | SnapOrtho::Anatomy::Foot_Ankle::Tendons::Achilles_Tendon","","",""
"deck_foot_missing_matching_specialty:154:d9f5f0a4-41f1-4aa4-a8ab-eaa831316b97","deck_foot_missing_matching_specialty","d9f5f0a4-41f1-4aa4-a8ab-eaa831316b97","19962e90-877d-4ad1-ba4c-ee4906d1cb0a","D<XqWVpJ}R","Extensor Hallucis Brevis (EHB) Origin: {{c1::Dorsolateral calcaneus}} Insertion: {{c2::Base of proximal phalanx of grea…","Marty McFlyin's Ortho Deck::1) Netter's Concise Orthopaedic Anatomy::10 Foot/Ankle::10.12 Muscles","SnapOrtho::Anatomy::Foot_Ankle | SnapOrtho::Anatomy::Foot_Ankle::Osteology | SnapOrtho::Anatomy::Foot_Ankle::Osteology::Calcaneus | SnapOrtho::Anatomy::Hand | SnapOrtho::Anatomy::Hand::Osteology | SnapOrtho::Anatomy::Hand::Osteology::Proximal_Phalanx","","",""
"deck_foot_missing_matching_specialty:155:c1504fdb-8b85-4925-9086-9c8b99794644","deck_foot_missing_matching_specialty","c1504fdb-8b85-4925-9086-9c8b99794644","cf5c3882-628e-46c7-922a-0afdfba6dcb5","j5akS!,E1%","Which treatment is recommended for a purely ligamentous Lisfranc injury ? {{c1::Arthrodesis}}","Marty McFlyin's Ortho Deck::2) Pocket Pimped::13 Foot & Ankle::13.02 Trauma::Lisfranc","SnapOrtho::Diagnosis::Lisfranc_Injury","","",""
"deck_foot_missing_matching_specialty:156:58ff0976-52cf-4231-ac72-6bbd99899903","deck_foot_missing_matching_specialty","58ff0976-52cf-4231-ac72-6bbd99899903","d816e8c2-b380-4a31-90b6-4d7c9dc7c7c5","o{cw)cxLjn","For MTP subluxation or dislocation , which procedure can be utilized in addition to soft-tissue releases ? {{c1::Shorte…","Marty McFlyin's Ortho Deck::3) OrthoBullets::Foot & Ankle::Degenerative Conditions::Lesser Toe Deformities::MTP Dislocations","SnapOrtho::Specialty::Trauma","","",""
"deck_foot_missing_matching_specialty:157:63a3a140-7a04-4fa7-ba3c-0c74015b746f","deck_foot_missing_matching_specialty","63a3a140-7a04-4fa7-ba3c-0c74015b746f","e7292375-984b-4cf6-8b73-784a47e15cca","hU<RDM(k-N","What ligaments (5) make up the syndesmosis ? {{c1:: Anterior inferior tibiofibular ligament (AITFL) Posterior inferior…","Marty McFlyin's Ortho Deck::2) Pocket Pimped::13 Foot & Ankle::13.01 General Anatomy","SnapOrtho::Anatomy::Foot_Ankle | SnapOrtho::Anatomy::Foot_Ankle::Joints | SnapOrtho::Anatomy::Foot_Ankle::Joints::Syndesmosis","","",""
"deck_foot_missing_matching_specialty:158:ca3e77c0-3cd9-4de3-9b4e-7c73f3f7a6b3","deck_foot_missing_matching_specialty","ca3e77c0-3cd9-4de3-9b4e-7c73f3f7a6b3","a8fdc6bd-690d-49c0-be20-5966c2bd74b4","EFUMWVa]Pr","This is an example of a {{c1::medial::medial/lateral}} subtalar dislocation , and reduction can be blocked by {{c1::per…","Marty McFlyin's Ortho Deck::3) OrthoBullets::Trauma::Lower Extremity::Hindfoot::Subtalar Dislocations","SnapOrtho::Specialty::Trauma","","",""
"deck_foot_missing_matching_specialty:159:e74a8253-0b6f-4613-8004-3d6ae9def58d","deck_foot_missing_matching_specialty","e74a8253-0b6f-4613-8004-3d6ae9def58d","cc7e4d7b-3131-43ae-9763-0c53f77c1895","r_wzSWD1`p","What type of mechanism typically leads to Triplane and Tillaux fractures ? {{c1::External rotation force}}","Marty McFlyin's Ortho Deck::2) Pocket Pimped::14 Pediatrics::14.05 Lower Extremity::Ankle","SnapOrtho::Specialty::Trauma","","",""
"deck_foot_missing_matching_specialty:160:f53549ab-af42-4fa5-80d6-899c4e2aa0cc","deck_foot_missing_matching_specialty","f53549ab-af42-4fa5-80d6-899c4e2aa0cc","0edf64d0-e288-454d-9714-2fb8b31b50cc","p?$R3dWB*$","What is a Bosworth fracture-dislocation ? {{c1::Distal fibula fracture with a fixed posterior fibular dislocation}}","Marty McFlyin's Ortho Deck::2) Pocket Pimped::13 Foot & Ankle::13.02 Trauma::Ankle","SnapOrtho::Anatomy::Leg_Knee | SnapOrtho::Anatomy::Leg_Knee::Osteology | SnapOrtho::Anatomy::Leg_Knee::Osteology::Fibula | SnapOrtho::Specialty::Trauma","","",""
"deck_foot_missing_matching_specialty:161:b6aa9cd4-6821-41cc-b5d0-ae014bdfa5fb","deck_foot_missing_matching_specialty","b6aa9cd4-6821-41cc-b5d0-ae014bdfa5fb","82bd591c-d256-4160-a737-bf7152a8e9d2","GxmppJx{TY","What x-ray findings (3) suggest syndesmotic injury ? {{c1:: Decreased tibiofibular overlap Increased tibiofibular clear…","Marty McFlyin's Ortho Deck::2) Pocket Pimped::13 Foot & Ankle::13.02 Trauma::Ankle","SnapOrtho::Anatomy::Foot_Ankle | SnapOrtho::Anatomy::Foot_Ankle::Ligaments | SnapOrtho::Anatomy::Foot_Ankle::Ligaments::Deltoid_Ligament","","",""
"deck_foot_missing_matching_specialty:162:1b45c192-6369-48c8-8057-06e1454336f4","deck_foot_missing_matching_specialty","1b45c192-6369-48c8-8057-06e1454336f4","83bc4bfe-fa31-4a00-9771-471438bbb26e","Q./Y3+j;~/","What provocative maneuver can be performed in a patient with suspected peroneal tendon dislocation ? {{c1::Apprehension…","Marty McFlyin's Ortho Deck::2) Pocket Pimped::13 Foot & Ankle::13.03 Conditions::Peroneal Tendons","SnapOrtho::Specialty::Trauma","","",""
"deck_foot_missing_matching_specialty:163:dd8f8047-1a29-4b9c-bdcd-cdea936d2fe8","deck_foot_missing_matching_specialty","dd8f8047-1a29-4b9c-bdcd-cdea936d2fe8","18abbd16-24de-4e6c-b812-40bb96d50173","vq8ZzINTf+","Mechanism of injury of the following 5th MT base fractures : Zone 1: {{c1::Plantarflexion and hindfoot inversion}} Zone…","Marty McFlyin's Ortho Deck::3) OrthoBullets::Foot & Ankle::F&A Trauma::Mid & Forefoot Trauma::5th Metatarsal Base Fracture","SnapOrtho::Specialty::Trauma","","",""
"deck_foot_missing_matching_specialty:164:b9028aaa-11f4-49c8-90c8-e14d7373ecb6","deck_foot_missing_matching_specialty","b9028aaa-11f4-49c8-90c8-e14d7373ecb6","5f061c87-9ab3-419b-8eb7-4f6d6e27c46b","p9+F#Qb^Lr","Syndesmosis injury will present with {{c1::decreased::increased/decreased}} tibiofibular overlap and {{c1::increased::i…","Marty McFlyin's Ortho Deck::3) OrthoBullets::Foot & Ankle::F&A Trauma::Ankle Sprains::High Ankle Sprain & Syndesmosis Injury","SnapOrtho::Anatomy::Foot_Ankle | SnapOrtho::Anatomy::Foot_Ankle::Joints | SnapOrtho::Anatomy::Foot_Ankle::Joints::Syndesmosis","","",""
"deck_foot_missing_matching_specialty:165:8727c51c-a2c4-4010-85af-0a29c44630d1","deck_foot_missing_matching_specialty","8727c51c-a2c4-4010-85af-0a29c44630d1","e9cf2193-37d8-4a41-b4bf-6f3e4ecca8cd","v*S{|JSk!m","What are the four different deformities associated with clubfoot (talipes equinovarus)? {{c1:: C avus midfoot Forefoot…","Marty McFlyin's Ortho Deck::1) Netter's Concise Orthopaedic Anatomy::10 Foot/Ankle::10.16 Pediatric Disorders","SnapOrtho::Anatomy::Foot_Ankle | SnapOrtho::Anatomy::Foot_Ankle::Osteology | SnapOrtho::Anatomy::Foot_Ankle::Osteology::Midfoot","","",""
"deck_foot_missing_matching_specialty:166:40e28e9a-3dd6-405d-b07f-9a92ec74083d","deck_foot_missing_matching_specialty","40e28e9a-3dd6-405d-b07f-9a92ec74083d","c91dc655-d599-4008-8c55-fad978728418","vv=JG!Z2kl","How is the Cotton test performed ? {{c1::Fluoroscopic exam while pulling the fibula laterally}}","Marty McFlyin's Ortho Deck::2) Pocket Pimped::13 Foot & Ankle::13.02 Trauma::Ankle","SnapOrtho::Anatomy::Leg_Knee | SnapOrtho::Anatomy::Leg_Knee::Osteology | SnapOrtho::Anatomy::Leg_Knee::Osteology::Fibula","","",""
"deck_foot_missing_matching_specialty:167:52a7dce3-8e43-4fee-afa9-b7a29d77b91b","deck_foot_missing_matching_specialty","52a7dce3-8e43-4fee-afa9-b7a29d77b91b","17ea775f-5279-4438-b299-db203f2604f1","ypnOJi!LiY","The best method to assess the integrity of the syndesmosis intraoperatively is {{c1::external rotation stress test}}.","Marty McFlyin's Ortho Deck::3) OrthoBullets::Trauma::Lower Extremity::Ankle::Ankle Fractures","SnapOrtho::Anatomy::Foot_Ankle | SnapOrtho::Anatomy::Foot_Ankle::Joints | SnapOrtho::Anatomy::Foot_Ankle::Joints::Syndesmosis | SnapOrtho::Anatomy::Leg_Knee | SnapOrtho::Anatomy::Leg_Knee::Osteology | SnapOrtho::Anatomy::Leg_Knee::Osteology::Fibula","","",""
"deck_foot_missing_matching_specialty:168:4425d6cd-fc2d-420f-bef0-4b7c68b3a2ae","deck_foot_missing_matching_specialty","4425d6cd-fc2d-420f-bef0-4b7c68b3a2ae","e8f4b951-7c2b-4ce3-a92e-79b03fbcbdc0","o%dc{q;p/G","This is an example of a {{c1::lateral::medial/lateral}} subtalar dislocation , and reduction can be blocked by {{c1::PT…","Marty McFlyin's Ortho Deck::3) OrthoBullets::Trauma::Lower Extremity::Hindfoot::Subtalar Dislocations","SnapOrtho::Specialty::Trauma","","",""
"deck_foot_missing_matching_specialty:169:b6135b47-2dd0-4732-bfa5-e5e92b0dc2b9","deck_foot_missing_matching_specialty","b6135b47-2dd0-4732-bfa5-e5e92b0dc2b9","6dd866f7-dd68-4c41-9e6e-2af2c4634bc0","uCJH?&C?hC","What is the classification for pilon fractures ? {{c1::Ruedi and Allgower Classification}}","Marty McFlyin's Ortho Deck::2) Pocket Pimped::13 Foot & Ankle::13.02 Trauma::Pilon","SnapOrtho::Specialty::Trauma","","",""
"deck_foot_missing_matching_specialty:170:2f386569-fe58-41a2-97d1-bd7bf81f6e2b","deck_foot_missing_matching_specialty","2f386569-fe58-41a2-97d1-bd7bf81f6e2b","5127f67c-bb56-4909-977c-2a91ae2db7c8","JS`!=GDDfx","Name the disorder: History of diabetes Decreased sensation - patient cannot detect fracture/dislocation Red, warm, swol…","Marty McFlyin's Ortho Deck::1) Netter's Concise Orthopaedic Anatomy::10 Foot/Ankle::10.15 Disorders","SnapOrtho::Specialty::Trauma","","",""
"deck_foot_missing_matching_specialty:171:f303ba24-7b33-4a36-9f5c-26b59b29f763","deck_foot_missing_matching_specialty","f303ba24-7b33-4a36-9f5c-26b59b29f763","40ed8250-0e91-4bd6-af97-30cdd66aa255","LwRM01Fc|Y","Adductor Hallucis Origin: -Oblique: {{c1::Base 2-4 MT}} -Transverse: {{c1::Lateral 4 MTP}} Insertion: {{c2::Through lat…","Marty McFlyin's Ortho Deck::1) Netter's Concise Orthopaedic Anatomy::10 Foot/Ankle::10.12 Muscles","SnapOrtho::Anatomy::Hand | SnapOrtho::Anatomy::Hand::Osteology | SnapOrtho::Anatomy::Hand::Osteology::Proximal_Phalanx","","",""
"deck_foot_missing_matching_specialty:172:1d188b29-3d9a-4b31-aae7-5cd3aea3f408","deck_foot_missing_matching_specialty","1d188b29-3d9a-4b31-aae7-5cd3aea3f408","551309e5-5555-4648-87ba-f1763007aa88","p=!*etf+ZZ","Surgical treatment for the following bunionette deformities : Enlarged 5th MT head (type I): {{c1::Lateral condylectomy…","Marty McFlyin's Ortho Deck::3) OrthoBullets::Foot & Ankle::Degenerative Conditions::Lesser Toe Deformities::Bunionette Deformity","SnapOrtho::Specialty::Pediatric_Orthopedics","","",""
"deck_foot_missing_matching_specialty:173:2e40bfdb-fb52-4b63-9592-a0482b16ea24","deck_foot_missing_matching_specialty","2e40bfdb-fb52-4b63-9592-a0482b16ea24","0130a44b-a0c6-4d26-9a15-beb3e1bd5854","Jn+~CfvqY5","What is the most common complication following traumatic injury to the syndesmosis ? {{c1::Posttraumatic tibiofibular s…","Marty McFlyin's Ortho Deck::3) OrthoBullets::Foot & Ankle::F&A Trauma::Ankle Sprains::High Ankle Sprain & Syndesmosis Injury","SnapOrtho::Anatomy::Foot_Ankle | SnapOrtho::Anatomy::Foot_Ankle::Joints | SnapOrtho::Anatomy::Foot_Ankle::Joints::Syndesmosis | SnapOrtho::Specialty::Trauma","","",""
"deck_foot_missing_matching_specialty:174:06660828-cc42-4a5b-9193-a550458d76f5","deck_foot_missing_matching_specialty","06660828-cc42-4a5b-9193-a550458d76f5","9fe40f41-1736-4200-a3ae-898ed36750b4","CR1HK&9&Yp","On physical exam, see the following images when the patient dorsiflexes. Where is the injury located? {{c1::Superior pe…","Marty McFlyin's Ortho Deck::3) OrthoBullets::Foot & Ankle::F&A Trauma::Tendon Injuries::Peroneal Tendon Tears and Instability","SnapOrtho::Anatomy::Foot_Ankle | SnapOrtho::Anatomy::Foot_Ankle::Osteology | SnapOrtho::Anatomy::Foot_Ankle::Osteology::Lateral_Malleolus","","",""
"deck_foot_missing_matching_specialty:175:13f43fe9-c20b-4afb-afb6-fbbfe20a66cc","deck_foot_missing_matching_specialty","13f43fe9-c20b-4afb-afb6-fbbfe20a66cc","1ee50a55-344a-41ed-8cb0-344c70d880b7","d~Lkkxu/vN","What does the preoperative external rotation stress test evaluate ? {{c1::Deltoid ligament integrity}}","Marty McFlyin's Ortho Deck::2) Pocket Pimped::13 Foot & Ankle::13.02 Trauma::Ankle","SnapOrtho::Anatomy::Foot_Ankle | SnapOrtho::Anatomy::Foot_Ankle::Ligaments | SnapOrtho::Anatomy::Foot_Ankle::Ligaments::Deltoid_Ligament","","",""
"deck_foot_missing_matching_specialty:176:90baad61-9139-4aa6-b661-d461799b9bad","deck_foot_missing_matching_specialty","90baad61-9139-4aa6-b661-d461799b9bad","bddd14f2-02b3-411d-8e9e-a3890cdf56ee","fOn!eahBvl","What other joint commonly dislocates with subtalar joint dislocations ? {{c1::Talonavicular joint}}","Marty McFlyin's Ortho Deck::2) Pocket Pimped::13 Foot & Ankle::13.02 Trauma::Subtalar Dislocations","SnapOrtho::Anatomy::Foot_Ankle | SnapOrtho::Anatomy::Foot_Ankle::Joints | SnapOrtho::Anatomy::Foot_Ankle::Joints::Subtalar_Joint | SnapOrtho::Specialty::Trauma","","",""
"deck_foot_missing_matching_specialty:177:55849831-d981-4ae6-9b21-0c233e0a8108","deck_foot_missing_matching_specialty","55849831-d981-4ae6-9b21-0c233e0a8108","bfa9915b-6758-4aaa-b96b-7c4b7018303b","Pn#:OX5c/t","Subluxation or dislocation of the peroneal tendons is secondary to disruption of the {{c1::superior peroneal retinaculu…","Marty McFlyin's Ortho Deck::3) OrthoBullets::Foot & Ankle::F&A Trauma::Tendon Injuries::Peroneal Tendon Tears and Instability","SnapOrtho::Specialty::Trauma","","",""
"deck_foot_missing_matching_specialty:178:3e37ed73-fe39-46a2-a8d9-3d96307fea6e","deck_foot_missing_matching_specialty","3e37ed73-fe39-46a2-a8d9-3d96307fea6e","8d1e0882-032e-4d49-9a4b-81070adf7786","LwRM01Fc|Y","Adductor Hallucis Origin: -Oblique: {{c1::Base 2-4 MT}} -Transverse: {{c1::Lateral 4 MTP}} Insertion: {{c2::Through lat…","Marty McFlyin's Ortho Deck::1) Netter's Concise Orthopaedic Anatomy::10 Foot/Ankle::10.12 Muscles","SnapOrtho::Anatomy::Hand | SnapOrtho::Anatomy::Hand::Osteology | SnapOrtho::Anatomy::Hand::Osteology::Proximal_Phalanx","","",""
"deck_foot_missing_matching_specialty:179:c29c2be2-3ca0-4c83-91df-a1e58c8c733a","deck_foot_missing_matching_specialty","c29c2be2-3ca0-4c83-91df-a1e58c8c733a","ed35c527-13aa-41c7-87f8-e28bc688e932","u*](6j?|Y,","What is a triplane fracture ? {{c1::Complex SH IV injury with fractures in three planes (axial, coronal, sagittal)}}","Marty McFlyin's Ortho Deck::2) Pocket Pimped::14 Pediatrics::14.05 Lower Extremity::Ankle","SnapOrtho::Specialty::Trauma","","",""
"deck_shoulder_missing_matching_specialty:180:635ee20b-8573-4523-ae97-051c992aa46e","deck_shoulder_missing_matching_specialty","635ee20b-8573-4523-ae97-051c992aa46e","a0d05de1-af94-44cb-9007-2bab59810664","kdlk/kK2:k","Which two (2) approaches are most commonly utilized during fixation of scapular body/neck fractures ? {{c1::Straight po…","Marty McFlyin's Ortho Deck::3) OrthoBullets::Trauma::Upper Extremity::Shoulder::Scapula Fractures","SnapOrtho::Specialty::Trauma","","",""
"deck_shoulder_missing_matching_specialty:181:78bc027c-9353-4c57-959f-5fda76b03a1a","deck_shoulder_missing_matching_specialty","78bc027c-9353-4c57-959f-5fda76b03a1a","b52c9dca-c746-4da1-b279-61a0843ab771","c:!?h~7fG!","What percentage of the radial head articulates with the ulna ? {{c1::75%}}","Marty McFlyin's Ortho Deck::3) OrthoBullets::Trauma::Upper Extremity::Elbow::Elbow Dislocation","SnapOrtho::Anatomy::Forearm | SnapOrtho::Anatomy::Forearm::Osteology | SnapOrtho::Anatomy::Forearm::Osteology::Ulna | SnapOrtho::Diagnosis::Radial_Head_Fractures | SnapOrtho::Treatment::Safe_Zone_Principles","","",""
"deck_shoulder_missing_matching_specialty:182:8e71e0d5-aec3-478d-8829-ed008c995534","deck_shoulder_missing_matching_specialty","8e71e0d5-aec3-478d-8829-ed008c995534","cbaaaab8-3b81-4df5-a248-02287f3d2979","OUx~}D:2c[","During surgical treatment of an olecranon fracture with a tension band construct as seen in the figure below, what nerv…","Marty McFlyin's Ortho Deck::3) OrthoBullets::Trauma::Upper Extremity::Elbow::Olecranon Fractures","SnapOrtho::Anatomy::Forearm | SnapOrtho::Anatomy::Forearm::Nerves | SnapOrtho::Anatomy::Forearm::Nerves::Anterior_Interosseous_Nerve | SnapOrtho::Anatomy::Forearm::Osteology | SnapOrtho::Anatomy::Forearm::Osteology::Ulna | SnapOrtho::Anatomy::Hand | SnapOrtho::Anatomy::Hand::Joints | SnapOrtho::Anatomy::Hand::Joints::DIP_Joint | SnapOrtho::Specialty::Hand_Upper_Extremity | SnapOrtho::Specialty::Trauma","","",""
"deck_shoulder_missing_matching_specialty:183:37702c69-02c0-48ea-a600-0d70edb22b23","deck_shoulder_missing_matching_specialty","37702c69-02c0-48ea-a600-0d70edb22b23","e0c4cb14-5572-4102-836b-3ebcea531a78","cyM-JHHwli","What is the most frequently reported complication following operative fixation of olecranon fractures ? {{c1::Symptomat…","Marty McFlyin's Ortho Deck::3) OrthoBullets::Trauma::Upper Extremity::Elbow::Olecranon Fractures","SnapOrtho::Diagnosis::Olecranon_Fractures | SnapOrtho::Specialty::Trauma","","",""
"deck_shoulder_missing_matching_specialty:184:c9353f91-5fe3-4a37-a184-1bcf8d264e5c","deck_shoulder_missing_matching_specialty","c9353f91-5fe3-4a37-a184-1bcf8d264e5c","3502de2a-6b1b-47df-a7b9-75fdbec41cdb","G1nOJIoEOD","Name the eponym : Radial head fracture + DRUJ injury + intraosseous membrane disruption = {{c1::Essex-Lopresti injury}}","Marty McFlyin's Ortho Deck::3) OrthoBullets::Trauma::Upper Extremity::Elbow::Radial Head Fractures","SnapOrtho::Anatomy::Forearm | SnapOrtho::Anatomy::Forearm::Joints | SnapOrtho::Anatomy::Forearm::Joints::Distal_Radioulnar_Joint | SnapOrtho::Specialty::Hand_Upper_Extremity | SnapOrtho::Specialty::Trauma","","",""
"deck_shoulder_missing_matching_specialty:185:c8e68a7f-f84b-4ac5-8323-744e25ee04d9","deck_shoulder_missing_matching_specialty","c8e68a7f-f84b-4ac5-8323-744e25ee04d9","1738ce1b-d604-4c15-a7ee-1af0f7a33e3c","FqzAG+-I)g","Four (4) operative treatments for olecranon fractures : {{c1:: Tension band technique Intramedullary fixation Plate and…","Marty McFlyin's Ortho Deck::3) OrthoBullets::Trauma::Upper Extremity::Elbow::Olecranon Fractures","SnapOrtho::Diagnosis::Olecranon_Fractures | SnapOrtho::Specialty::Trauma","","",""
"deck_shoulder_missing_matching_specialty:186:e73e40b8-0ed0-45d3-84ae-06c0142c7819","deck_shoulder_missing_matching_specialty","e73e40b8-0ed0-45d3-84ae-06c0142c7819","96e66224-f664-4a1f-ad45-f81c6feb6d64","k!{tsW@rLg","Patient suffers a displaced midshaft clavicle fracture and decides to treat it nonoperatively . Nine months later he pr…","Marty McFlyin's Ortho Deck::3) OrthoBullets::Trauma::Upper Extremity::Shoulder::Midshaft Clavicle Fractures","SnapOrtho::Anatomy::Shoulder_Girdle | SnapOrtho::Anatomy::Shoulder_Girdle::Osteology | SnapOrtho::Anatomy::Shoulder_Girdle::Osteology::Clavicle | SnapOrtho::Diagnosis::Clavicle_Fracture | SnapOrtho::Diagnosis::Clavicle_Nonunion | SnapOrtho::Diagnosis::Fracture_Nonunion | SnapOrtho::Specialty::Trauma | SnapOrtho::Treatment::Clavicle_ORIF","","",""
"deck_shoulder_missing_matching_specialty:187:7f3da2d8-c29a-42a8-ba6c-c83c1dc39590","deck_shoulder_missing_matching_specialty","7f3da2d8-c29a-42a8-ba6c-c83c1dc39590","cd1d883b-b21c-4c48-9131-f4ea323ee2b6","vO<]9onx7*","A paralabral cyst on MRI is indicative of what pathology? {{c1::Labral tear}}","Marty McFlyin's Ortho Deck::2) Pocket Pimped::02 Shoulder Girdle::02.03 Sports::Shoulder Instability & Labrum","SnapOrtho::Specialty::Sports_Medicine","","",""
"deck_shoulder_missing_matching_specialty:188:297207e9-1bfb-43f4-a4ee-679e0a5972f6","deck_shoulder_missing_matching_specialty","297207e9-1bfb-43f4-a4ee-679e0a5972f6","f1fda8e0-cf14-4301-b25b-bcc246934d33","lEC(nF#Tu9","What is the most common complication after TEA <10 years after surgery? {{c1::Bushing wear}}","Marty McFlyin's Ortho Deck::5) AAOS Res Study::Shoulder and Elbow","SnapOrtho::Diagnosis::Aseptic_Loosening","","",""
"deck_shoulder_missing_matching_specialty:189:b0e99fbe-7dac-4794-9189-0d18a9b5b3a4","deck_shoulder_missing_matching_specialty","b0e99fbe-7dac-4794-9189-0d18a9b5b3a4","0d9f790b-6853-4f35-8952-e693e50d29f7","O+HBJ!(PZ3","{{c1::Anterior::anterior/posterior}} sternoclavicular dislocations present with a palpable bump , while {{c1::posterior…","Marty McFlyin's Ortho Deck::3) OrthoBullets::Trauma::Upper Extremity::Shoulder::Sternoclavicular Dislocation","SnapOrtho::Specialty::Trauma","","",""
"deck_shoulder_missing_matching_specialty:190:aee95da9-72dd-4475-ae11-09232166a57f","deck_shoulder_missing_matching_specialty","aee95da9-72dd-4475-ae11-09232166a57f","29db4ce9-b5f6-4576-abb8-aa846b0173c2","bKX3@rM#9l","What nerve is at risk with arthroscopic SLAP repair ? {{c1::Suprascapular nerve}}","Marty McFlyin's Ortho Deck::2) Pocket Pimped::02 Shoulder Girdle::02.03 Sports::Shoulder Instability & Labrum","SnapOrtho::Diagnosis::Slap_Tear | SnapOrtho::Specialty::Sports_Medicine","","",""
"deck_shoulder_missing_matching_specialty:191:de3248b6-1f72-4c03-bb5e-526f17f55e0c","deck_shoulder_missing_matching_specialty","de3248b6-1f72-4c03-bb5e-526f17f55e0c","15f34843-f75d-4552-b7e0-3524293043cc","nzgor=3h~n","What complications (2) can occur following ORIF of a radial neck fracture with extensive dissection ? {{c1:: Radioulnar…","Marty McFlyin's Ortho Deck::2) Pocket Pimped::14 Pediatrics::14.03 Upper Extremity::Elbow","SnapOrtho::Diagnosis::Avascular_Necrosis | SnapOrtho::Specialty::Trauma","","",""
"deck_shoulder_missing_matching_specialty:192:4b088fb1-f579-4eb9-a3a2-a24bb938c2bf","deck_shoulder_missing_matching_specialty","4b088fb1-f579-4eb9-a3a2-a24bb938c2bf","7e5d34ee-d8d6-4dcd-b147-6e772a050168","kcSwqs[K]3","Ulnar collateral ligament (UCL) reconstruction using a {{c1::flexor-pronator muscle-splitting}} approach and a {{c1::do…","Marty McFlyin's Ortho Deck::3) OrthoBullets::Shoulder & Elbow::Elbow::Instability and Throwing Injuries::Medial Ulnar Collateral Ligament Injury","SnapOrtho::Anatomy::Elbow | SnapOrtho::Anatomy::Elbow::Ligaments | SnapOrtho::Anatomy::Elbow::Ligaments::Ulnar_Collateral_Ligament | SnapOrtho::Anatomy::Elbow::Nerves | SnapOrtho::Anatomy::Elbow::Nerves::Ulnar_Nerve | SnapOrtho::Diagnosis::UCL_Injury | SnapOrtho::Treatment::UCL_Injury_Reconstruction","","",""
"deck_shoulder_missing_matching_specialty:193:27c82bc6-5cef-44e6-8d66-ba2654080d45","deck_shoulder_missing_matching_specialty","27c82bc6-5cef-44e6-8d66-ba2654080d45","61836096-9e47-4d43-9d78-889bd7be2ecd","KJ+Oeflo40","What is the only absolute indication for operative management of a scapula fracture ? {{c1::Open fracture}}","Marty McFlyin's Ortho Deck::3) OrthoBullets::Trauma::Upper Extremity::Shoulder::Scapula Fractures","SnapOrtho::Diagnosis::Open_Fracture | SnapOrtho::Specialty::Trauma","","",""
"deck_shoulder_missing_matching_specialty:194:01648cf0-d68f-4aa9-b263-78bbe8de41e6","deck_shoulder_missing_matching_specialty","01648cf0-d68f-4aa9-b263-78bbe8de41e6","5a2ca97d-4e71-4a21-a64f-e91b25356c28","ftzqY%qfD{","In the context of a midshaft clavicle fracture , the medial fragment is pulled posterosuperiorly by the {{c1::sternocle…","Marty McFlyin's Ortho Deck::3) OrthoBullets::Trauma::Upper Extremity::Shoulder::Midshaft Clavicle Fractures","SnapOrtho::Anatomy::Shoulder_Girdle | SnapOrtho::Anatomy::Shoulder_Girdle::Osteology | SnapOrtho::Anatomy::Shoulder_Girdle::Osteology::Clavicle | SnapOrtho::Diagnosis::Clavicle_Fracture | SnapOrtho::Specialty::Trauma","","",""
"deck_shoulder_missing_matching_specialty:195:a161b3a7-681e-4b7f-99bc-eb2fa13a7cc8","deck_shoulder_missing_matching_specialty","a161b3a7-681e-4b7f-99bc-eb2fa13a7cc8","be70f54d-1ffa-4536-87ef-c95e72b7d025","mG1_)PFxQD","What is the primary method of nonoperative management for scapula fractures ? {{c1::Sling for 2-3 weeks, followed by ea…","Marty McFlyin's Ortho Deck::3) OrthoBullets::Trauma::Upper Extremity::Shoulder::Scapula Fractures","SnapOrtho::Diagnosis::Scapula_Fractures | SnapOrtho::Specialty::Trauma","","",""
"deck_shoulder_missing_matching_specialty:196:5c1a524f-0cdf-452c-9dea-ffe6c0529a06","deck_shoulder_missing_matching_specialty","5c1a524f-0cdf-452c-9dea-ffe6c0529a06","57c89ce6-c3f6-4bea-89db-2d27668fc79b","exa;+J/C-G","When treating an olecranon fracture with a {{c2::tension-band construct}}, the construct converts {{c1::distraction}} f…","Marty McFlyin's Ortho Deck::3) OrthoBullets::Trauma::Upper Extremity::Elbow::Olecranon Fractures","SnapOrtho::Anatomy::Leg_Knee | SnapOrtho::Anatomy::Leg_Knee::Osteology | SnapOrtho::Anatomy::Leg_Knee::Osteology::Patella | SnapOrtho::Specialty::Trauma | SnapOrtho::Treatment::Patella_ORIF","","",""
"deck_shoulder_missing_matching_specialty:197:6fa8b18f-f4c6-4d55-9a6b-582edf3b943e","deck_shoulder_missing_matching_specialty","6fa8b18f-f4c6-4d55-9a6b-582edf3b943e","bec0a236-743a-4832-8b7e-735e33ad72ff","FU0MYUJz}F","Which ligament provides anterior and posterior stability to the clavicle ? {{c1::Acromioclavicular (AC)}}","Marty McFlyin's Ortho Deck::2) Pocket Pimped::02 Shoulder Girdle::02.01 General Anatomy","SnapOrtho::Anatomy::Shoulder_Girdle | SnapOrtho::Anatomy::Shoulder_Girdle::Osteology | SnapOrtho::Anatomy::Shoulder_Girdle::Osteology::Clavicle","","",""
"deck_shoulder_missing_matching_specialty:198:35f1df34-5860-4f60-903e-d5d80a1f6a8e","deck_shoulder_missing_matching_specialty","35f1df34-5860-4f60-903e-d5d80a1f6a8e","01f90c6a-3628-400f-afc6-b1182dca2964","QL|V_Ezm@J","Which two (2) structures are typically injured in posteromedial rotatory instabiliy ? {{c1::LCL Coronoid anteromedial f…","Marty McFlyin's Ortho Deck::3) OrthoBullets::Trauma::Upper Extremity::Elbow::Coronoid Fractures","SnapOrtho::Specialty::Trauma","","",""
"deck_shoulder_missing_matching_specialty:199:c3dbe97f-a0b3-4ffa-9edf-d6c40d222067","deck_shoulder_missing_matching_specialty","c3dbe97f-a0b3-4ffa-9edf-d6c40d222067","ed1c9721-4530-4d59-9b16-6a7c45b12f42","x`rJOEV,{V","Which pathology is demonstrated by the MRI cuts shown below? {{c1::Quadrilateral space syndrome}}","Marty McFlyin's Ortho Deck::3) OrthoBullets::Shoulder & Elbow::Shoulder::Neurovascular Disorders::Quadrilateral Space Syndrome","SnapOrtho::Anatomy::Shoulder_Girdle | SnapOrtho::Anatomy::Shoulder_Girdle::Muscles | SnapOrtho::Anatomy::Shoulder_Girdle::Muscles::Teres_Minor","","",""
"deck_shoulder_missing_matching_specialty:200:07733162-5149-4573-8fca-436352884486","deck_shoulder_missing_matching_specialty","07733162-5149-4573-8fca-436352884486","39b85287-9ae2-4d4e-a775-67cb11c5b765","nCPX,KW?Al","What are three (3) possible complications of fixation after inter-articular glenoid fractures ? {{c1:: Post-traumatic a…","Marty McFlyin's Ortho Deck::3) OrthoBullets::Trauma::Upper Extremity::Shoulder::Scapula Fractures","SnapOrtho::Anatomy::Shoulder_Girdle | SnapOrtho::Anatomy::Shoulder_Girdle::Muscles | SnapOrtho::Anatomy::Shoulder_Girdle::Muscles::Subscapularis | SnapOrtho::Anatomy::Shoulder_Girdle::Osteology | SnapOrtho::Anatomy::Shoulder_Girdle::Osteology::Glenoid | SnapOrtho::Diagnosis::Post_Traumatic_Arthritis","","",""
"deck_shoulder_missing_matching_specialty:201:c900d915-1d1b-4d66-b715-e3a15d2c4136","deck_shoulder_missing_matching_specialty","c900d915-1d1b-4d66-b715-e3a15d2c4136","33164376-4f1e-48e5-b3cc-d962bef87a1a","y0|wmo1u)R","Medial scapular winging is caused by injury to the {{c1::long thoracic}} nerve. Lateral scapular winging is caused by i…","Marty McFlyin's Ortho Deck::1) Netter's Concise Orthopaedic Anatomy::03 Shoulder::03.13 Disorders","SnapOrtho::Specialty::Spine","","",""
"deck_shoulder_missing_matching_specialty:202:d7e84743-d714-4716-98ac-e856663db0ec","deck_shoulder_missing_matching_specialty","d7e84743-d714-4716-98ac-e856663db0ec","93a75ecd-bbca-48cb-bb22-ac9e6ba4226a","Bq.3.$;oB1","Glenohumeral dislocation is associated with {{c1::labral}} tears (<40 y/o) and {{c1::rotator cuff}} tears (>40 y/o)","Marty McFlyin's Ortho Deck::1) Netter's Concise Orthopaedic Anatomy::03 Shoulder::03.04 Trauma","SnapOrtho::Diagnosis::Rotator_Cuff_Tear | SnapOrtho::Specialty::Trauma","","",""
"deck_shoulder_missing_matching_specialty:203:5f9ae807-d174-43c9-814d-4b7f5f8012b4","deck_shoulder_missing_matching_specialty","5f9ae807-d174-43c9-814d-4b7f5f8012b4","827b6cec-d485-4570-9360-8e7308c62ffd","ta;_.NNV2M","What type of instability is associated with an anteromedial coronoid fracture AND LCL injury ? {{c1::Varus posteromedia…","Marty McFlyin's Ortho Deck::2) Pocket Pimped::04 Elbow::04.03 Sports::Elbow Instability","SnapOrtho::Specialty::Trauma","","",""
"deck_shoulder_missing_matching_specialty:204:808f426b-00c0-477e-ba06-58c8cc5d355b","deck_shoulder_missing_matching_specialty","808f426b-00c0-477e-ba06-58c8cc5d355b","526475db-1ab2-44f5-8f22-b1639b0bbb82","fhM_Zkmj~J","Which classification is used for distal clavicle fractures ? {{c1::Neer}}","Marty McFlyin's Ortho Deck::3) OrthoBullets::Trauma::Upper Extremity::Shoulder::Distal Clavicle Fracture","SnapOrtho::Anatomy::Shoulder_Girdle | SnapOrtho::Anatomy::Shoulder_Girdle::Osteology | SnapOrtho::Anatomy::Shoulder_Girdle::Osteology::Clavicle | SnapOrtho::Specialty::Trauma","","",""
"deck_shoulder_missing_matching_specialty:205:c088425d-0160-4e01-94f0-f71d0111aa92","deck_shoulder_missing_matching_specialty","c088425d-0160-4e01-94f0-f71d0111aa92","2f93c5e4-bbe1-44c3-b0b9-d66a7182fa7d","GH3pE_EN>k","What associated condition should be ruled out in the setting of radial neck fractures ? {{c1::Compartment Syndrome of t…","Marty McFlyin's Ortho Deck::2) Pocket Pimped::14 Pediatrics::14.03 Upper Extremity::Elbow","SnapOrtho::Diagnosis::Compartment_Syndrome | SnapOrtho::Specialty::Hand_Upper_Extremity","","",""
"deck_shoulder_missing_matching_specialty:206:08411c0b-ba3e-49ca-a3e9-3a14b03a9992","deck_shoulder_missing_matching_specialty","08411c0b-ba3e-49ca-a3e9-3a14b03a9992","67003a57-cc13-4e10-a410-ec6e98e94422","LC@P(~GZ*-","Following superior plating of a clavicular fracture , what is the most common patient complaint ? {{c1::Hardware promin…","Marty McFlyin's Ortho Deck::2) Pocket Pimped::02 Shoulder Girdle::02.02 Trauma::Clavicle","SnapOrtho::Specialty::Trauma","","",""
"deck_shoulder_missing_matching_specialty:207:60b32958-3ddb-4f5c-96b9-9bfca008d77b","deck_shoulder_missing_matching_specialty","60b32958-3ddb-4f5c-96b9-9bfca008d77b","a97c9b43-cd04-40d5-bb00-8dfd48c6367d","Nm?Mb&Y<>L","Where is the fracture located in a ""bony Bankart"" ? {{c1::Anterior inferior glenoid}}","Marty McFlyin's Ortho Deck::2) Pocket Pimped::02 Shoulder Girdle::02.03 Sports::Shoulder Instability & Labrum","SnapOrtho::Anatomy::Shoulder_Girdle | SnapOrtho::Anatomy::Shoulder_Girdle::Osteology | SnapOrtho::Anatomy::Shoulder_Girdle::Osteology::Glenoid | SnapOrtho::Specialty::Trauma","","",""
"deck_shoulder_missing_matching_specialty:208:f250f0a7-5d1f-40d4-b8a9-1560bdef011c","deck_shoulder_missing_matching_specialty","f250f0a7-5d1f-40d4-b8a9-1560bdef011c","0ed61575-5039-4b28-b280-6ab39cb49bad","joCHr])$e=","Mayo Classification of olecranon fractures : Type I: {{c1::Nondisplaced}} Type II: {{c1::Displaced, stable}} Type III:…","Marty McFlyin's Ortho Deck::3) OrthoBullets::Trauma::Upper Extremity::Elbow::Olecranon Fractures","SnapOrtho::Diagnosis::Olecranon_Fractures | SnapOrtho::Specialty::Trauma","","",""
"deck_shoulder_missing_matching_specialty:209:34cf4a77-bbc9-4bb1-a95e-2996e3357845","deck_shoulder_missing_matching_specialty","34cf4a77-bbc9-4bb1-a95e-2996e3357845","6182e735-3a5d-4124-a659-75a962629173","dwWY>7a?l#","When treating displaced midshaft clavicle fractures , do patients who receive nonoperative or operative treatment perfo…","Marty McFlyin's Ortho Deck::3) OrthoBullets::Trauma::Upper Extremity::Shoulder::Midshaft Clavicle Fractures","SnapOrtho::Anatomy::Shoulder_Girdle | SnapOrtho::Anatomy::Shoulder_Girdle::Osteology | SnapOrtho::Anatomy::Shoulder_Girdle::Osteology::Clavicle | SnapOrtho::Specialty::Trauma","","",""
"deck_shoulder_missing_matching_specialty:210:9dc6d062-8032-496f-b236-74c241e5dade","deck_shoulder_missing_matching_specialty","9dc6d062-8032-496f-b236-74c241e5dade","15ff3a5d-c55b-41db-b9eb-acecd32374b4","rp)=63<gU<","When correcting a clavicular fracture with ORIF , which p late position is biomechanically stronger ? {{c1::Superior}}","Marty McFlyin's Ortho Deck::2) Pocket Pimped::02 Shoulder Girdle::02.02 Trauma::Clavicle","SnapOrtho::Specialty::Trauma","","",""
"deck_shoulder_missing_matching_specialty:211:1f058472-fe8f-4200-9ca9-6a7e1e65d2db","deck_shoulder_missing_matching_specialty","1f058472-fe8f-4200-9ca9-6a7e1e65d2db","8056b9e4-3b53-47b0-a922-0ca378fb22e9","QBwHhp?jYG","What is the most common associated injury with radial head fractures ? {{c1::Lateral collateral ligament (LCL) injury}}","Marty McFlyin's Ortho Deck::3) OrthoBullets::Trauma::Upper Extremity::Elbow::Radial Head Fractures","SnapOrtho::Anatomy::Elbow | SnapOrtho::Anatomy::Elbow::Ligaments | SnapOrtho::Anatomy::Elbow::Ligaments::Lateral_Collateral_Ligament | SnapOrtho::Diagnosis::Radial_Head_Fractures","","",""
"deck_shoulder_missing_matching_specialty:212:4d0c283b-bad0-49d6-8e10-af3089c277bc","deck_shoulder_missing_matching_specialty","4d0c283b-bad0-49d6-8e10-af3089c277bc","6925f623-5de8-4197-8004-4a2a840eb495","NK@!FA@s:K","Primary glenohumeral osteoarthritis more often presents with {{c1::posterior}} glenoid wear; whereas RA presents with {…","Marty McFlyin's Ortho Deck::3) OrthoBullets::Shoulder & Elbow::Shoulder::Arthritis & Stiffness::Glenohumeral Arthritis","SnapOrtho::Anatomy::Shoulder_Girdle | SnapOrtho::Anatomy::Shoulder_Girdle::Osteology | SnapOrtho::Anatomy::Shoulder_Girdle::Osteology::Glenoid","","",""
"deck_shoulder_missing_matching_specialty:213:1ee66664-1c9e-4904-a54a-7c6a8a96ae1b","deck_shoulder_missing_matching_specialty","1ee66664-1c9e-4904-a54a-7c6a8a96ae1b","2ba867e0-db29-4eb9-87ee-7ba49963891d","tqrb?Cy*_u","{{c1::Sprengel's Deformity}} occurs when an omovertebral bone connects the C-spine to the scapula, which prevents the s…","Marty McFlyin's Ortho Deck::1) Netter's Concise Orthopaedic Anatomy::03 Shoulder::03.14 Pediatric Disorders","SnapOrtho::Specialty::Spine","","",""
"deck_shoulder_missing_matching_specialty:214:f70d2111-adef-4d5a-b616-fab51be6f353","deck_shoulder_missing_matching_specialty","f70d2111-adef-4d5a-b616-fab51be6f353","3da7602f-b7ae-4e0b-b6a8-5dbbbe8f89e0","NOCg;YoS+^","Nonoperative treatment of olecranon fractures involves immobilization in {{c1::45-90}} degrees of flexion initially wit…","Marty McFlyin's Ortho Deck::3) OrthoBullets::Trauma::Upper Extremity::Elbow::Olecranon Fractures","SnapOrtho::Diagnosis::Olecranon_Fractures | SnapOrtho::Specialty::Trauma","","",""
"deck_shoulder_missing_matching_specialty:215:82ee65d0-bb2a-4550-9de1-879b8d39b48b","deck_shoulder_missing_matching_specialty","82ee65d0-bb2a-4550-9de1-879b8d39b48b","b4c064e1-14fa-4a30-9b1d-d32aa0e3a2b8","G=^SQ8:)(i","{{c1::Wright's}} test can be used to evaluate for possible thoracic outlet syndrome .","Marty McFlyin's Ortho Deck::3) OrthoBullets::Shoulder & Elbow::Shoulder::Anatomy & Evaluation::Shoulder Exam","SnapOrtho::Specialty::Spine","","",""
"deck_shoulder_missing_matching_specialty:216:6fe9f938-0832-4456-9f80-e9780d91c0bc","deck_shoulder_missing_matching_specialty","6fe9f938-0832-4456-9f80-e9780d91c0bc","41d8665c-08a6-47a9-b023-69607a786c44","r=~bd/|dMb","Maximal internal rotation is highest midline spinous process reached by extended thumb. Which vertebral level should th…","Marty McFlyin's Ortho Deck::1) Netter's Concise Orthopaedic Anatomy::03 Shoulder::03.08 Physical Exam","SnapOrtho::Specialty::Hand_Upper_Extremity","","",""
"deck_shoulder_missing_matching_specialty:217:b2dc43d6-48f0-44f0-b4ed-2eab942b31e2","deck_shoulder_missing_matching_specialty","b2dc43d6-48f0-44f0-b4ed-2eab942b31e2","16135088-ff89-4ff2-9447-786abd695a32","Jj!hrbgc&>","What is the classification for scapula fracture ? {{c1::Ideberg}}","Marty McFlyin's Ortho Deck::2) Pocket Pimped::02 Shoulder Girdle::02.02 Trauma::Scapula","SnapOrtho::Anatomy::Shoulder_Girdle | SnapOrtho::Anatomy::Shoulder_Girdle::Osteology | SnapOrtho::Anatomy::Shoulder_Girdle::Osteology::Glenoid | SnapOrtho::Specialty::Trauma","","",""
"deck_shoulder_missing_matching_specialty:218:99bc405a-9a4e-41ef-a0af-807dbd29d775","deck_shoulder_missing_matching_specialty","99bc405a-9a4e-41ef-a0af-807dbd29d775","f7a78fb4-b6d9-42b6-8179-4daca1eabd61","o]/bu0Fo2t","What is initial treatment of acute sternoclavicular dislocations ? {{c1::Closed reduction under anesthesia}}","Marty McFlyin's Ortho Deck::3) OrthoBullets::Trauma::Upper Extremity::Shoulder::Sternoclavicular Dislocation","SnapOrtho::Specialty::Trauma | SnapOrtho::Treatment::Closed_Reduction","","",""
"deck_shoulder_missing_matching_specialty:219:66b0f99a-447c-437e-b2d5-b53971d17f59","deck_shoulder_missing_matching_specialty","66b0f99a-447c-437e-b2d5-b53971d17f59","8888cd48-f7cd-4fef-9b4b-47f38f7bf654","sim*/8e2S!","Brachial Plexus Name which cord innervates the following nerves ? {{c1::Lateral}}: Musculocutaneous, axillary, median {…","Marty McFlyin's Ortho Deck::3) OrthoBullets::Trauma::Upper Extremity::Shoulder::Brachial Plexus Injuries","SnapOrtho::Specialty::Hand_Upper_Extremity","","",""
"deck_shoulder_missing_matching_specialty:220:30cb2be9-0f65-4af7-950e-3b3d1700a021","deck_shoulder_missing_matching_specialty","30cb2be9-0f65-4af7-950e-3b3d1700a021","a4a7e3db-341e-4652-b13d-c8d85d3b7fa5","dk5Bp(KJ:0","23 y/o M sustains injury shown below. He chooses to undergo surgical intervention. Which surgical procedure minimizes t…","Marty McFlyin's Ortho Deck::3) OrthoBullets::Trauma::Upper Extremity::Shoulder::Distal Clavicle Fracture","SnapOrtho::Treatment::Plate_Fixation","","",""
"deck_shoulder_missing_matching_specialty:221:9874ee8b-f402-455b-9720-b52fa7b65c59","deck_shoulder_missing_matching_specialty","9874ee8b-f402-455b-9720-b52fa7b65c59","4a6fa193-1978-4ec6-b5e2-cc0e898fe677","l,xYuEPMvp","Name the following ligaments that are labeled below: A - {{c1::Radial collateral ligament}} B - {{c1::Annular ligament}…","Marty McFlyin's Ortho Deck::3) OrthoBullets::Shoulder & Elbow::Elbow::Anatomy and Evaluation::Elbow Anatomy & Biomechanics","SnapOrtho::Anatomy::Elbow | SnapOrtho::Anatomy::Elbow::Ligaments | SnapOrtho::Anatomy::Elbow::Ligaments::Radial_Collateral_Ligament | SnapOrtho::Anatomy::Elbow::Ligaments::Ulnar_Collateral_Ligament | SnapOrtho::Specialty::Hand_Upper_Extremity","","",""
"deck_shoulder_missing_matching_specialty:222:b9203cee-8314-4beb-b7ac-39471189c7c4","deck_shoulder_missing_matching_specialty","b9203cee-8314-4beb-b7ac-39471189c7c4","69240b3e-6ed5-4295-a694-624851fe1d9b","Z^ut^(&Oi","O'Brien's test is positive for SLAP tear when there is pain in the glenohumeral joint with forearm {{c1::pronation}}, b…","Marty McFlyin's Ortho Deck::3) OrthoBullets::Shoulder & Elbow::Shoulder::Anatomy & Evaluation::Shoulder Exam","SnapOrtho::Diagnosis::Slap_Tear | SnapOrtho::Specialty::Hand_Upper_Extremity","","",""
"deck_shoulder_missing_matching_specialty:223:8f9512e4-9e16-46c9-8b7e-798994899936","deck_shoulder_missing_matching_specialty","8f9512e4-9e16-46c9-8b7e-798994899936","8f2d2223-4383-42cb-91ec-ab07868ce53a","AkweY^$Mv/","What is the treatment for a malunited radial head fracture without ligamentous damage ? {{c1::Radial head resection}}","Marty McFlyin's Ortho Deck::3) OrthoBullets::Trauma::Upper Extremity::Elbow::Radial Head Fractures","SnapOrtho::Anatomy::Forearm | SnapOrtho::Anatomy::Forearm::Joints | SnapOrtho::Anatomy::Forearm::Joints::Distal_Radioulnar_Joint | SnapOrtho::Anatomy::Forearm::Other | SnapOrtho::Anatomy::Forearm::Other::Interosseous_Membrane | SnapOrtho::Diagnosis::Radial_Head_Fractures | SnapOrtho::Specialty::Trauma","","",""
"deck_shoulder_missing_matching_specialty:224:2ce85820-9afb-4c52-9602-daa542167f8c","deck_shoulder_missing_matching_specialty","2ce85820-9afb-4c52-9602-daa542167f8c","444baf58-aa64-43d0-9a85-6c5c142e1216","r0F@!>PS<H","What is an Oberlin transfer used for? {{c1::Ulnar nerve used for upper trunk injury for biceps function}}","Marty McFlyin's Ortho Deck::3) OrthoBullets::Trauma::Upper Extremity::Shoulder::Brachial Plexus Injuries","SnapOrtho::Anatomy::Elbow | SnapOrtho::Anatomy::Elbow::Nerves | SnapOrtho::Anatomy::Elbow::Nerves::Ulnar_Nerve","","",""
"deck_shoulder_missing_matching_specialty:225:7068cbde-9070-497e-9722-a4a55fa74d29","deck_shoulder_missing_matching_specialty","7068cbde-9070-497e-9722-a4a55fa74d29","7cf9194b-986a-4c53-bf27-abc9ffde504f","I{_$=!W,E5","When reducing an anterior dislocation of glenohumeral joint, what is the name of the following maneuver? {{c1::Hippocra…","Marty McFlyin's Ortho Deck::1) Netter's Concise Orthopaedic Anatomy::03 Shoulder::03.04 Trauma","SnapOrtho::Specialty::Trauma","","",""
"deck_shoulder_missing_matching_specialty:226:583cec68-6bf2-4828-aa77-2c973ec8a1ce","deck_shoulder_missing_matching_specialty","583cec68-6bf2-4828-aa77-2c973ec8a1ce","6b978ef2-7968-4b74-a04e-d19a902f4890","G5}a^rPad{","Lateral collateral ligament complex features which four (4) ligaments : {{c1:: LUCL RCL Annular ligament Accessory coll…","Marty McFlyin's Ortho Deck::3) OrthoBullets::Trauma::Upper Extremity::Elbow::Radial Head Fractures","SnapOrtho::Anatomy::Elbow | SnapOrtho::Anatomy::Elbow::Ligaments | SnapOrtho::Anatomy::Elbow::Ligaments::Lateral_Collateral_Ligament | SnapOrtho::Specialty::Hand_Upper_Extremity","","",""
"deck_shoulder_missing_matching_specialty:227:ae49e828-0e96-4a0f-aec2-d51b572f09d7","deck_shoulder_missing_matching_specialty","ae49e828-0e96-4a0f-aec2-d51b572f09d7","0e340a3a-efe0-4b26-aa03-2ca409ae6c90","H.QA]Uq+5+","In patients with scapular fractures , what other fracture is most commonly observed ? {{c1::Rib fracture}}","Marty McFlyin's Ortho Deck::3) OrthoBullets::Trauma::Upper Extremity::Shoulder::Scapula Fractures","SnapOrtho::Anatomy::Pelvis | SnapOrtho::Anatomy::Pelvis::Osteology | SnapOrtho::Anatomy::Pelvis::Osteology::Pelvis | SnapOrtho::Anatomy::Shoulder_Girdle | SnapOrtho::Anatomy::Shoulder_Girdle::Osteology | SnapOrtho::Anatomy::Shoulder_Girdle::Osteology::Clavicle | SnapOrtho::Specialty::Trauma","","",""
"deck_shoulder_missing_matching_specialty:228:fdde6d20-393f-49d4-af44-884b2ead430c","deck_shoulder_missing_matching_specialty","fdde6d20-393f-49d4-af44-884b2ead430c","44a254f1-cceb-435d-93d0-99d24ae2eb52","exa;+J/C-G","When treating an olecranon fracture with a {{c2::tension-band construct}}, the construct converts {{c1::distraction}} f…","Marty McFlyin's Ortho Deck::3) OrthoBullets::Trauma::Upper Extremity::Elbow::Olecranon Fractures","SnapOrtho::Anatomy::Leg_Knee | SnapOrtho::Anatomy::Leg_Knee::Osteology | SnapOrtho::Anatomy::Leg_Knee::Osteology::Patella | SnapOrtho::Specialty::Trauma | SnapOrtho::Treatment::Patella_ORIF","","",""
"deck_shoulder_missing_matching_specialty:229:f5e8824b-5856-4777-95df-0b23fb0f9a11","deck_shoulder_missing_matching_specialty","f5e8824b-5856-4777-95df-0b23fb0f9a11","15f78901-5bdb-42c9-b102-190beb90124a","t~y&m}V^to","Ideberg classification for scapula fractures : 1a - {{c1::anterior rim}} 1b - {{c1::posterior rim}} 2 - {{c1::glenoid f…","Marty McFlyin's Ortho Deck::3) OrthoBullets::Trauma::Upper Extremity::Shoulder::Scapula Fractures","SnapOrtho::Anatomy::Shoulder_Girdle | SnapOrtho::Anatomy::Shoulder_Girdle::Osteology | SnapOrtho::Anatomy::Shoulder_Girdle::Osteology::Glenoid | SnapOrtho::Diagnosis::Scapula_Fractures","","",""
"deck_shoulder_missing_matching_specialty:230:39d67c1b-a8ec-47d8-818f-5eb2d6c16d0b","deck_shoulder_missing_matching_specialty","39d67c1b-a8ec-47d8-818f-5eb2d6c16d0b","72cb4edd-f5a2-4f22-ba0f-3e6963525c6e","q$w}S`94FM","Four (4) components of the lateral collateral ligament complex : {{c1:: Lateral ulnar collateral ligament Radial collat…","Marty McFlyin's Ortho Deck::3) OrthoBullets::Trauma::Upper Extremity::Elbow::Terrible Triad Injury of Elbow","SnapOrtho::Anatomy::Elbow | SnapOrtho::Anatomy::Elbow::Ligaments | SnapOrtho::Anatomy::Elbow::Ligaments::Lateral_Collateral_Ligament | SnapOrtho::Anatomy::Elbow::Ligaments::Radial_Collateral_Ligament | SnapOrtho::Anatomy::Elbow::Ligaments::Ulnar_Collateral_Ligament","","",""
"deck_shoulder_missing_matching_specialty:231:bc89d260-0876-4903-9442-4297c58706e2","deck_shoulder_missing_matching_specialty","bc89d260-0876-4903-9442-4297c58706e2","8c6039ea-2877-4934-a046-9069a1ae6588","G[.{VUoo3R","When performing a mumford procedure , how much distal clavicle may be r emoved without introducing instability ? {{c1::…","Marty McFlyin's Ortho Deck::2) Pocket Pimped::02 Shoulder Girdle::02.03 Sports::Rotator Cuff","SnapOrtho::Anatomy::Shoulder_Girdle | SnapOrtho::Anatomy::Shoulder_Girdle::Osteology | SnapOrtho::Anatomy::Shoulder_Girdle::Osteology::Clavicle","","",""
"deck_shoulder_missing_matching_specialty:232:2c4fe6a7-44ec-4e44-9b1a-83d8b3c15d2f","deck_shoulder_missing_matching_specialty","2c4fe6a7-44ec-4e44-9b1a-83d8b3c15d2f","144ecbbf-8139-49f1-942a-3f27560ae6a0","elrPF(=Oo#","What cervical spine fracture can indicate a possible root avulsion following injury to the brachial plexus ? {{c1::Tran…","Marty McFlyin's Ortho Deck::3) OrthoBullets::Trauma::Upper Extremity::Shoulder::Brachial Plexus Injuries","SnapOrtho::Specialty::Spine | SnapOrtho::Specialty::Trauma","","",""
"deck_shoulder_missing_matching_specialty:233:28586747-7e7a-40f4-873c-5169253769dd","deck_shoulder_missing_matching_specialty","28586747-7e7a-40f4-873c-5169253769dd","95b7f443-0ad9-44b1-8ee4-d2c6476eed86","PJxEi-&l~l","The axillary nerve is approximately how far distal to the lateral edge of the acromion ? {{c1::5 cm}}","Marty McFlyin's Ortho Deck::2) Pocket Pimped::02 Shoulder Girdle::02.01 General Anatomy","SnapOrtho::Anatomy::Shoulder_Girdle | SnapOrtho::Anatomy::Shoulder_Girdle::Nerves | SnapOrtho::Anatomy::Shoulder_Girdle::Nerves::Axillary_Nerve","","",""
"deck_shoulder_missing_matching_specialty:234:7df31209-583c-4434-b19f-3ca2176b9f98","deck_shoulder_missing_matching_specialty","7df31209-583c-4434-b19f-3ca2176b9f98","1f5d9cd0-908f-4953-8f7d-bb6b4a93d106","L(E#.$I72b","What are the two (2) indications for nonoperative management of sternoclavicular joint dislocations ? {{c1::Atraumatic…","Marty McFlyin's Ortho Deck::3) OrthoBullets::Trauma::Upper Extremity::Shoulder::Sternoclavicular Dislocation","SnapOrtho::Anatomy::Shoulder_Girdle | SnapOrtho::Anatomy::Shoulder_Girdle::Joints | SnapOrtho::Anatomy::Shoulder_Girdle::Joints::Sternoclavicular_Joint | SnapOrtho::Specialty::Trauma","","",""
"deck_shoulder_missing_matching_specialty:235:97afd326-64cc-4e27-973e-6de19bc3dca8","deck_shoulder_missing_matching_specialty","97afd326-64cc-4e27-973e-6de19bc3dca8","4df5e354-abd8-4e26-99ae-b271c4075620","u=}H.w_13P","Name the MR arthrogram finding: {{c1::Anterior labral periosteal sleeve avulsion (ALPSA)}}","Marty McFlyin's Ortho Deck::3) OrthoBullets::Shoulder & Elbow::Shoulder::Anatomy & Evaluation::Shoulder Imaging","SnapOrtho::Specialty::Sports_Medicine","","",""
"deck_shoulder_missing_matching_specialty:236:65206545-7e23-4362-90ed-b94f0c441251","deck_shoulder_missing_matching_specialty","65206545-7e23-4362-90ed-b94f0c441251","cc99a6de-982b-4fca-be13-ceb6987d0188","AzvNRrK.rg","What is a SLAP lesion ? {{c1:: S uperior L abral tear - A nterior to P osterior}}","Marty McFlyin's Ortho Deck::2) Pocket Pimped::02 Shoulder Girdle::02.03 Sports::Shoulder Instability & Labrum","SnapOrtho::Diagnosis::Slap_Tear | SnapOrtho::Specialty::Sports_Medicine","","",""
"deck_shoulder_missing_matching_specialty:237:b90d6a1b-ed3a-406f-845f-875c170d1746","deck_shoulder_missing_matching_specialty","b90d6a1b-ed3a-406f-845f-875c170d1746","5f01b507-ebf9-44e8-b511-d96b45d940a2","vcbf3C5(Cf","If a patient presents with this xray and lateral arm numbness/tingling, what imaging test should you perform next? {{c1…","Marty McFlyin's Ortho Deck::5) AAOS Res Study::Shoulder and Elbow","SnapOrtho::Specialty::Spine","","",""
"deck_shoulder_missing_matching_specialty:238:cebb0afa-5fe4-4ba9-b941-78f353b7e684","deck_shoulder_missing_matching_specialty","cebb0afa-5fe4-4ba9-b941-78f353b7e684","4aef4344-4987-4921-a95d-973f0c47ea51","i~jz#cFlvH","35-year-old patient presents with the following injury following a motor vehicle collision. Radiograph is shown below.…","Marty McFlyin's Ortho Deck::3) OrthoBullets::Trauma::Upper Extremity::Elbow::Olecranon Fractures","SnapOrtho::Diagnosis::Olecranon_Fractures | SnapOrtho::Treatment::Plate_Fixation","","",""
"deck_shoulder_missing_matching_specialty:239:3b075d96-9159-4029-b112-19c93e539a2e","deck_shoulder_missing_matching_specialty","3b075d96-9159-4029-b112-19c93e539a2e","dae7bd4e-d2b6-4a8c-8d0d-8abd7e90368f","F}0e0]j/%,","The triangular space is made by which three borders? {{c1:: Teres minor Teres major Triceps (long head) }}","Marty McFlyin's Ortho Deck::1) Netter's Concise Orthopaedic Anatomy::03 Shoulder::03.09 Muscles","SnapOrtho::Anatomy::Shoulder_Girdle | SnapOrtho::Anatomy::Shoulder_Girdle::Muscles | SnapOrtho::Anatomy::Shoulder_Girdle::Muscles::Teres_Minor","","",""
"deck_shoulder_missing_matching_specialty:240:6a8fde0c-2f8a-472e-84aa-45f9dd61e108","deck_shoulder_missing_matching_specialty","6a8fde0c-2f8a-472e-84aa-45f9dd61e108","65f4487c-0451-4eae-87dd-1fb02a2008f8","go)fAZ#t77","What is the most common complication following MUCL reconstruction ? {{c1::Ulnar nerve neuropraxia}}","Marty McFlyin's Ortho Deck::3) OrthoBullets::Shoulder & Elbow::Elbow::Instability and Throwing Injuries::Medial Ulnar Collateral Ligament Injury","SnapOrtho::Anatomy::Elbow | SnapOrtho::Anatomy::Elbow::Nerves | SnapOrtho::Anatomy::Elbow::Nerves::Ulnar_Nerve | SnapOrtho::Specialty::Hand_Upper_Extremity","","",""
"deck_shoulder_missing_matching_specialty:241:10f42e9c-19d8-45ea-b4c3-695e4b5a11a9","deck_shoulder_missing_matching_specialty","10f42e9c-19d8-45ea-b4c3-695e4b5a11a9","a81c9f20-1983-40ca-8d97-9e0730ecabc2","g8h<5z*h-n","Teres Minor Origin: {{c1::Lateral scapula}} Insertion: {{c2::Greater tuberosity}} Action: {{c3::External rotation}} Ner…","Marty McFlyin's Ortho Deck::1) Netter's Concise Orthopaedic Anatomy::03 Shoulder::03.09 Muscles","SnapOrtho::Anatomy::Shoulder_Girdle | SnapOrtho::Anatomy::Shoulder_Girdle::Muscles | SnapOrtho::Anatomy::Shoulder_Girdle::Muscles::Teres_Minor","","",""
"deck_shoulder_missing_matching_specialty:242:ad5271a6-1f9a-428e-852c-1ec87e16be61","deck_shoulder_missing_matching_specialty","ad5271a6-1f9a-428e-852c-1ec87e16be61","4f7b36b2-1aa7-4c6f-9568-b67e681477cd","bLwrqxUQ6-","Which position of the arm is most at risk for posterior dislocation? {{c1::Flexion, adduction, and internal rotation}}","Marty McFlyin's Ortho Deck::3) OrthoBullets::Shoulder & Elbow::Shoulder::Instability::Posterior Shoulder Instability & Dislocation","SnapOrtho::Specialty::Trauma","","",""
"deck_shoulder_missing_matching_specialty:243:076c3a05-4f36-4b06-ab06-ea25fab617f4","deck_shoulder_missing_matching_specialty","076c3a05-4f36-4b06-ab06-ea25fab617f4","3c06c5ab-1510-4e8f-aff6-e0b5fa531a6b","rL6><%S?D^","What is a PASTA lesion ? {{c1::Partial Articular Supraspinatus Tendon Avulsion}}","Marty McFlyin's Ortho Deck::2) Pocket Pimped::02 Shoulder Girdle::02.03 Sports::Rotator Cuff","SnapOrtho::Anatomy::Shoulder_Girdle | SnapOrtho::Anatomy::Shoulder_Girdle::Muscles | SnapOrtho::Anatomy::Shoulder_Girdle::Muscles::Supraspinatus","","",""
"deck_shoulder_missing_matching_specialty:244:67b15b14-51d0-4dec-b434-670ff1b0ca9e","deck_shoulder_missing_matching_specialty","67b15b14-51d0-4dec-b434-670ff1b0ca9e","4fa590b0-60ce-4418-b924-7b1925380445","tvxS-4Qep+","What is a Bankart lesion ? {{c1::Anterior inferior labral tear}}","Marty McFlyin's Ortho Deck::2) Pocket Pimped::02 Shoulder Girdle::02.03 Sports::Shoulder Instability & Labrum","SnapOrtho::Specialty::Sports_Medicine","","",""
"deck_shoulder_missing_matching_specialty:245:1802e4e1-ec39-48e2-9f9e-cfbe9cd6d9dd","deck_shoulder_missing_matching_specialty","1802e4e1-ec39-48e2-9f9e-cfbe9cd6d9dd","fd71657c-c302-41e2-b7c8-3e52ab6c8415","N^VS.~AWtr","When repairing distal biceps ruptures , during the volar approach , the {{c1::recurrent radial}} artery is encountered…","Marty McFlyin's Ortho Deck::3) OrthoBullets::Shoulder & Elbow::Elbow::Tendon Conditions & Tears::Distal Biceps Avulsion","SnapOrtho::Anatomy::Hand | SnapOrtho::Anatomy::Hand::Vasculature | SnapOrtho::Anatomy::Hand::Vasculature::Radial_Artery | SnapOrtho::Treatment::Volar_Approach","","",""
"deck_shoulder_missing_matching_specialty:246:e6ef8fb9-3943-481e-92ee-cb0620327ef0","deck_shoulder_missing_matching_specialty","e6ef8fb9-3943-481e-92ee-cb0620327ef0","38129113-7b77-4fed-b3b3-2a3914fae399","dmn7ozxe:;","Damange to the {{c1::anterior interosseous}} nerve will present with the following physical exam finding .","Marty McFlyin's Ortho Deck::3) OrthoBullets::Shoulder & Elbow::Elbow::Anatomy and Evaluation::Elbow Physical Exam","SnapOrtho::Anatomy::Forearm | SnapOrtho::Anatomy::Forearm::Nerves | SnapOrtho::Anatomy::Forearm::Nerves::Anterior_Interosseous_Nerve","","",""
"deck_shoulder_missing_matching_specialty:247:b9c7952c-f6a3-4903-a996-70143cfbb2db","deck_shoulder_missing_matching_specialty","b9c7952c-f6a3-4903-a996-70143cfbb2db","4aa3dbab-ee3c-4050-b8bf-00958759311b","Fc}T;L=VyZ","What motion should be restricted in the first 6 weeks following TSA ? {{c1::External rotation to protect the subscapula…","Marty McFlyin's Ortho Deck::2) Pocket Pimped::02 Shoulder Girdle::02.04 Adult Reconstruction::Total Shoulder Arthroplasty (TSA)","SnapOrtho::Anatomy::Shoulder_Girdle | SnapOrtho::Anatomy::Shoulder_Girdle::Muscles | SnapOrtho::Anatomy::Shoulder_Girdle::Muscles::Subscapularis","","",""
"deck_shoulder_missing_matching_specialty:248:5e14cb40-4ebe-4e7d-8d13-0c7a6e26ea21","deck_shoulder_missing_matching_specialty","5e14cb40-4ebe-4e7d-8d13-0c7a6e26ea21","7acb5003-ee76-4c2a-be26-cf6ab1768c19","eB1(yo&b<4","The extensor carpi radialis brevis (ECRB) originates on the anterior aspect of the lateral epicondyle and inserts on th…","Marty McFlyin's Ortho Deck::3) OrthoBullets::Shoulder & Elbow::Elbow::Tendon Conditions & Tears::Lateral Epicondylitis (Tennis Elbow)","SnapOrtho::Specialty::Hand_Upper_Extremity","","",""
"deck_shoulder_missing_matching_specialty:249:cee8b11b-da4b-40a5-bef3-123cb44edbdd","deck_shoulder_missing_matching_specialty","cee8b11b-da4b-40a5-bef3-123cb44edbdd","8449b198-fd2c-4599-aa23-82351071034f","pp.ptvp}!t","Fracture of what percentage of the coronoid may result in instability ? {{c1::>50%}}","Marty McFlyin's Ortho Deck::2) Pocket Pimped::04 Elbow::04.03 Sports::Elbow Instability","SnapOrtho::Specialty::Trauma","","",""
"deck_shoulder_missing_matching_specialty:250:e36485b6-4d6b-43f3-bac8-be4bafd3311e","deck_shoulder_missing_matching_specialty","e36485b6-4d6b-43f3-bac8-be4bafd3311e","f65e6870-30f9-44c5-9b03-d78d7b71f263","uE)R:;2V2l","The Jobe's test (and empty can test) and drop arm test are utilized to test for {{c1::supraspinatus}} pathology.","Marty McFlyin's Ortho Deck::3) OrthoBullets::Shoulder & Elbow::Shoulder::Anatomy & Evaluation::Shoulder Exam","SnapOrtho::Anatomy::Shoulder_Girdle | SnapOrtho::Anatomy::Shoulder_Girdle::Muscles | SnapOrtho::Anatomy::Shoulder_Girdle::Muscles::Supraspinatus","","",""
"deck_shoulder_missing_matching_specialty:251:23fc4584-9ab4-4be2-a09d-5bded0896a48","deck_shoulder_missing_matching_specialty","23fc4584-9ab4-4be2-a09d-5bded0896a48","482675bb-d885-4804-9c12-642233c0bbf7","vW0F%a(a1!","Injury to which nerve causes medial scapular winging ? {{c1::Long thoracic nerve}}","Marty McFlyin's Ortho Deck::2) Pocket Pimped::02 Shoulder Girdle::02.01 General Anatomy","SnapOrtho::Specialty::Spine","","",""
"deck_shoulder_missing_matching_specialty:252:2b49c3a2-a0df-4af0-bb48-3c7ec47e31f8","deck_shoulder_missing_matching_specialty","2b49c3a2-a0df-4af0-bb48-3c7ec47e31f8","bca3f992-8d11-431b-8891-1cfc8896bbd7","v?/:UN<D,7","What are the four (4) operative strategies for treating radial head fractures ? {{c1:: ORIF Excision Arthroplasty Nail…","Marty McFlyin's Ortho Deck::3) OrthoBullets::Trauma::Upper Extremity::Elbow::Radial Head Fractures","SnapOrtho::Diagnosis::Radial_Head_Fractures | SnapOrtho::Specialty::Hand_Upper_Extremity | SnapOrtho::Specialty::Trauma | SnapOrtho::Treatment::ORIF","","",""
"deck_shoulder_missing_matching_specialty:253:67c0c78e-fb75-46af-bcd3-15ef77f32758","deck_shoulder_missing_matching_specialty","67c0c78e-fb75-46af-bcd3-15ef77f32758","f7cf6937-a007-45cd-a986-52baf0e16bfb","eN$GwxawV=","When performing ORIF on the following fracture, which nerve is at risk when cable fixation is placed 4 cm inferior to t…","Marty McFlyin's Ortho Deck::3) OrthoBullets::Shoulder & Elbow::Shoulder::Shoulder Arthroplasty::Shoulder Periprosthetic Fracture","SnapOrtho::Anatomy::Arm | SnapOrtho::Anatomy::Arm::Nerves | SnapOrtho::Anatomy::Arm::Nerves::Radial_Nerve | SnapOrtho::Specialty::Trauma","","",""
"deck_shoulder_missing_matching_specialty:254:b2d72810-f6d3-44bb-8158-0c5db5aa0089","deck_shoulder_missing_matching_specialty","b2d72810-f6d3-44bb-8158-0c5db5aa0089","619696ab-b410-4d51-a12d-84143eea2941","rdv^L%<ZBD","Which structure(s) runs through the triangular interval ? {{c1::Radial nerve and deep artery of arm}}","Marty McFlyin's Ortho Deck::1) Netter's Concise Orthopaedic Anatomy::03 Shoulder::03.09 Muscles","SnapOrtho::Anatomy::Arm | SnapOrtho::Anatomy::Arm::Nerves | SnapOrtho::Anatomy::Arm::Nerves::Radial_Nerve","","",""
"deck_shoulder_missing_matching_specialty:255:c1a0f55f-921d-48e7-9ccc-d44faad3851c","deck_shoulder_missing_matching_specialty","c1a0f55f-921d-48e7-9ccc-d44faad3851c","d22315b2-c2cc-4e2d-80f5-297e6f51831a","Dx`}N/Ki;z","This is the classic presentation of a {{c1::glenohumeral dislocation}}.","Marty McFlyin's Ortho Deck::1) Netter's Concise Orthopaedic Anatomy::03 Shoulder::03.08 Physical Exam","SnapOrtho::Specialty::Trauma","","",""
"deck_shoulder_missing_matching_specialty:256:b35e6a2d-6df8-405c-a55a-d87ab12d4d8d","deck_shoulder_missing_matching_specialty","b35e6a2d-6df8-405c-a55a-d87ab12d4d8d","118e1649-c20e-499e-a26c-eeb875407e57","MfQQc](F`p","TEA for rheumatoid arthritis has been shown to have very positive survival analysis up to 15 years, with studies showin…","Marty McFlyin's Ortho Deck::3) OrthoBullets::Shoulder & Elbow::Elbow::Elbow Arthroplasty::Total Elbow Arthroplasty","SnapOrtho::Diagnosis::Rheumatoid_Arthritis","","",""
"deck_shoulder_missing_matching_specialty:257:c12a2aac-76b6-4443-a0a8-43f90e5af0bc","deck_shoulder_missing_matching_specialty","c12a2aac-76b6-4443-a0a8-43f90e5af0bc","f93ba20a-edb4-461e-a25c-2c6fb3dde84f","x`w;Ja`;p}","The {{c1::musculocutaneous}} nerve is at risk when performing a pectorals major transfer for subscapularis insufficienc…","Marty McFlyin's Ortho Deck::3) OrthoBullets::Shoulder & Elbow::Shoulder::Impingement & Rotator Cuff::Rotator Cuff Tears","SnapOrtho::Anatomy::Shoulder_Girdle | SnapOrtho::Anatomy::Shoulder_Girdle::Muscles | SnapOrtho::Anatomy::Shoulder_Girdle::Muscles::Subscapularis","","",""
"deck_shoulder_missing_matching_specialty:258:08056602-d495-4b09-88f5-7127dc37ac39","deck_shoulder_missing_matching_specialty","08056602-d495-4b09-88f5-7127dc37ac39","f4ca3975-5795-4719-b522-0d1f280838fa","G4H7fpyMbG","What are three (3) provocative tests that can be used to assess medial ulnar collateral ligament stability ? {{c1::Valg…","Marty McFlyin's Ortho Deck::3) OrthoBullets::Shoulder & Elbow::Elbow::Instability and Throwing Injuries::Medial Ulnar Collateral Ligament Injury","SnapOrtho::Anatomy::Elbow | SnapOrtho::Anatomy::Elbow::Ligaments | SnapOrtho::Anatomy::Elbow::Ligaments::Ulnar_Collateral_Ligament | SnapOrtho::Specialty::Hand_Upper_Extremity","","",""
"deck_shoulder_missing_matching_specialty:259:097344ab-53d8-4de3-a9ae-01d0ce298e19","deck_shoulder_missing_matching_specialty","097344ab-53d8-4de3-a9ae-01d0ce298e19","5d1e0954-ae8c-4f1b-b962-f03e17bc0481","D0o-N#F9;@","Indication for nonoperative management for radial head fracture : {{c1::Mason type I fracture}}","Marty McFlyin's Ortho Deck::3) OrthoBullets::Trauma::Upper Extremity::Elbow::Radial Head Fractures","SnapOrtho::Specialty::Trauma","","",""
"deck_shoulder_missing_matching_specialty:260:dabe5cc6-37b0-472a-804e-76a03dab7339","deck_shoulder_missing_matching_specialty","dabe5cc6-37b0-472a-804e-76a03dab7339","4c82852a-4069-4895-a8b5-767c34cf41f2","ibm5}kRV^@","What MR arthrogram finding indicates contracture of the joint capsule ? {{c1::Loss of the axillary recess}}","Marty McFlyin's Ortho Deck::2) Pocket Pimped::02 Shoulder Girdle::02.03 Sports::Adhesive Capsulitis & GIRD","SnapOrtho::Anatomy::General | SnapOrtho::Anatomy::General::Joints | SnapOrtho::Anatomy::General::Joints::Joint_Capsule","","",""
"deck_shoulder_missing_matching_specialty:261:4faa314c-fe7c-49b0-959d-a899e94626b9","deck_shoulder_missing_matching_specialty","4faa314c-fe7c-49b0-959d-a899e94626b9","bc447a94-4cfe-4839-8d3b-59191ef5620d","f~Oz%Hg>vZ","What is the most common radial neck fracture classification in children? {{c1::O'Brien Classification}}","Marty McFlyin's Ortho Deck::2) Pocket Pimped::14 Pediatrics::14.03 Upper Extremity::Elbow","SnapOrtho::Specialty::Pediatric_Orthopedics | SnapOrtho::Specialty::Trauma","","",""
"deck_shoulder_missing_matching_specialty:262:f1b8bba4-0377-4cf1-af29-14d30ab92608","deck_shoulder_missing_matching_specialty","f1b8bba4-0377-4cf1-af29-14d30ab92608","de6ca3ab-5ce7-45dc-a028-f898e5735943","g8h<5z*h-n","Teres Minor Origin: {{c1::Lateral scapula}} Insertion: {{c2::Greater tuberosity}} Action: {{c3::External rotation}} Ner…","Marty McFlyin's Ortho Deck::1) Netter's Concise Orthopaedic Anatomy::03 Shoulder::03.09 Muscles","SnapOrtho::Anatomy::Shoulder_Girdle | SnapOrtho::Anatomy::Shoulder_Girdle::Muscles | SnapOrtho::Anatomy::Shoulder_Girdle::Muscles::Teres_Minor","","",""
"deck_shoulder_missing_matching_specialty:263:089e33cb-2f1c-45c9-a84f-cb713458191e","deck_shoulder_missing_matching_specialty","089e33cb-2f1c-45c9-a84f-cb713458191e","ae6bd82d-3462-4c05-84de-7f6d9eb922f4","bNR8[m-Epy","What neurologic complication can occur following lateral condyle fractures ? {{c1::Tardy ulnar nerve palsy}}","Marty McFlyin's Ortho Deck::2) Pocket Pimped::14 Pediatrics::14.03 Upper Extremity::Elbow","SnapOrtho::Anatomy::Elbow | SnapOrtho::Anatomy::Elbow::Nerves | SnapOrtho::Anatomy::Elbow::Nerves::Ulnar_Nerve","","",""
"deck_shoulder_missing_matching_specialty:264:0d800ee8-caa0-4750-a4f4-643da3ed3765","deck_shoulder_missing_matching_specialty","0d800ee8-caa0-4750-a4f4-643da3ed3765","febc3a57-4e92-4c49-b8c0-e0cbe2b9cc7c","I2Ds.2!&PV","Subscapularis Origin: {{c1::Subscapular fossa}} Insertion: {{c2::Lesser tuberosity}} Action: {{c3::Internal rotation}}…","Marty McFlyin's Ortho Deck::1) Netter's Concise Orthopaedic Anatomy::03 Shoulder::03.09 Muscles","SnapOrtho::Anatomy::Shoulder_Girdle | SnapOrtho::Anatomy::Shoulder_Girdle::Muscles | SnapOrtho::Anatomy::Shoulder_Girdle::Muscles::Subscapularis","","",""
"deck_shoulder_missing_matching_specialty:265:828199d0-5293-4a18-8997-89a95cf7744b","deck_shoulder_missing_matching_specialty","828199d0-5293-4a18-8997-89a95cf7744b","97937d20-da80-48c8-8d38-1fc2a1c82b93","K/?:DU!g&g","An olecranon apophyseal fracture in small children is pathognomonic for what condition ? {{c1::Osteogenesis Imperfecta}}","Marty McFlyin's Ortho Deck::2) Pocket Pimped::14 Pediatrics::14.03 Upper Extremity::Elbow","SnapOrtho::Specialty::Pediatric_Orthopedics | SnapOrtho::Specialty::Trauma","","",""
"deck_shoulder_missing_matching_specialty:266:9513e41a-39b4-454a-a560-4fd683820388","deck_shoulder_missing_matching_specialty","9513e41a-39b4-454a-a560-4fd683820388","e61ef0b6-0161-448a-aa7f-3b498dc055ac","g8h<5z*h-n","Teres Minor Origin: {{c1::Lateral scapula}} Insertion: {{c2::Greater tuberosity}} Action: {{c3::External rotation}} Ner…","Marty McFlyin's Ortho Deck::1) Netter's Concise Orthopaedic Anatomy::03 Shoulder::03.09 Muscles","SnapOrtho::Anatomy::Shoulder_Girdle | SnapOrtho::Anatomy::Shoulder_Girdle::Muscles | SnapOrtho::Anatomy::Shoulder_Girdle::Muscles::Teres_Minor","","",""
"deck_shoulder_missing_matching_specialty:267:9fea30ea-f923-4d85-8230-90041778fac5","deck_shoulder_missing_matching_specialty","9fea30ea-f923-4d85-8230-90041778fac5","2bda1c67-dc58-4e0c-a089-1445130f1143","u/eI#/%>I!","Cubital tunnel syndrome will present with a {{c1::weak pinch}} on motor testing during physical exam.","Marty McFlyin's Ortho Deck::3) OrthoBullets::Shoulder & Elbow::Elbow::Anatomy and Evaluation::Elbow Physical Exam","SnapOrtho::Specialty::Hand_Upper_Extremity","","",""
"deck_shoulder_missing_matching_specialty:268:6b565993-dba7-4689-8774-cdde0187b8a2","deck_shoulder_missing_matching_specialty","6b565993-dba7-4689-8774-cdde0187b8a2","8aeca2f0-6e01-4b29-aed0-d761554dfcfe","J%B%,*<gVd","Diagnosis of a sternoclavicular dislocation can be made with {{c1::serendipity}} radiographic views .","Marty McFlyin's Ortho Deck::3) OrthoBullets::Trauma::Upper Extremity::Shoulder::Sternoclavicular Dislocation","SnapOrtho::Specialty::Trauma","","",""
"deck_shoulder_missing_matching_specialty:269:9c73bc69-18e2-4aeb-86a5-1724a731893a","deck_shoulder_missing_matching_specialty","9c73bc69-18e2-4aeb-86a5-1724a731893a","ed24f29b-f826-4675-9b6a-323a224ef026","J_,!,3=w!E","This clinical photo is an example of {{c1::medial::medial/lateral}} scapular winging.","Marty McFlyin's Ortho Deck::3) OrthoBullets::Shoulder & Elbow::Shoulder::Neurovascular Disorders::Scapular Winging","SnapOrtho::Specialty::Spine","","",""
"deck_shoulder_missing_matching_specialty:270:fdfd67af-64ea-4c74-b8d5-14a3d821e9a7","deck_shoulder_missing_matching_specialty","fdfd67af-64ea-4c74-b8d5-14a3d821e9a7","85abedd4-fdd5-426b-81ef-a272376f61c3","u.g]]Xj;<t","Distal Biceps Repair Two-incision technique: Increased risk of {{c1::synostosis}} and {{c1::heterotopic ossification}}…","Marty McFlyin's Ortho Deck::3) OrthoBullets::Shoulder & Elbow::Elbow::Tendon Conditions & Tears::Distal Biceps Avulsion","SnapOrtho::Diagnosis::Heterotopic_Ossification | SnapOrtho::Specialty::Metabolic_Bone","","",""
"deck_shoulder_missing_matching_specialty:271:96c1c95d-15e2-484c-b7aa-b9a9306d4e70","deck_shoulder_missing_matching_specialty","96c1c95d-15e2-484c-b7aa-b9a9306d4e70","b43c1a81-e2e2-4564-bb98-cdc6cabf8193","Fh<46m8OiW","Closed reduction for acute SC dislocations is successful in {{c1::~25}}% of cases.","Marty McFlyin's Ortho Deck::3) OrthoBullets::Trauma::Upper Extremity::Shoulder::Sternoclavicular Dislocation","SnapOrtho::Specialty::Trauma | SnapOrtho::Treatment::Closed_Reduction","","",""
"deck_shoulder_missing_matching_specialty:272:f5f0d9ed-5cc3-4319-a259-5521a359cc49","deck_shoulder_missing_matching_specialty","f5f0d9ed-5cc3-4319-a259-5521a359cc49","edd82872-4959-4cf1-a744-3e219bb1ea4a","kwV?/!&Y16","Cadaveric studies have shown the average medial-to-lateral distance of the supraspinatus tendon footprint on the greate…","Marty McFlyin's Ortho Deck::3) OrthoBullets::Shoulder & Elbow::Shoulder::Impingement & Rotator Cuff::Rotator Cuff Tears","SnapOrtho::Anatomy::Shoulder_Girdle | SnapOrtho::Anatomy::Shoulder_Girdle::Muscles | SnapOrtho::Anatomy::Shoulder_Girdle::Muscles::Supraspinatus","","",""
"deck_shoulder_missing_matching_specialty:273:821711e0-c717-4b46-825d-b84425d1ae8d","deck_shoulder_missing_matching_specialty","821711e0-c717-4b46-825d-b84425d1ae8d","bdc85ef2-b411-4086-8491-8d75fcfc1773","w+s+(UT_Y2","When working on the inferior capsule, damage to the axillary nerve can be minimized by placing the arm in {{c1::abducti…","Marty McFlyin's Ortho Deck::3) OrthoBullets::Shoulder & Elbow::Shoulder::Instability::Traumatic Anterior Shoulder Instability (TUBS)","SnapOrtho::Anatomy::Shoulder_Girdle | SnapOrtho::Anatomy::Shoulder_Girdle::Nerves | SnapOrtho::Anatomy::Shoulder_Girdle::Nerves::Axillary_Nerve","","",""
"deck_shoulder_missing_matching_specialty:274:73bf1ce6-928f-4981-b8da-0cdc430b4a72","deck_shoulder_missing_matching_specialty","73bf1ce6-928f-4981-b8da-0cdc430b4a72","5b2493a9-85b6-4043-aa40-37e8a30074c3","g]Awa(+HP3","Subcoracoid impingement can lead to inflammation and possible tearing of the {{c1::subscapularis}}.","Marty McFlyin's Ortho Deck::3) OrthoBullets::Shoulder & Elbow::Shoulder::Impingement & Rotator Cuff::Subcoracoid Impingement","SnapOrtho::Anatomy::Shoulder_Girdle | SnapOrtho::Anatomy::Shoulder_Girdle::Muscles | SnapOrtho::Anatomy::Shoulder_Girdle::Muscles::Subscapularis","","",""
"deck_shoulder_missing_matching_specialty:275:67361d33-f4e9-4e00-87f9-6ce85a3df15d","deck_shoulder_missing_matching_specialty","67361d33-f4e9-4e00-87f9-6ce85a3df15d","938617ef-aaeb-4dce-acea-b512b9940568","l>fqWrWf&O","What is the AP dimension of the supraspinatus footprint ? {{c1::12 mm}}","Marty McFlyin's Ortho Deck::2) Pocket Pimped::02 Shoulder Girdle::02.01 General Anatomy","SnapOrtho::Anatomy::Shoulder_Girdle | SnapOrtho::Anatomy::Shoulder_Girdle::Muscles | SnapOrtho::Anatomy::Shoulder_Girdle::Muscles::Supraspinatus","","",""
"deck_shoulder_missing_matching_specialty:276:c37ad827-849e-41d7-9db2-a4ebae7744de","deck_shoulder_missing_matching_specialty","c37ad827-849e-41d7-9db2-a4ebae7744de","81f70696-8e59-4b89-85db-c63faeea669d","zu1x[.Y~x!","When reducing an anterior dislocation of glenohumeral joint, what is the name of the following maneuver? {{c1::Stimson}}","Marty McFlyin's Ortho Deck::1) Netter's Concise Orthopaedic Anatomy::03 Shoulder::03.04 Trauma","SnapOrtho::Specialty::Trauma","","",""
"deck_shoulder_missing_matching_specialty:277:5c28a0b2-6b33-4be2-a4a8-d849f41c23e1","deck_shoulder_missing_matching_specialty","5c28a0b2-6b33-4be2-a4a8-d849f41c23e1","57c3372a-8e9a-4cb1-a71f-2ab162dac065","Nv~j&dR2HM","{{c1::Scapulothoracic Dissociation}} is a high-energy traumatic disruption of the scapulothoracic articulation often as…","Marty McFlyin's Ortho Deck::3) OrthoBullets::Trauma::Upper Extremity::Shoulder::Scapulothroacic Dissociation","SnapOrtho::Diagnosis::Scapula_Fractures","","",""
"deck_shoulder_missing_matching_specialty:278:82a46fd7-a6f3-4e6f-ba06-64fa5ddf4564","deck_shoulder_missing_matching_specialty","82a46fd7-a6f3-4e6f-ba06-64fa5ddf4564","7fc3d795-36e4-4607-96b6-3ada3dea5142","iP:@cJ=Y@|","A cyst in the spinoglenoid notch affects which nerve (1) and muscle (1)? {{c1:: Suprascapular nerve Infraspinatus }}","Marty McFlyin's Ortho Deck::2) Pocket Pimped::02 Shoulder Girdle::02.01 General Anatomy","SnapOrtho::Anatomy::Shoulder_Girdle | SnapOrtho::Anatomy::Shoulder_Girdle::Muscles | SnapOrtho::Anatomy::Shoulder_Girdle::Muscles::Infraspinatus","","",""
"deck_shoulder_missing_matching_specialty:279:c486e00e-36c0-4b1f-b983-eecd4bd286b8","deck_shoulder_missing_matching_specialty","c486e00e-36c0-4b1f-b983-eecd4bd286b8","ea252940-123c-436c-b402-61fd7d62c5cc","B{OM})vm4","Five (5) indications for immediate surgical exploration of brachial plexus injuries : {{c1:: Sharp penetrating trauma (…","Marty McFlyin's Ortho Deck::3) OrthoBullets::Trauma::Upper Extremity::Shoulder::Brachial Plexus Injuries","SnapOrtho::Diagnosis::Neurologic_Injury","","",""
"deck_shoulder_missing_matching_specialty:280:af395319-4581-4764-901e-4288ee44ca05","deck_shoulder_missing_matching_specialty","af395319-4581-4764-901e-4288ee44ca05","9c383bf5-98b5-49d0-b903-125795241f9e","ORJ5AK?uf3","Regan and Morrey Classification of Coronoid Fractures Type I: {{c1::Coronoid process tip fracture}} Type II: {{c1::Frac…","Marty McFlyin's Ortho Deck::3) OrthoBullets::Trauma::Upper Extremity::Elbow::Coronoid Fractures","SnapOrtho::Specialty::Trauma","","",""
"deck_shoulder_missing_matching_specialty:281:11475672-81d6-4119-bb31-eee7f7ec9053","deck_shoulder_missing_matching_specialty","11475672-81d6-4119-bb31-eee7f7ec9053","fe112c97-57f2-468a-8724-e2f3c20ffb96","uYyx]7FuD#","What is a Remplissage Procedure ? {{c1::Suturing the posterior capsule and infraspinatus tendon into a Hill Sachs lesio…","Marty McFlyin's Ortho Deck::2) Pocket Pimped::02 Shoulder Girdle::02.03 Sports::Shoulder Instability & Labrum","SnapOrtho::Anatomy::Shoulder_Girdle | SnapOrtho::Anatomy::Shoulder_Girdle::Muscles | SnapOrtho::Anatomy::Shoulder_Girdle::Muscles::Infraspinatus","","",""
"deck_shoulder_missing_matching_specialty:282:dbb4b5cf-2e91-48f2-8a89-fce27ad4a2c7","deck_shoulder_missing_matching_specialty","dbb4b5cf-2e91-48f2-8a89-fce27ad4a2c7","6f230890-527f-46ae-b532-35726c649eb5","it6?u{vN}b","What is the most sensitive and specific physical exam test for subscapularis pathology ? {{c1::Internal rotation lag si…","Marty McFlyin's Ortho Deck::3) OrthoBullets::Shoulder & Elbow::Shoulder::Anatomy & Evaluation::Shoulder Exam","SnapOrtho::Anatomy::Shoulder_Girdle | SnapOrtho::Anatomy::Shoulder_Girdle::Muscles | SnapOrtho::Anatomy::Shoulder_Girdle::Muscles::Subscapularis","","",""
"deck_shoulder_missing_matching_specialty:283:dedc377f-c689-4224-be38-f7d3726a6b07","deck_shoulder_missing_matching_specialty","dedc377f-c689-4224-be38-f7d3726a6b07","6e3d34c4-c661-4db6-8cc6-f2840d61745a","Qs.bhUI5A.","Medial subluxation of the long head of the biceps tendon is associated with what pathology ? {{c1::Subscapularis tendon…","Marty McFlyin's Ortho Deck::2) Pocket Pimped::02 Shoulder Girdle::02.03 Sports::Rotator Cuff","SnapOrtho::Anatomy::Shoulder_Girdle | SnapOrtho::Anatomy::Shoulder_Girdle::Muscles | SnapOrtho::Anatomy::Shoulder_Girdle::Muscles::Subscapularis","","",""
"deck_shoulder_missing_matching_specialty:284:22169226-b02d-4893-a4a9-78211750642a","deck_shoulder_missing_matching_specialty","22169226-b02d-4893-a4a9-78211750642a","84d55636-1acf-461c-93f8-c33500bb818c","u_4/{2,)R!","Unconstrained TEA should be {{c1::avoided}} for patients with rheumatoid arthritis .","Marty McFlyin's Ortho Deck::3) OrthoBullets::Shoulder & Elbow::Elbow::Elbow Arthroplasty::Total Elbow Arthroplasty","SnapOrtho::Diagnosis::Rheumatoid_Arthritis","","",""
"deck_shoulder_missing_matching_specialty:285:bbb7e35f-0e41-40d0-b53c-f75f58c9f1bd","deck_shoulder_missing_matching_specialty","bbb7e35f-0e41-40d0-b53c-f75f58c9f1bd","84490762-a56e-4f61-a635-718971040553","zQLn!7cLg|","Which three (3) structures are typically injured in posterolateral rotatory instabiliy ? {{c1::Coronoid tip fracture Ra…","Marty McFlyin's Ortho Deck::3) OrthoBullets::Trauma::Upper Extremity::Elbow::Coronoid Fractures","SnapOrtho::Specialty::Trauma","","",""
"deck_shoulder_missing_matching_specialty:286:821ef4fb-f7df-4342-a7c6-32db4a77b452","deck_shoulder_missing_matching_specialty","821ef4fb-f7df-4342-a7c6-32db4a77b452","5108a224-0281-4b4d-96e3-f90fbd3c09c6","fghc}73H$z","What glenoid wear pattern is more common with osteoarthritis ? {{c1::Posterior wear}}","Marty McFlyin's Ortho Deck::2) Pocket Pimped::02 Shoulder Girdle::02.04 Adult Reconstruction::Total Shoulder Arthroplasty (TSA)","SnapOrtho::Anatomy::Shoulder_Girdle | SnapOrtho::Anatomy::Shoulder_Girdle::Osteology | SnapOrtho::Anatomy::Shoulder_Girdle::Osteology::Glenoid","","",""
"deck_shoulder_missing_matching_specialty:287:e9bf8f71-b6a1-4303-b09c-95efab01970e","deck_shoulder_missing_matching_specialty","e9bf8f71-b6a1-4303-b09c-95efab01970e","6f81c306-b1c2-49a0-86b6-0f22bd2b6da3","pOzff,=AA{","Where should the glenosphere be placed in a Grammont style RSA ? {{c1::As inferiorly on the glenoid as possible with in…","Marty McFlyin's Ortho Deck::2) Pocket Pimped::02 Shoulder Girdle::02.04 Adult Reconstruction::Reverse Shoulder Arthroplasty","SnapOrtho::Anatomy::Shoulder_Girdle | SnapOrtho::Anatomy::Shoulder_Girdle::Osteology | SnapOrtho::Anatomy::Shoulder_Girdle::Osteology::Glenoid","","",""
"deck_shoulder_missing_matching_specialty:288:bb6bca99-dd14-4520-a45d-433696848f9c","deck_shoulder_missing_matching_specialty","bb6bca99-dd14-4520-a45d-433696848f9c","a8eeb531-e168-4941-bc85-6cfb617a1acb","k@qX|m.G73","MRI finding in Adhesive Capsulitis : {{c1::Loss of axillary recess}}","Marty McFlyin's Ortho Deck::3) OrthoBullets::Shoulder & Elbow::Shoulder::Arthritis & Stiffness::Adhesive Capsulitis (Frozen Shoulder)","SnapOrtho::Anatomy::General | SnapOrtho::Anatomy::General::Joints | SnapOrtho::Anatomy::General::Joints::Joint_Capsule","","",""
"deck_shoulder_missing_matching_specialty:289:d9a1ba08-28ef-4f69-955d-f8908423f9d7","deck_shoulder_missing_matching_specialty","d9a1ba08-28ef-4f69-955d-f8908423f9d7","f7138a24-8ac8-4718-a5e2-a283c9aa8d01","nGB>`Nxvow","Within the AC joint capsule, the {{c1::posterosuperior}} portion is most crucial for maintaining AP stability.","Marty McFlyin's Ortho Deck::5) AAOS Res Study::Shoulder and Elbow","SnapOrtho::Anatomy::General | SnapOrtho::Anatomy::General::Joints | SnapOrtho::Anatomy::General::Joints::Joint_Capsule","","",""
"deck_shoulder_missing_matching_specialty:290:d0c1a042-77cd-47d2-bd8c-63008111fc83","deck_shoulder_missing_matching_specialty","d0c1a042-77cd-47d2-bd8c-63008111fc83","e7583158-f058-4eca-8f28-45a96a58efae","x2pq+;iNSE","What fracture must be ruled out after a fall in a patient with a RSA ? {{c1::Acromion fracture}}","Marty McFlyin's Ortho Deck::2) Pocket Pimped::02 Shoulder Girdle::02.04 Adult Reconstruction::Reverse Shoulder Arthroplasty","SnapOrtho::Specialty::Trauma","","",""
"deck_shoulder_missing_matching_specialty:291:9d9e59d8-ecc4-4863-a3ee-4b3ef1af3ae1","deck_shoulder_missing_matching_specialty","9d9e59d8-ecc4-4863-a3ee-4b3ef1af3ae1","ef4e7bf5-9052-418f-899f-adf633c34d29","myBwL-,nSg","Which ligaments (4) attach to the coracoid ? {{c1:: Conoid Trapezoid Coracohumeral Coracoacromial }}","Marty McFlyin's Ortho Deck::2) Pocket Pimped::02 Shoulder Girdle::02.01 General Anatomy","SnapOrtho::Anatomy::Shoulder_Girdle | SnapOrtho::Anatomy::Shoulder_Girdle::Ligaments | SnapOrtho::Anatomy::Shoulder_Girdle::Ligaments::Trapezoid_Ligament","","",""
"deck_shoulder_missing_matching_specialty:292:eb85c800-6f68-4e18-9d38-3a27596d5452","deck_shoulder_missing_matching_specialty","eb85c800-6f68-4e18-9d38-3a27596d5452","5a249b02-735d-4179-aae2-a8d249fd2bfd","I2Ds.2!&PV","Subscapularis Origin: {{c1::Subscapular fossa}} Insertion: {{c2::Lesser tuberosity}} Action: {{c3::Internal rotation}}…","Marty McFlyin's Ortho Deck::1) Netter's Concise Orthopaedic Anatomy::03 Shoulder::03.09 Muscles","SnapOrtho::Anatomy::Shoulder_Girdle | SnapOrtho::Anatomy::Shoulder_Girdle::Muscles | SnapOrtho::Anatomy::Shoulder_Girdle::Muscles::Subscapularis","","",""
"deck_shoulder_missing_matching_specialty:293:f1f9b810-a740-4ef5-bc07-368e5bd02686","deck_shoulder_missing_matching_specialty","f1f9b810-a740-4ef5-bc07-368e5bd02686","7973d8ac-5546-4361-9cfb-b93dd2afc427","t~y&m}V^to","Ideberg classification for scapula fractures : 1a - {{c1::anterior rim}} 1b - {{c1::posterior rim}} 2 - {{c1::glenoid f…","Marty McFlyin's Ortho Deck::3) OrthoBullets::Trauma::Upper Extremity::Shoulder::Scapula Fractures","SnapOrtho::Anatomy::Shoulder_Girdle | SnapOrtho::Anatomy::Shoulder_Girdle::Osteology | SnapOrtho::Anatomy::Shoulder_Girdle::Osteology::Glenoid | SnapOrtho::Diagnosis::Scapula_Fractures","","",""
"deck_shoulder_missing_matching_specialty:294:6bae874c-0ec3-4cb5-870b-869d7e5530c4","deck_shoulder_missing_matching_specialty","6bae874c-0ec3-4cb5-870b-869d7e5530c4","0ab20c75-f7e2-4ffb-8bb3-8c0cb40424a0","Lu-l4(x6y<","What superficial nerves should you attempt to preserve during the approach to the clavicle ? {{c1::Supraclavicular nerv…","Marty McFlyin's Ortho Deck::2) Pocket Pimped::02 Shoulder Girdle::02.02 Trauma::Clavicle","SnapOrtho::Anatomy::Shoulder_Girdle | SnapOrtho::Anatomy::Shoulder_Girdle::Osteology | SnapOrtho::Anatomy::Shoulder_Girdle::Osteology::Clavicle","","",""
"deck_shoulder_missing_matching_specialty:295:c030178e-c396-481e-889a-9a069359de93","deck_shoulder_missing_matching_specialty","c030178e-c396-481e-889a-9a069359de93","1128a349-348e-4792-8a39-c40283ae15be","qO@1*@ebo]","The Hornblower's test evaluates for {{c1::teres minor}} pathology.","Marty McFlyin's Ortho Deck::3) OrthoBullets::Shoulder & Elbow::Shoulder::Anatomy & Evaluation::Shoulder Exam","SnapOrtho::Anatomy::Shoulder_Girdle | SnapOrtho::Anatomy::Shoulder_Girdle::Muscles | SnapOrtho::Anatomy::Shoulder_Girdle::Muscles::Teres_Minor","","",""
"deck_shoulder_missing_matching_specialty:296:dd7b848e-c535-4f50-bc24-747c97b006d2","deck_shoulder_missing_matching_specialty","dd7b848e-c535-4f50-bc24-747c97b006d2","2f6b82de-cdf8-4936-b38a-404f716a7815","g8h<5z*h-n","Teres Minor Origin: {{c1::Lateral scapula}} Insertion: {{c2::Greater tuberosity}} Action: {{c3::External rotation}} Ner…","Marty McFlyin's Ortho Deck::1) Netter's Concise Orthopaedic Anatomy::03 Shoulder::03.09 Muscles","SnapOrtho::Anatomy::Shoulder_Girdle | SnapOrtho::Anatomy::Shoulder_Girdle::Muscles | SnapOrtho::Anatomy::Shoulder_Girdle::Muscles::Teres_Minor","","",""
"deck_shoulder_missing_matching_specialty:297:7c3e9258-6274-4c84-b7e3-173bfe518913","deck_shoulder_missing_matching_specialty","7c3e9258-6274-4c84-b7e3-173bfe518913","8004fa19-fe93-43a6-982c-2664c41dba52","M}w1Z@qg!Z","Which type of SLAP tear is most common ? {{c1::Type II}}","Marty McFlyin's Ortho Deck::2) Pocket Pimped::02 Shoulder Girdle::02.03 Sports::Shoulder Instability & Labrum","SnapOrtho::Diagnosis::Slap_Tear","","",""
"deck_pediatrics_missing_matching_specialty:298:ac30c063-ee36-4f3e-ad04-7732060f0e10","deck_pediatrics_missing_matching_specialty","ac30c063-ee36-4f3e-ad04-7732060f0e10","d92cf58a-1610-48fe-868a-6f23093ec2de","ce5;2VcA89","What is the second most common neurologic injury associated with extension type supracondylar humerus fractures ? {{c1:…","Marty McFlyin's Ortho Deck::2) Pocket Pimped::14 Pediatrics::14.03 Upper Extremity::Supracondylar Humerus","SnapOrtho::Anatomy::Arm | SnapOrtho::Anatomy::Arm::Nerves | SnapOrtho::Anatomy::Arm::Nerves::Radial_Nerve | SnapOrtho::Anatomy::Elbow | SnapOrtho::Anatomy::Elbow::Osteology | SnapOrtho::Anatomy::Elbow::Osteology::Distal_Humerus | SnapOrtho::Diagnosis::Radial_Nerve_Palsy | SnapOrtho::Diagnosis::Supracondylar_Humerus_Fracture | SnapOrtho::Specialty::Trauma","","",""
"deck_pediatrics_missing_matching_specialty:299:3a56c9a4-fa08-4f48-ab5e-290274554be9","deck_pediatrics_missing_matching_specialty","3a56c9a4-fa08-4f48-ab5e-290274554be9","ac25c0b2-b66c-4f9a-bd6c-074c10779ca0","hCub?8;t(o","In patients with Cerebral Palsy , strong tone in hip {{c1::adductor}} and {{c1::flexor}} muscles lead to scissoring and…","Marty McFlyin's Ortho Deck::3) OrthoBullets::Pediatrics::Pediatric Syndromes::Cerebral Palsy::Cerebral Palsy - Hip Conditions","SnapOrtho::Specialty::Trauma","","",""
"deck_pediatrics_missing_matching_specialty:300:594e0c74-a434-4b4d-aaf8-e49dae86f10e","deck_pediatrics_missing_matching_specialty","594e0c74-a434-4b4d-aaf8-e49dae86f10e","eea44ab8-9ca3-414e-8963-5b2cf0757f49","x5.NK1R`iR","What is the acetabular index (AI) ? {{c1::Angle formed by Hilgreiner's line and the lateral edge of the acetabulum}}","Marty McFlyin's Ortho Deck::2) Pocket Pimped::14 Pediatrics::14.05 Lower Extremity::Developmental Dysplasia of the Hip (DDH)","SnapOrtho::Anatomy::Pelvis | SnapOrtho::Anatomy::Pelvis::Osteology | SnapOrtho::Anatomy::Pelvis::Osteology::Acetabulum","","",""
"deck_pediatrics_missing_matching_specialty:301:05280ee8-86a8-49a0-8585-7d295724f2f9","deck_pediatrics_missing_matching_specialty","05280ee8-86a8-49a0-8585-7d295724f2f9","9970083f-792c-4fc8-a453-15bc14a2220e","BvZjcaq*v?","What are the classifications (2) for tibial tubercle fractures ? {{c1:: Ogden Classification Pandya Classification }}","Marty McFlyin's Ortho Deck::2) Pocket Pimped::14 Pediatrics::14.05 Lower Extremity::Tibia","SnapOrtho::Anatomy::Basic_Science | SnapOrtho::Anatomy::Basic_Science::Osteology | SnapOrtho::Anatomy::Basic_Science::Osteology::Physis | SnapOrtho::Anatomy::Leg_Knee | SnapOrtho::Anatomy::Leg_Knee::Osteology | SnapOrtho::Anatomy::Leg_Knee::Osteology::Tibia | SnapOrtho::Specialty::Trauma","","",""
"deck_pediatrics_missing_matching_specialty:302:f29c1b6f-b5c4-4dca-a5eb-d9181a80e52d","deck_pediatrics_missing_matching_specialty","f29c1b6f-b5c4-4dca-a5eb-d9181a80e52d","fb76e08c-1d40-46e4-a5bd-8c0594293bb5","d:6!a&`+4M","When correcting a leg length discrepancy (LLD) : Femoral lengthening along the mechanical axis: mechanical axis is {{c1…","Marty McFlyin's Ortho Deck::3) OrthoBullets::Pediatrics::Pediatric Conditions::Leg Conditions::Leg Length Discrepancy (LLD)","SnapOrtho::Diagnosis::Leg_Length_Discrepancy","","",""
"deck_pediatrics_missing_matching_specialty:303:d8ab8a0f-88cd-46f8-9d8b-73a8ada610cf","deck_pediatrics_missing_matching_specialty","d8ab8a0f-88cd-46f8-9d8b-73a8ada610cf","9a44318b-59d1-4594-8a4b-86eed1ee5591","fDz9^1Z[Ic","What additional x-ray views are recommended to evaluate medial epicondyle fractures ? {{c1::Internal oblique and distal…","Marty McFlyin's Ortho Deck::2) Pocket Pimped::14 Pediatrics::14.03 Upper Extremity::Elbow","SnapOrtho::Anatomy::Elbow | SnapOrtho::Anatomy::Elbow::Osteology | SnapOrtho::Anatomy::Elbow::Osteology::Distal_Humerus | SnapOrtho::Specialty::Shoulder_Elbow","","",""
"deck_pediatrics_missing_matching_specialty:304:092945b1-01c7-4726-b6d6-1f89c156b607","deck_pediatrics_missing_matching_specialty","092945b1-01c7-4726-b6d6-1f89c156b607","b8edb897-8006-447a-84ea-f4d70e81a08e","omK=C{SBI6","What is the treatment for hip dislocation in a patient with a myelomeningocele ? {{c1::Observation}}","Marty McFlyin's Ortho Deck::3) OrthoBullets::Pediatrics::Pediatric Syndromes::Neuromuscular::Myelodysplasia","SnapOrtho::Specialty::Trauma","","",""
"deck_pediatrics_missing_matching_specialty:305:4b19ec4a-b418-4878-a8c4-ab4e7979273d","deck_pediatrics_missing_matching_specialty","4b19ec4a-b418-4878-a8c4-ab4e7979273d","6db7e9cd-67d9-4e5e-a222-5dbeb43a482a","bXs6$g@*zy","If you see ecchymosis anteromedially , what direction is the supracondylar humerus fracture displaced ? {{c1::Posterior…","Marty McFlyin's Ortho Deck::2) Pocket Pimped::14 Pediatrics::14.03 Upper Extremity::Supracondylar Humerus","SnapOrtho::Anatomy::Elbow | SnapOrtho::Anatomy::Elbow::Osteology | SnapOrtho::Anatomy::Elbow::Osteology::Distal_Humerus | SnapOrtho::Diagnosis::Supracondylar_Fracture_Pediatric | SnapOrtho::Diagnosis::Supracondylar_Humerus_Fracture | SnapOrtho::Specialty::Trauma","","",""
"deck_pediatrics_missing_matching_specialty:306:1fdd30e1-bae8-43cd-b955-df021ccf7dbc","deck_pediatrics_missing_matching_specialty","1fdd30e1-bae8-43cd-b955-df021ccf7dbc","358ae8de-a3e5-4579-8683-20e1f7350e94","s*#ZJt^TV","What is the most common SH fracture in the distal fibula , distal radius , distal tibia , and distal femur ? Distal Fib…","Marty McFlyin's Ortho Deck::2) Pocket Pimped::14 Pediatrics::14.02 The Basics::Physis","SnapOrtho::Anatomy::Forearm | SnapOrtho::Anatomy::Forearm::Osteology | SnapOrtho::Anatomy::Forearm::Osteology::Radius | SnapOrtho::Anatomy::Hand | SnapOrtho::Anatomy::Hand::Osteology | SnapOrtho::Anatomy::Hand::Osteology::Distal_Radius | SnapOrtho::Anatomy::Leg_Knee | SnapOrtho::Anatomy::Leg_Knee::Osteology | SnapOrtho::Anatomy::Leg_Knee::Osteology::Distal_Femur | SnapOrtho::Anatomy::Leg_Knee::Osteology::Fibula | SnapOrtho::Anatomy::Leg_Knee::Osteology::Tibia | SnapOrtho::Anatomy::Thigh_Hip | SnapOrtho::Anatomy::Thigh_Hip::Osteology | SnapOrtho::Anatomy::Thigh_Hip::Osteology::Femur | SnapOrtho::Specialty::Hand_Upper_Extremity | SnapOrtho::Specialty::Trauma","","",""
"deck_pediatrics_missing_matching_specialty:307:67d00369-1db6-4406-ac54-5bea3b3c8a11","deck_pediatrics_missing_matching_specialty","67d00369-1db6-4406-ac54-5bea3b3c8a11","18da8d4a-9549-497e-a527-c89fdf502f12","m#j3b:L{>3","What are the tolerances for both bone forearm fractures ? <9 years old - Angulation: <{{c4::15}}° - Rotation: <{{c3::45…","Marty McFlyin's Ortho Deck::2) Pocket Pimped::14 Pediatrics::14.03 Upper Extremity::Forearm & Wrist","SnapOrtho::Specialty::Trauma","","",""
"deck_pediatrics_missing_matching_specialty:308:873f3ac7-342e-4930-bd8a-947a1ed84ff2","deck_pediatrics_missing_matching_specialty","873f3ac7-342e-4930-bd8a-947a1ed84ff2","a3eaeed7-656a-4c1c-b05f-b1e65d5408a4","w<R3vtHNew","Three (3) indications to treat the cervical spine of patients with diastrophic dysplasia : {{c1::Atlantoaxial instabili…","Marty McFlyin's Ortho Deck::3) OrthoBullets::Pediatrics::Pediatric Syndromes::Dwarfism::Diastrophic Dysplasia","SnapOrtho::Diagnosis::Cervical_Myelopathy | SnapOrtho::Specialty::Spine","","",""
"deck_pediatrics_missing_matching_specialty:309:83e4a057-f475-40d5-a48e-391b9894dfbb","deck_pediatrics_missing_matching_specialty","83e4a057-f475-40d5-a48e-391b9894dfbb","ad7428a9-1605-4e4a-8450-9cd0d463ca83","m#j3b:L{>3","What are the tolerances for both bone forearm fractures ? <9 years old - Angulation: <{{c4::15}}° - Rotation: <{{c3::45…","Marty McFlyin's Ortho Deck::2) Pocket Pimped::14 Pediatrics::14.03 Upper Extremity::Forearm & Wrist","SnapOrtho::Specialty::Trauma","","",""
"deck_pediatrics_missing_matching_specialty:310:1decdc9d-7da2-4c2a-a98e-39b00f452361","deck_pediatrics_missing_matching_specialty","1decdc9d-7da2-4c2a-a98e-39b00f452361","94025145-5b5f-4e8c-9ff5-be40369dc63f","qclf`=5=PB","Neurofibromatosis exhibits autosomal {{c1::dominant}} inheritance pattern with a mutation in NF1 gene on chromosome {{c…","Marty McFlyin's Ortho Deck::3) OrthoBullets::Pediatrics::Pediatric Conditions::Tibial Bowing::Neurofibromatosis","SnapOrtho::Specialty::Basic_Science","","",""
"deck_pediatrics_missing_matching_specialty:311:4908f7f7-b574-488f-86d4-5eab131fcb5c","deck_pediatrics_missing_matching_specialty","4908f7f7-b574-488f-86d4-5eab131fcb5c","1a7e5ec7-000b-4253-9066-e201c18f1d5a","wa+e5gdkR.","Where should the normal femoral head be in relation to Perkin's line ? {{c1::Femoral head should be medial}}","Marty McFlyin's Ortho Deck::2) Pocket Pimped::14 Pediatrics::14.05 Lower Extremity::Developmental Dysplasia of the Hip (DDH)","SnapOrtho::Anatomy::Thigh_Hip | SnapOrtho::Anatomy::Thigh_Hip::Osteology | SnapOrtho::Anatomy::Thigh_Hip::Osteology::Femoral_Head","","",""
"deck_pediatrics_missing_matching_specialty:312:d8dfa87b-9830-4fcc-8ec7-cef0cf809606","deck_pediatrics_missing_matching_specialty","d8dfa87b-9830-4fcc-8ec7-cef0cf809606","24af5d1a-83a4-4e52-b71e-2848441485c9","d|UzkS>/MO","Absence of the fibula causes {{c1::anteromedial}} bowing of the tibia .","Marty McFlyin's Ortho Deck::3) OrthoBullets::Pediatrics::Pediatric Conditions::Tibial Bowing::Fibular Deficiency (Anteromedial Bowing)","SnapOrtho::Anatomy::Leg_Knee | SnapOrtho::Anatomy::Leg_Knee::Osteology | SnapOrtho::Anatomy::Leg_Knee::Osteology::Fibula | SnapOrtho::Anatomy::Leg_Knee::Osteology::Tibia","","",""
"deck_pediatrics_missing_matching_specialty:313:b9e89549-1d23-4996-9b7f-5d08fccf5f2b","deck_pediatrics_missing_matching_specialty","b9e89549-1d23-4996-9b7f-5d08fccf5f2b","91922089-ed10-46e9-b0f2-bffb2fc290de","Mexos#cKFC","What is the classification for preaxial polydactyly ? {{c1::Wassel Classification}}","Marty McFlyin's Ortho Deck::2) Pocket Pimped::14 Pediatrics::14.03 Upper Extremity::Hand","SnapOrtho::Anatomy::Hand | SnapOrtho::Anatomy::Hand::Osteology | SnapOrtho::Anatomy::Hand::Osteology::Distal_Phalanx | SnapOrtho::Anatomy::Hand::Osteology::Proximal_Phalanx | SnapOrtho::Specialty::Hand_Upper_Extremity","","",""
"deck_pediatrics_missing_matching_specialty:314:d7867444-2a32-4b47-8a34-01d3cba32c15","deck_pediatrics_missing_matching_specialty","d7867444-2a32-4b47-8a34-01d3cba32c15","f99102a6-c3eb-4f7b-a895-8c07748f2d5b","JUm~9#JWBg","What is Little Leaguer's Shoulder ? {{c1::Salter Harris I fracture of proximal humerus due to overuse}}","Marty McFlyin's Ortho Deck::2) Pocket Pimped::14 Pediatrics::14.03 Upper Extremity::Little Leaguer's Shoulder","SnapOrtho::Anatomy::Shoulder_Girdle | SnapOrtho::Anatomy::Shoulder_Girdle::Osteology | SnapOrtho::Anatomy::Shoulder_Girdle::Osteology::Proximal_Humerus | SnapOrtho::Diagnosis::Proximal_Humerus_Fracture | SnapOrtho::Specialty::Shoulder_Elbow | SnapOrtho::Specialty::Trauma","","",""
"deck_pediatrics_missing_matching_specialty:315:9c5ed1bd-d958-4805-ab84-8052014a062b","deck_pediatrics_missing_matching_specialty","9c5ed1bd-d958-4805-ab84-8052014a062b","1ffd3e1a-098c-4bf9-bcf5-026f1fbda5ae","kz*TkCj-7Q","Most common anatomic location (vertebral level) of spondylolysis is pars of {{c1::L5}} and anterolisthesis of {{c1::L5}…","Marty McFlyin's Ortho Deck::3) OrthoBullets::Spine::Pediatric Spine::Spondylolysis & Adolescent Back Pain::Pediatric Spondylolysis & Spondylolisthesis","SnapOrtho::Specialty::Spine","","",""
"deck_pediatrics_missing_matching_specialty:316:7389b33d-4531-45c3-90a8-db80c7b333a1","deck_pediatrics_missing_matching_specialty","7389b33d-4531-45c3-90a8-db80c7b333a1","9e6ed6f9-baec-45e6-9484-52349ca9ea87","b^P/zv1+n<","What is Shenton's line ? {{c1::A smooth line drawn from the inferior femoral neck and continuing along the superior asp…","Marty McFlyin's Ortho Deck::2) Pocket Pimped::14 Pediatrics::14.05 Lower Extremity::Developmental Dysplasia of the Hip (DDH)","SnapOrtho::Anatomy::Thigh_Hip | SnapOrtho::Anatomy::Thigh_Hip::Osteology | SnapOrtho::Anatomy::Thigh_Hip::Osteology::Femoral_Neck","","",""
"deck_pediatrics_missing_matching_specialty:317:dbe999e8-9955-4116-bb76-9af0395b13b5","deck_pediatrics_missing_matching_specialty","dbe999e8-9955-4116-bb76-9af0395b13b5","782d99a9-3434-4b49-a7de-5d9e157987fd","zQv-&v];fJ","What is crankshaft phenomenon ? {{c1::Progressive rotational and angular deformity after segmental posterior spinal fus…","Marty McFlyin's Ortho Deck::2) Pocket Pimped::14 Pediatrics::14.04 Spine::Scoliosis","SnapOrtho::Diagnosis::Angular_Deformity | SnapOrtho::Specialty::Spine","","",""
"deck_pediatrics_missing_matching_specialty:318:113345fa-088e-4267-b652-ccb484befaf6","deck_pediatrics_missing_matching_specialty","113345fa-088e-4267-b652-ccb484befaf6","15eb39f4-0ba8-42d2-891d-13934e91d86c","y2Beh]AOkq","Which type of Salter Harris fracture has the highest incidence of growth arrest ? {{c1::SH IV}}","Marty McFlyin's Ortho Deck::2) Pocket Pimped::14 Pediatrics::14.02 The Basics::Physis","SnapOrtho::Anatomy::Forearm | SnapOrtho::Anatomy::Forearm::Osteology | SnapOrtho::Anatomy::Forearm::Osteology::Distal_Ulna | SnapOrtho::Anatomy::Forearm::Osteology::Ulna | SnapOrtho::Anatomy::Leg_Knee | SnapOrtho::Anatomy::Leg_Knee::Osteology | SnapOrtho::Anatomy::Leg_Knee::Osteology::Distal_Femur | SnapOrtho::Anatomy::Thigh_Hip | SnapOrtho::Anatomy::Thigh_Hip::Osteology | SnapOrtho::Anatomy::Thigh_Hip::Osteology::Femur | SnapOrtho::Diagnosis::Growth_Arrest | SnapOrtho::Specialty::Trauma","","",""
"deck_pediatrics_missing_matching_specialty:319:6d8c52b3-031d-410a-bf7f-c90196f6f535","deck_pediatrics_missing_matching_specialty","6d8c52b3-031d-410a-bf7f-c90196f6f535","8b89d37c-0e7a-4f76-a642-1c0c6da504e6","JZG}><9z_1","What is the classification for tibial spine fractures ? {{c1::Meyers and McKeever Classification}}","Marty McFlyin's Ortho Deck::2) Pocket Pimped::14 Pediatrics::14.05 Lower Extremity::Tibia","SnapOrtho::Specialty::Trauma","","",""
"deck_pediatrics_missing_matching_specialty:320:665956d9-421f-4119-bc2a-7db1cab2ef8e","deck_pediatrics_missing_matching_specialty","665956d9-421f-4119-bc2a-7db1cab2ef8e","c28509ec-a694-4eee-8f30-c0872f63f0fd","h3:?F$L6;u","What are three (3) orthopaedic manifestations of spinal muscular atrophy ? {{c1::Hip dislocation/subluxation Scoliosis…","Marty McFlyin's Ortho Deck::3) OrthoBullets::Pediatrics::Pediatric Syndromes::Neuromuscular::Spinal Muscular Atrophy","SnapOrtho::Specialty::Spine | SnapOrtho::Specialty::Trauma","","",""
"deck_pediatrics_missing_matching_specialty:321:de3248b6-1f72-4c03-bb5e-526f17f55e0c","deck_pediatrics_missing_matching_specialty","de3248b6-1f72-4c03-bb5e-526f17f55e0c","15f34843-f75d-4552-b7e0-3524293043cc","nzgor=3h~n","What complications (2) can occur following ORIF of a radial neck fracture with extensive dissection ? {{c1:: Radioulnar…","Marty McFlyin's Ortho Deck::2) Pocket Pimped::14 Pediatrics::14.03 Upper Extremity::Elbow","SnapOrtho::Diagnosis::Avascular_Necrosis | SnapOrtho::Specialty::Trauma","","",""
"deck_pediatrics_missing_matching_specialty:322:d32a1f62-33ad-4d3d-be58-f802ec3924df","deck_pediatrics_missing_matching_specialty","d32a1f62-33ad-4d3d-be58-f802ec3924df","471e66e7-d0a4-44db-8a04-41c40b973327","H;g&==>kd6","Finger syndactyly most commonly occurs between which two digits ? {{c1::Middle and ring fingers}}","Marty McFlyin's Ortho Deck::2) Pocket Pimped::14 Pediatrics::14.03 Upper Extremity::Hand","SnapOrtho::Specialty::Hand_Upper_Extremity","","",""
"deck_pediatrics_missing_matching_specialty:323:6830564e-2d69-4518-864e-94f1f485d26e","deck_pediatrics_missing_matching_specialty","6830564e-2d69-4518-864e-94f1f485d26e","c9c1059b-b753-45b5-8492-ea0c379eaaf0","m#j3b:L{>3","What are the tolerances for both bone forearm fractures ? <9 years old - Angulation: <{{c4::15}}° - Rotation: <{{c3::45…","Marty McFlyin's Ortho Deck::2) Pocket Pimped::14 Pediatrics::14.03 Upper Extremity::Forearm & Wrist","SnapOrtho::Specialty::Trauma","","",""
"deck_pediatrics_missing_matching_specialty:324:66fc62ce-6d69-4080-9945-7d1a2444e746","deck_pediatrics_missing_matching_specialty","66fc62ce-6d69-4080-9945-7d1a2444e746","e9022204-add0-4598-aa24-3a4d82464209","Ow24|P75@.","Typical scoliotic curve pattern is thoracic {{c1::right::left/right}}.","Marty McFlyin's Ortho Deck::3) OrthoBullets::Spine::Pediatric Spine::Pediatric Deformity::Adolescent Idiopathic Scoliosis","SnapOrtho::Specialty::Spine","","",""
"deck_pediatrics_missing_matching_specialty:325:8af12031-a5c1-4765-8a41-e0e9cbe297f4","deck_pediatrics_missing_matching_specialty","8af12031-a5c1-4765-8a41-e0e9cbe297f4","e38d67b4-09ca-478d-b855-09fb210399b0","JpMuzYVua|","What radiographic sign might you see with a subtle Type I supracondylar humerus fracture ? {{c1::Posterior fat pad sign…","Marty McFlyin's Ortho Deck::2) Pocket Pimped::14 Pediatrics::14.03 Upper Extremity::Supracondylar Humerus","SnapOrtho::Diagnosis::Supracondylar_Humerus_Fracture | SnapOrtho::Specialty::Shoulder_Elbow | SnapOrtho::Specialty::Trauma","","",""
"deck_pediatrics_missing_matching_specialty:326:28390429-61f0-4777-a4eb-854492f51e7d","deck_pediatrics_missing_matching_specialty","28390429-61f0-4777-a4eb-854492f51e7d","821454a6-3179-4f08-bbfb-2c435e650f6b","QsBoJW;:$","Early onset scoliosis occurs before what age ? {{c1::10 years old}}","Marty McFlyin's Ortho Deck::2) Pocket Pimped::14 Pediatrics::14.04 Spine::Scoliosis","SnapOrtho::Specialty::Spine","","",""
"deck_pediatrics_missing_matching_specialty:327:0f169704-df23-4f25-a88f-f319001dfa68","deck_pediatrics_missing_matching_specialty","0f169704-df23-4f25-a88f-f319001dfa68","3555773f-5856-4c69-849e-c3f8ceb2b3e7","xOgUqIKK+)","What deformity most commonly occurs following malunion of supracondylar humerus fracture ? {{c1::Cubitus Varus}}","Marty McFlyin's Ortho Deck::2) Pocket Pimped::14 Pediatrics::14.03 Upper Extremity::Supracondylar Humerus","SnapOrtho::Diagnosis::Cubitus_Varus | SnapOrtho::Diagnosis::Supracondylar_Humerus_Fracture | SnapOrtho::Specialty::Shoulder_Elbow | SnapOrtho::Specialty::Trauma","","",""
"deck_pediatrics_missing_matching_specialty:328:429e62c4-f041-40a6-8b00-69eee8b3a9dc","deck_pediatrics_missing_matching_specialty","429e62c4-f041-40a6-8b00-69eee8b3a9dc","5e8444a0-f751-4c40-b7a9-6abaa83a851a","u[Ymh@kyga","Three (3) most common bones associated with non-accidental trauma: {{c1::Humerus > tibia > femur}}","Marty McFlyin's Ortho Deck::3) OrthoBullets::Pediatrics::Pediatric Trauma::Abuse & Trauma Evaluation::Pediatric Abuse","SnapOrtho::Anatomy::Leg_Knee | SnapOrtho::Anatomy::Leg_Knee::Osteology | SnapOrtho::Anatomy::Leg_Knee::Osteology::Tibia | SnapOrtho::Anatomy::Thigh_Hip | SnapOrtho::Anatomy::Thigh_Hip::Osteology | SnapOrtho::Anatomy::Thigh_Hip::Osteology::Femur | SnapOrtho::Specialty::Shoulder_Elbow","","",""
"deck_pediatrics_missing_matching_specialty:329:9b2f3e5a-2a73-4336-8c1e-2df70b798329","deck_pediatrics_missing_matching_specialty","9b2f3e5a-2a73-4336-8c1e-2df70b798329","44898b85-bfd8-4d94-a503-3f98feb8fee7","HNX?G96mW.","What is the most common neurologic injury seen with flexion type supracondylar humerus fractures ? {{c1::Ulnar nerve pa…","Marty McFlyin's Ortho Deck::2) Pocket Pimped::14 Pediatrics::14.03 Upper Extremity::Supracondylar Humerus","SnapOrtho::Anatomy::Elbow | SnapOrtho::Anatomy::Elbow::Nerves | SnapOrtho::Anatomy::Elbow::Nerves::Ulnar_Nerve | SnapOrtho::Diagnosis::Neurologic_Injury | SnapOrtho::Specialty::Shoulder_Elbow | SnapOrtho::Specialty::Trauma","","",""
"deck_pediatrics_missing_matching_specialty:330:dbd6215b-3baa-48a2-bfc6-34c5a9b7396f","deck_pediatrics_missing_matching_specialty","dbd6215b-3baa-48a2-bfc6-34c5a9b7396f","e0f325a5-3869-4054-94ef-995ad6994ae3","tq#o(F=+0,","What is the goal of bracing as a treatment modality for scoliosis ? {{c1::To stop curve progression in skeletally immat…","Marty McFlyin's Ortho Deck::2) Pocket Pimped::14 Pediatrics::14.04 Spine::Scoliosis","SnapOrtho::Specialty::Spine","","",""
"deck_pediatrics_missing_matching_specialty:331:f7ee17f2-24fb-4dd9-9d1e-a817e64e8b75","deck_pediatrics_missing_matching_specialty","f7ee17f2-24fb-4dd9-9d1e-a817e64e8b75","cd49ffd0-b3a4-4424-98e7-d65b78998c6d","yL<7`h{k~(","For distraction osteogenesis for leg length discrepancy (LLD) , what is the recommended distraction amount per day : {{…","Marty McFlyin's Ortho Deck::3) OrthoBullets::Pediatrics::Pediatric Conditions::Leg Conditions::Leg Length Discrepancy (LLD)","SnapOrtho::Diagnosis::Leg_Length_Discrepancy","","",""
"deck_pediatrics_missing_matching_specialty:332:4b152e8e-82e3-4c57-a0d4-ca629a698fff","deck_pediatrics_missing_matching_specialty","4b152e8e-82e3-4c57-a0d4-ca629a698fff","42acb3ab-2ae4-46fd-af91-cd48757c6273","p2hq.)IG`x","What is a greenstick fracture ? {{c1::Incomplete fracture with an intact cortex}}","Marty McFlyin's Ortho Deck::2) Pocket Pimped::14 Pediatrics::14.03 Upper Extremity::Forearm & Wrist","SnapOrtho::Specialty::Trauma","","",""
"deck_pediatrics_missing_matching_specialty:333:5af29cb5-ea25-4026-8418-8809049c8ce5","deck_pediatrics_missing_matching_specialty","5af29cb5-ea25-4026-8418-8809049c8ce5","0ba9d4bc-7fa0-49ac-9460-d6a0790eab3f","L(/x:f:+Aa","The {{c1::CEA of Wiberg}} is formed by the Perkin's line and a line from the center of the femoral head to the lateral…","Marty McFlyin's Ortho Deck::3) OrthoBullets::Pediatrics::Pediatric Trauma::Hip & Pelvis Conditions::Developmental Dysplasia of the Hip (DDH)","SnapOrtho::Anatomy::Pelvis | SnapOrtho::Anatomy::Pelvis::Osteology | SnapOrtho::Anatomy::Pelvis::Osteology::Acetabulum | SnapOrtho::Anatomy::Thigh_Hip | SnapOrtho::Anatomy::Thigh_Hip::Osteology | SnapOrtho::Anatomy::Thigh_Hip::Osteology::Femoral_Head","","",""
"deck_pediatrics_missing_matching_specialty:334:147a5ef3-e6ed-4a0f-8f7c-412beb02daa3","deck_pediatrics_missing_matching_specialty","147a5ef3-e6ed-4a0f-8f7c-412beb02daa3","888dc5d1-9884-401f-8a5f-00f9b6744fc3","F&,LTROlZA","Which lysosomal storage disease is described below? {{c1::Gaucher Disease}} Autosomal recessive Deficiency in beta-gluc…","Marty McFlyin's Ortho Deck::3) OrthoBullets::Pediatrics::Pediatric Syndromes::Other::Gaucher Disease","SnapOrtho::Anatomy::Leg_Knee | SnapOrtho::Anatomy::Leg_Knee::Osteology | SnapOrtho::Anatomy::Leg_Knee::Osteology::Distal_Femur | SnapOrtho::Anatomy::Leg_Knee::Osteology::Tibia | SnapOrtho::Anatomy::Shoulder_Girdle | SnapOrtho::Anatomy::Shoulder_Girdle::Osteology | SnapOrtho::Anatomy::Shoulder_Girdle::Osteology::Proximal_Humerus | SnapOrtho::Anatomy::Thigh_Hip | SnapOrtho::Anatomy::Thigh_Hip::Osteology | SnapOrtho::Anatomy::Thigh_Hip::Osteology::Femur | SnapOrtho::Specialty::Shoulder_Elbow","","",""
"deck_pediatrics_missing_matching_specialty:335:d6c20605-a420-4beb-9f12-3c005673589b","deck_pediatrics_missing_matching_specialty","d6c20605-a420-4beb-9f12-3c005673589b","447dea80-f43a-4a45-8fef-66d92431f9f8","gI{SSTRi(+","Name the treatment option(s) for femoral shaft fracture based on age/fracture pattern : 3 year old patient Stable fract…","Marty McFlyin's Ortho Deck::3) OrthoBullets::Pediatrics::Pediatric Trauma::Pelvis & Femur Trauma::Femoral Shaft Fractures","SnapOrtho::Diagnosis::Femoral_Shaft_Fracture | SnapOrtho::Specialty::Trauma","","",""
"deck_pediatrics_missing_matching_specialty:336:be50f729-53b7-4eb3-80bd-78e23c6a2d74","deck_pediatrics_missing_matching_specialty","be50f729-53b7-4eb3-80bd-78e23c6a2d74","af76bbf5-0fad-4bbc-b226-03af9fd530be","rb^<i|@QW`","Which epiphyseal centers are present at birth ? {{c1:: Distal Femur Proximal Tibia Calcaneus Proximal Humerus Talus Cub…","Marty McFlyin's Ortho Deck::2) Pocket Pimped::14 Pediatrics::14.01 General Anatomy","SnapOrtho::Anatomy::Foot_Ankle | SnapOrtho::Anatomy::Foot_Ankle::Osteology | SnapOrtho::Anatomy::Foot_Ankle::Osteology::Calcaneus | SnapOrtho::Anatomy::Foot_Ankle::Osteology::Talus | SnapOrtho::Anatomy::Leg_Knee | SnapOrtho::Anatomy::Leg_Knee::Osteology | SnapOrtho::Anatomy::Leg_Knee::Osteology::Distal_Femur | SnapOrtho::Anatomy::Leg_Knee::Osteology::Tibia | SnapOrtho::Anatomy::Shoulder_Girdle | SnapOrtho::Anatomy::Shoulder_Girdle::Osteology | SnapOrtho::Anatomy::Shoulder_Girdle::Osteology::Proximal_Humerus | SnapOrtho::Anatomy::Thigh_Hip | SnapOrtho::Anatomy::Thigh_Hip::Osteology | SnapOrtho::Anatomy::Thigh_Hip::Osteology::Femur | SnapOrtho::Specialty::Foot_Ankle","","",""
"deck_pediatrics_missing_matching_specialty:337:3c35af5d-fe52-46a6-a070-fcf8fab50ed0","deck_pediatrics_missing_matching_specialty","3c35af5d-fe52-46a6-a070-fcf8fab50ed0","def5c4fd-72b5-4acb-8b35-2e71fe92de2c","q$o4(R/8WT","What deformity may be seen in the distal femur in patients with Blount's ? {{c1::Compensatory valgus}}","Marty McFlyin's Ortho Deck::2) Pocket Pimped::14 Pediatrics::14.05 Lower Extremity::Blount's Disease","SnapOrtho::Anatomy::Leg_Knee | SnapOrtho::Anatomy::Leg_Knee::Osteology | SnapOrtho::Anatomy::Leg_Knee::Osteology::Distal_Femur | SnapOrtho::Anatomy::Thigh_Hip | SnapOrtho::Anatomy::Thigh_Hip::Osteology | SnapOrtho::Anatomy::Thigh_Hip::Osteology::Femur","","",""
"deck_pediatrics_missing_matching_specialty:338:3db2717b-89e5-4f61-a28a-7a01735497f1","deck_pediatrics_missing_matching_specialty","3db2717b-89e5-4f61-a28a-7a01735497f1","905766ea-7bed-4b1d-989c-ec57107faa3e","u<aLJS-D;X","Name the treatment option(s) for femoral shaft fracture based on age/fracture pattern : 13 year old patient Weight >49…","Marty McFlyin's Ortho Deck::3) OrthoBullets::Pediatrics::Pediatric Trauma::Pelvis & Femur Trauma::Femoral Shaft Fractures","SnapOrtho::Diagnosis::Femoral_Shaft_Fracture | SnapOrtho::Specialty::Trauma | SnapOrtho::Treatment::Intramedullary_Nail_Fixation","","",""
"deck_pediatrics_missing_matching_specialty:339:ab25524c-09c8-45d7-80ac-88e633500a3b","deck_pediatrics_missing_matching_specialty","ab25524c-09c8-45d7-80ac-88e633500a3b","2c9d4adf-ccb0-4183-9a7a-784068d4c584","z#y>+VMp<<","What are four (4) orthopaedic manifestations of Duchenne Muscular Dystrophy ? {{c1::Calf pseudohypertrophy Scoliosis Eq…","Marty McFlyin's Ortho Deck::3) OrthoBullets::Pediatrics::Pediatric Syndromes::Muscular Dystrophies::Duchenne Muscular Dystrophy","SnapOrtho::Specialty::Foot_Ankle | SnapOrtho::Specialty::Spine","","",""
"deck_pediatrics_missing_matching_specialty:340:44d7d0cf-b3f2-444b-afb3-1c0125190b24","deck_pediatrics_missing_matching_specialty","44d7d0cf-b3f2-444b-afb3-1c0125190b24","cc388b37-25d8-4cd9-bb23-e1bda055b460","mtlN+_*n<+","Pathophysiology of Blount's Disease : Excessive mechanical medial overload produces an {{c1::osteochondrosis}} of the m…","Marty McFlyin's Ortho Deck::3) OrthoBullets::Pediatrics::Pediatric Conditions::Varus & Valgus Deformities::Infantile Blount's Disease (tibia vara)","SnapOrtho::Anatomy::Basic_Science | SnapOrtho::Anatomy::Basic_Science::Osteology | SnapOrtho::Anatomy::Basic_Science::Osteology::Physis | SnapOrtho::Anatomy::Leg_Knee | SnapOrtho::Anatomy::Leg_Knee::Osteology | SnapOrtho::Anatomy::Leg_Knee::Osteology::Tibia","","",""
"deck_pediatrics_missing_matching_specialty:341:05e62ecc-f38a-4b11-baaf-5e1f183fa90c","deck_pediatrics_missing_matching_specialty","05e62ecc-f38a-4b11-baaf-5e1f183fa90c","70b36674-5a98-450a-874d-119e0838927c","qFTuJq[f]=","What are the seven (7) orthopedic conditions associated with Down Syndrome ? {{c1::Generalized ligament laxity C1-C2 in…","Marty McFlyin's Ortho Deck::3) OrthoBullets::Pediatrics::Pediatric Syndromes::Chromosomal::Down Syndrome","SnapOrtho::Specialty::Spine | SnapOrtho::Specialty::Trauma","","",""
"deck_pediatrics_missing_matching_specialty:342:353d0d23-9203-4d96-865e-9c5ce8784ec5","deck_pediatrics_missing_matching_specialty","353d0d23-9203-4d96-865e-9c5ce8784ec5","5b6620e4-f28a-42fe-8514-7c5a3752bbf7","qwk:bljpb*","What artery is thought to be responsible for compartment syndrome following tibial tubercle fractures ? {{c1::Recurrent…","Marty McFlyin's Ortho Deck::2) Pocket Pimped::14 Pediatrics::14.05 Lower Extremity::Tibia","SnapOrtho::Diagnosis::Compartment_Syndrome | SnapOrtho::Specialty::Trauma","","",""
"deck_pediatrics_missing_matching_specialty:343:cdb70f4b-7bfd-4f60-9491-b7f96c1810cd","deck_pediatrics_missing_matching_specialty","cdb70f4b-7bfd-4f60-9491-b7f96c1810cd","35aad6ca-de3f-4935-bb0b-9bd4375ea7a1","BawK8CR?<b","What is the order of clubfoot deformity correction with the ponseti method ? {{c1:: CAVE 1) Cavus 2) Adductus 3) Varus…","Marty McFlyin's Ortho Deck::3) OrthoBullets::Pediatrics::Pediatric Foot::Cavus Deformities::Clubfoot (congenital talipes equinovarus)","SnapOrtho::Diagnosis::Angular_Deformity","","",""
"deck_pediatrics_missing_matching_specialty:344:b2c8e9d7-0caf-43b5-a7ee-ae74c12a3edd","deck_pediatrics_missing_matching_specialty","b2c8e9d7-0caf-43b5-a7ee-ae74c12a3edd","6a40ebd3-fb70-4f9e-8872-724601d9464b","C}%iUgO^bo","Overall, what is the most common type of Salter Harris fracture ? {{c1::SH II}}","Marty McFlyin's Ortho Deck::2) Pocket Pimped::14 Pediatrics::14.02 The Basics::Physis","SnapOrtho::Specialty::Trauma","","",""
"deck_pediatrics_missing_matching_specialty:345:d78fb997-e388-4744-a62b-cddf139f281a","deck_pediatrics_missing_matching_specialty","d78fb997-e388-4744-a62b-cddf139f281a","2fcbb10e-f3e9-4f90-9b44-0919ff09ba5a","BC^W.@%EWw","What is the most sensitive imaging modality to diagnose spondylolysis when AP and lateral radiographs are normal? {{c1:…","Marty McFlyin's Ortho Deck::3) OrthoBullets::Spine::Pediatric Spine::Spondylolysis & Adolescent Back Pain::Pediatric Spondylolysis & Spondylolisthesis","SnapOrtho::Specialty::Spine | SnapOrtho::Treatment::Imaging_Foundations","","",""
"deck_pediatrics_missing_matching_specialty:346:cc95771e-5ff9-4422-82c7-7d63ba52e886","deck_pediatrics_missing_matching_specialty","cc95771e-5ff9-4422-82c7-7d63ba52e886","829e7b55-f2ea-4d05-a92f-41e5bd6d11fd","I4Q_+Y)FXe","What other conditions (3) should also be looked for in a patient with Developmental Dysplasia of the Hip ? {{c1:: Torti…","Marty McFlyin's Ortho Deck::2) Pocket Pimped::14 Pediatrics::14.05 Lower Extremity::Developmental Dysplasia of the Hip (DDH)","SnapOrtho::Specialty::Foot_Ankle","","",""
"deck_pediatrics_missing_matching_specialty:347:9a8ed977-6efa-4c0d-9ffa-03f5cb6e8799","deck_pediatrics_missing_matching_specialty","9a8ed977-6efa-4c0d-9ffa-03f5cb6e8799","124143bc-8b0e-4e58-ae76-ecdbe63fec80","B7T`[_#7I9","What determines operative treatment for tibial bowing in patients with neurofibromatosis ? {{c1::Bowing w/ pseudoarthro…","Marty McFlyin's Ortho Deck::3) OrthoBullets::Pediatrics::Pediatric Conditions::Tibial Bowing::Neurofibromatosis","SnapOrtho::Anatomy::Leg_Knee | SnapOrtho::Anatomy::Leg_Knee::Osteology | SnapOrtho::Anatomy::Leg_Knee::Osteology::Tibia | SnapOrtho::Diagnosis::Tibial_Shaft_Fracture","","",""
"deck_pediatrics_missing_matching_specialty:348:c088425d-0160-4e01-94f0-f71d0111aa92","deck_pediatrics_missing_matching_specialty","c088425d-0160-4e01-94f0-f71d0111aa92","2f93c5e4-bbe1-44c3-b0b9-d66a7182fa7d","GH3pE_EN>k","What associated condition should be ruled out in the setting of radial neck fractures ? {{c1::Compartment Syndrome of t…","Marty McFlyin's Ortho Deck::2) Pocket Pimped::14 Pediatrics::14.03 Upper Extremity::Elbow","SnapOrtho::Diagnosis::Compartment_Syndrome | SnapOrtho::Specialty::Hand_Upper_Extremity","","",""
"deck_pediatrics_missing_matching_specialty:349:17327181-8de4-4fc6-a004-d78c1cc4c283","deck_pediatrics_missing_matching_specialty","17327181-8de4-4fc6-a004-d78c1cc4c283","8489f298-623c-4d3b-9e99-e46198c03305","k[eZ}&{re;","For chronic osteomyelitis , the {{c1::sequestrum}} is the necrotic bone which has been removed from its blood supply an…","Marty McFlyin's Ortho Deck::3) OrthoBullets::Pediatrics::Pediatric Trauma::Infection::Osteomyelitis - Pediatric","SnapOrtho::Specialty::General_Orthopedics","","",""
"deck_pediatrics_missing_matching_specialty:350:0d611576-0fac-45ae-9faa-b0865462999d","deck_pediatrics_missing_matching_specialty","0d611576-0fac-45ae-9faa-b0865462999d","b0977871-9d98-4bf2-87a0-ce7ddde5837f","DH<@B)Y.@R","What is camptodactyly ? {{c1::Flexion deformity of the finger}}","Marty McFlyin's Ortho Deck::2) Pocket Pimped::14 Pediatrics::14.03 Upper Extremity::Hand","SnapOrtho::Specialty::Hand_Upper_Extremity","","",""
"deck_pediatrics_missing_matching_specialty:351:03e8d0a9-6b59-4888-848f-105b3b1980af","deck_pediatrics_missing_matching_specialty","03e8d0a9-6b59-4888-848f-105b3b1980af","9fa3ce1b-4777-4e21-9ce9-570557837b7b","fP]qiWOO%#","What muscle group is most commonly spastic with acute spondylolisthesis ? {{c1::Hamstrings}}","Marty McFlyin's Ortho Deck::2) Pocket Pimped::14 Pediatrics::14.04 Spine::Spondylolysis/Spondylolisthesis","SnapOrtho::Specialty::Spine","","",""
"deck_pediatrics_missing_matching_specialty:352:1ee66664-1c9e-4904-a54a-7c6a8a96ae1b","deck_pediatrics_missing_matching_specialty","1ee66664-1c9e-4904-a54a-7c6a8a96ae1b","2ba867e0-db29-4eb9-87ee-7ba49963891d","tqrb?Cy*_u","{{c1::Sprengel's Deformity}} occurs when an omovertebral bone connects the C-spine to the scapula, which prevents the s…","Marty McFlyin's Ortho Deck::1) Netter's Concise Orthopaedic Anatomy::03 Shoulder::03.14 Pediatric Disorders","SnapOrtho::Specialty::Spine","","",""
"deck_pediatrics_missing_matching_specialty:353:5c935b86-95bd-42a5-a026-aedd4178aadf","deck_pediatrics_missing_matching_specialty","5c935b86-95bd-42a5-a026-aedd4178aadf","b406f7ce-fdd3-4e7b-aad5-b75ecf46c0d9","fY^5!0OpOX","In which direction do distal humeral physeal separations most commonly occur ? {{c1::Posteromedial}}","Marty McFlyin's Ortho Deck::2) Pocket Pimped::14 Pediatrics::14.03 Upper Extremity::Elbow","SnapOrtho::Specialty::Shoulder_Elbow","","",""
"deck_pediatrics_missing_matching_specialty:354:85fe8823-18ac-49e3-94b3-ee9adc07f4c9","deck_pediatrics_missing_matching_specialty","85fe8823-18ac-49e3-94b3-ee9adc07f4c9","a8058538-8f02-4c21-94bc-6319a29656a7","q=?]EYt*T,","Three (3) common orthopedic conditions associated with lysosomal storage diseases : {{c1::Proportionate dwarfism Carpal…","Marty McFlyin's Ortho Deck::3) OrthoBullets::Pediatrics::Pediatric Syndromes::Dwarfism::Mucopolysaccharidoses","SnapOrtho::Anatomy::Hand | SnapOrtho::Anatomy::Hand::Other | SnapOrtho::Anatomy::Hand::Other::Carpal_Tunnel | SnapOrtho::Diagnosis::Carpal_Tunnel_Syndrome | SnapOrtho::Specialty::Hand_Upper_Extremity","","",""
"deck_pediatrics_missing_matching_specialty:355:950b9005-2a9c-46a4-bce3-374e604227e6","deck_pediatrics_missing_matching_specialty","950b9005-2a9c-46a4-bce3-374e604227e6","d2b06887-861f-4e03-8a08-845a32782375","Ebhs5t%$$)","Name the treatment option(s) for femoral shaft fracture based on age/fracture pattern : 14 year old patient Proximal or…","Marty McFlyin's Ortho Deck::3) OrthoBullets::Pediatrics::Pediatric Trauma::Pelvis & Femur Trauma::Femoral Shaft Fractures","SnapOrtho::Diagnosis::Femoral_Shaft_Fracture | SnapOrtho::Specialty::Trauma","","",""
"deck_pediatrics_missing_matching_specialty:356:fc752934-e713-41ad-930b-817f2227257a","deck_pediatrics_missing_matching_specialty","fc752934-e713-41ad-930b-817f2227257a","319b76f8-32fc-425c-a958-cb7038abfd8d","x0E60,eQ!f","How many hours a day must the brace actually be worn to prevent progression of scoliosis ? {{c1::Minimum of 13 hours/da…","Marty McFlyin's Ortho Deck::2) Pocket Pimped::14 Pediatrics::14.04 Spine::Scoliosis","SnapOrtho::Specialty::Spine","","",""
"deck_pediatrics_missing_matching_specialty:357:67c0cbed-4dad-49ec-9c7c-5e77427b173d","deck_pediatrics_missing_matching_specialty","67c0cbed-4dad-49ec-9c7c-5e77427b173d","1ccff01e-bb04-4adf-92ac-52caa005440c","MFQ^,EL}{|","In a clubfoot , what is a common finding between the talus and calcaneus on a dorsiflexion lateral radiograph of the fo…","Marty McFlyin's Ortho Deck::3) OrthoBullets::Pediatrics::Pediatric Foot::Cavus Deformities::Clubfoot (congenital talipes equinovarus)","SnapOrtho::Anatomy::Foot_Ankle | SnapOrtho::Anatomy::Foot_Ankle::Osteology | SnapOrtho::Anatomy::Foot_Ankle::Osteology::Calcaneus | SnapOrtho::Anatomy::Foot_Ankle::Osteology::Talus | SnapOrtho::Specialty::Foot_Ankle","","",""
"deck_pediatrics_missing_matching_specialty:358:adec9ee3-52c8-41e7-ac3d-e719153f4193","deck_pediatrics_missing_matching_specialty","adec9ee3-52c8-41e7-ac3d-e719153f4193","3131d325-4620-4e31-8497-914e57c907ab","fIiq02ANZw","Nerve lesion - Muscular impairment {{c1::Axillary}} - Deltoid, teres minor weakness {{c1::Suprascapular}} - Supraspinat…","Marty McFlyin's Ortho Deck::3) OrthoBullets::Pediatrics::Pediatric Trauma::Upper Extremity Conditions::Obstetric Brachial Plexopathy (Erb's,  Klumpke's Palsy)","SnapOrtho::Anatomy::Shoulder_Girdle | SnapOrtho::Anatomy::Shoulder_Girdle::Muscles | SnapOrtho::Anatomy::Shoulder_Girdle::Muscles::Infraspinatus | SnapOrtho::Anatomy::Shoulder_Girdle::Muscles::Supraspinatus | SnapOrtho::Anatomy::Shoulder_Girdle::Muscles::Teres_Minor | SnapOrtho::Specialty::Shoulder_Elbow","","",""
"deck_pediatrics_missing_matching_specialty:359:24231aa8-9fb7-4541-a716-788360d5fdef","deck_pediatrics_missing_matching_specialty","24231aa8-9fb7-4541-a716-788360d5fdef","4eebb7f9-f519-4bf3-92ad-fa318bb13f6a","k:63&*[CMM","What causes increased frequency of long bone fractures in patients with myelodysplasia ? {{c1::Osteopenia from not ambu…","Marty McFlyin's Ortho Deck::3) OrthoBullets::Pediatrics::Pediatric Syndromes::Neuromuscular::Myelodysplasia","SnapOrtho::Specialty::Trauma","","",""
"deck_pediatrics_missing_matching_specialty:360:7d57aa82-bf14-407f-bbaa-7b030ef539ab","deck_pediatrics_missing_matching_specialty","7d57aa82-bf14-407f-bbaa-7b030ef539ab","829e4900-9ef1-4ea6-981a-4b8e0181f029","LT@mhWFmQ}","Five (5) orthopedic manifestations of CMT : {{c1:: Pes cavovarus Claw toes Hip dysplasia Scoliosis Hand muscle atrophy…","Marty McFlyin's Ortho Deck::3) OrthoBullets::Pediatrics::Pediatric Syndromes::Neuromuscular::Charcot-Marie-Tooth Disease","SnapOrtho::Specialty::Hand_Upper_Extremity | SnapOrtho::Specialty::Spine","","",""
"deck_pediatrics_missing_matching_specialty:361:2293437e-873e-4187-94ab-a37919071c90","deck_pediatrics_missing_matching_specialty","2293437e-873e-4187-94ab-a37919071c90","f3b9c28e-8e51-444e-a1e1-23846cb86435","p:,yQ__],#","What is the radiographic measurement that is used for diagnosis of Infantile Blount’s Disease ? {{c1::Drennan's Angle}}","Marty McFlyin's Ortho Deck::3) OrthoBullets::Pediatrics::Pediatric Conditions::Varus & Valgus Deformities::Infantile Blount's Disease (tibia vara)","SnapOrtho::Anatomy::Leg_Knee | SnapOrtho::Anatomy::Leg_Knee::Osteology | SnapOrtho::Anatomy::Leg_Knee::Osteology::Tibia","","",""
"deck_pediatrics_missing_matching_specialty:362:9ed076b7-5e3c-41e6-b242-c0bf0800b4ae","deck_pediatrics_missing_matching_specialty","9ed076b7-5e3c-41e6-b242-c0bf0800b4ae","821d1ff7-c847-4951-bd71-92fc21912d1b","bU>T;MbLvL","The pathophysiology of cavovarus foot features which 2 weak and which 2 strong muscles ? Strong: {{c1::Peroneus longus,…","Marty McFlyin's Ortho Deck::3) OrthoBullets::Pediatrics::Pediatric Foot::Cavus Deformities::Cavovarus Foot in Pediatrics & Adults","SnapOrtho::Specialty::Foot_Ankle","","",""
"deck_pediatrics_missing_matching_specialty:363:1640e6ed-27e1-46f0-8242-3552ce9edf81","deck_pediatrics_missing_matching_specialty","1640e6ed-27e1-46f0-8242-3552ce9edf81","a8872312-2c15-4282-809a-f47541f969b0","J6$PY]o(^>","Dorsal bunion pathophysiology in setting of clubfoot : {{c1::Anterior tibialis}} overpowers a weak {{c1::peroneus longu…","Marty McFlyin's Ortho Deck::3) OrthoBullets::Pediatrics::Pediatric Foot::Cavus Deformities::Clubfoot (congenital talipes equinovarus)","SnapOrtho::Specialty::Foot_Ankle","","",""
"deck_pediatrics_missing_matching_specialty:364:47432c55-6077-466e-a690-7910d3d9a856","deck_pediatrics_missing_matching_specialty","47432c55-6077-466e-a690-7910d3d9a856","8c3bfbf4-69ca-43b1-abfe-efc6e9f89f47","eb*q5/wb,k","Which structure is at risk when placing a medial pin in the elbow ? {{c1::Ulnar nerve}}","Marty McFlyin's Ortho Deck::2) Pocket Pimped::14 Pediatrics::14.03 Upper Extremity::Supracondylar Humerus","SnapOrtho::Anatomy::Elbow | SnapOrtho::Anatomy::Elbow::Nerves | SnapOrtho::Anatomy::Elbow::Nerves::Ulnar_Nerve | SnapOrtho::Specialty::Shoulder_Elbow","","",""
"deck_pediatrics_missing_matching_specialty:365:ff5c7842-092f-4f27-8607-bf31b7b6b65e","deck_pediatrics_missing_matching_specialty","ff5c7842-092f-4f27-8607-bf31b7b6b65e","5e58493d-5653-492e-b320-1f16d45d0b6b","wsMwN`VfAa","Pathophysiology of clubfoot : muscle contractures contribute to the characteristic deformity Cavus: {{c1::Tight intrins…","Marty McFlyin's Ortho Deck::3) OrthoBullets::Pediatrics::Pediatric Foot::Cavus Deformities::Clubfoot (congenital talipes equinovarus)","SnapOrtho::Specialty::Foot_Ankle","","",""
"deck_pediatrics_missing_matching_specialty:366:c52e0cad-2013-4877-afeb-4aa703223c10","deck_pediatrics_missing_matching_specialty","c52e0cad-2013-4877-afeb-4aa703223c10","623f5ea8-2d6e-4105-ba71-e7fef03b9f9b","vc0[75NnW]","What are four (4) common foot deformities seen in cerebral palsy ? {{c1::Equinus Hallux valgus EquinoPlanoValgus Equino…","Marty McFlyin's Ortho Deck::3) OrthoBullets::Pediatrics::Pediatric Syndromes::Cerebral Palsy::Cerebral Palsy - Foot Conditions","SnapOrtho::Diagnosis::Hallux_Valgus | SnapOrtho::Specialty::Foot_Ankle","","",""
"deck_pediatrics_missing_matching_specialty:367:2e1a5771-7214-477c-9703-18d97c89c3c7","deck_pediatrics_missing_matching_specialty","2e1a5771-7214-477c-9703-18d97c89c3c7","9196e773-2d01-4f92-8591-1f5d9959d517","r0uXuD.4`P","What radiographic finding is suggestive of Little Leaguer's Shoulder ? {{c1::Widening of the proximal humeral physis}}","Marty McFlyin's Ortho Deck::2) Pocket Pimped::14 Pediatrics::14.03 Upper Extremity::Little Leaguer's Shoulder","SnapOrtho::Anatomy::Basic_Science | SnapOrtho::Anatomy::Basic_Science::Osteology | SnapOrtho::Anatomy::Basic_Science::Osteology::Physis | SnapOrtho::Specialty::Shoulder_Elbow","","",""
"deck_pediatrics_missing_matching_specialty:368:ccedf5b6-e7f0-44c0-9947-f8c174daa904","deck_pediatrics_missing_matching_specialty","ccedf5b6-e7f0-44c0-9947-f8c174daa904","6df5543f-c500-48f7-92e8-7c6c5af3c40d","He[9boI/^l","Name the treatment option(s) for femoral shaft fracture based on age/fracture pattern : 7 year old patient Length unsta…","Marty McFlyin's Ortho Deck::3) OrthoBullets::Pediatrics::Pediatric Trauma::Pelvis & Femur Trauma::Femoral Shaft Fractures","SnapOrtho::Diagnosis::Femoral_Shaft_Fracture | SnapOrtho::Specialty::Trauma","","",""
"deck_pediatrics_missing_matching_specialty:369:bdf974ec-b982-4e6f-a3fa-dc1ac7452c56","deck_pediatrics_missing_matching_specialty","bdf974ec-b982-4e6f-a3fa-dc1ac7452c56","1e52aa64-e95d-46fd-ba11-d80fe7ed2671","tbP/HaXFc%","What is preaxial polydactyly ? {{c1::Thumb duplication}}","Marty McFlyin's Ortho Deck::2) Pocket Pimped::14 Pediatrics::14.03 Upper Extremity::Hand","SnapOrtho::Specialty::Hand_Upper_Extremity","","",""
"deck_pediatrics_missing_matching_specialty:370:7b8ecc4a-23c7-48e5-bfbf-f77fd1d30e80","deck_pediatrics_missing_matching_specialty","7b8ecc4a-23c7-48e5-bfbf-f77fd1d30e80","3b85d4b4-fe9c-4368-bcd1-fd09de0cf3ff","F-v:=PxBqq","Which # artery is the dominant blood supply to the femoral head? {{c1::3 (medial femoral circumflex artery)}}","Marty McFlyin's Ortho Deck::3) OrthoBullets::Pediatrics::Pediatric Trauma::Hip & Pelvis Conditions::Slipped Capital Femoral Epiphysis (SCFE)","SnapOrtho::Anatomy::Thigh_Hip | SnapOrtho::Anatomy::Thigh_Hip::Osteology | SnapOrtho::Anatomy::Thigh_Hip::Osteology::Femoral_Head | SnapOrtho::Anatomy::Thigh_Hip::Vasculature | SnapOrtho::Anatomy::Thigh_Hip::Vasculature::Medial_Femoral_Circumflex_Artery","","",""
"deck_pediatrics_missing_matching_specialty:371:3a8e970f-622c-48bf-850f-aba442f9d632","deck_pediatrics_missing_matching_specialty","3a8e970f-622c-48bf-850f-aba442f9d632","5d2dc199-ce56-4997-ada3-996522e077f8","l:?thZbk7^","Three (3) common physical exam findings in patients with tarsal coalition : {{c1::Hindfoot valgus Pes planus Limited su…","Marty McFlyin's Ortho Deck::3) OrthoBullets::Pediatrics::Pediatric Foot::Planus Deformity::Tarsal Coalition","SnapOrtho::Diagnosis::Tarsal_Coalition","","",""
"deck_pediatrics_missing_matching_specialty:372:b902b818-fe2d-4c59-823e-558534b2942e","deck_pediatrics_missing_matching_specialty","b902b818-fe2d-4c59-823e-558534b2942e","f50351c7-dd6e-40f2-8b36-55a763cf90b6","rm=jNb9DPg","Two (2) specific physical exam findings for Infantile Blount’s Disease : {{c1:: Lateral thrust during gait Positive ‘co…","Marty McFlyin's Ortho Deck::3) OrthoBullets::Pediatrics::Pediatric Conditions::Varus & Valgus Deformities::Infantile Blount's Disease (tibia vara)","SnapOrtho::Anatomy::Leg_Knee | SnapOrtho::Anatomy::Leg_Knee::Osteology | SnapOrtho::Anatomy::Leg_Knee::Osteology::Tibia","","",""
"deck_pediatrics_missing_matching_specialty:373:21fefdf4-93b1-47db-bbe5-0f0b53d528ce","deck_pediatrics_missing_matching_specialty","21fefdf4-93b1-47db-bbe5-0f0b53d528ce","efff2586-7606-4e5a-bf0c-8b18b31c1894","G_ES*O5SIV","Development of cubitus varus increases the risk of which fracture in the future ? {{c1::Lateral condyle fractures}}","Marty McFlyin's Ortho Deck::2) Pocket Pimped::14 Pediatrics::14.03 Upper Extremity::Supracondylar Humerus","SnapOrtho::Diagnosis::Cubitus_Varus | SnapOrtho::Diagnosis::Distal_Humerus_Fracture | SnapOrtho::Specialty::Trauma","","",""
"deck_pediatrics_missing_matching_specialty:374:f726b6a1-60de-4e6a-aca1-d4e92ae606a9","deck_pediatrics_missing_matching_specialty","f726b6a1-60de-4e6a-aca1-d4e92ae606a9","a1ecdbe4-265e-436c-b0d1-f4731f457b6c","IvwXKLu[s%","How long after injury is a Seymor fracture considered chronic ? {{c1::>24 hours}}","Marty McFlyin's Ortho Deck::2) Pocket Pimped::14 Pediatrics::14.03 Upper Extremity::Hand","SnapOrtho::Specialty::Trauma","","",""
"deck_pediatrics_missing_matching_specialty:375:3a978c72-d7b6-4892-9b90-7cc5b35c438f","deck_pediatrics_missing_matching_specialty","3a978c72-d7b6-4892-9b90-7cc5b35c438f","de69866d-05c8-493c-a573-1e43337acab8","D!W+c#wf{/","What is Cozen's phenomenon ? {{c1::Development of a late valgus deformity following proximal tibial metaphyseal fractur…","Marty McFlyin's Ortho Deck::2) Pocket Pimped::14 Pediatrics::14.05 Lower Extremity::Tibia","SnapOrtho::Specialty::Trauma","","",""
"deck_pediatrics_missing_matching_specialty:376:7d3fcd3a-70f6-4248-a6fe-b31cf1b762bd","deck_pediatrics_missing_matching_specialty","7d3fcd3a-70f6-4248-a6fe-b31cf1b762bd","3f945a99-c546-4938-8ddc-e6ea17c1b025","J(s{<COo.X","What is spondylolysis ? {{c1::Anatomic defect of the pars interarticularis without vertebral body displacement}}","Marty McFlyin's Ortho Deck::2) Pocket Pimped::14 Pediatrics::14.04 Spine::Spondylolysis/Spondylolisthesis","SnapOrtho::Specialty::Spine","","",""
"deck_pediatrics_missing_matching_specialty:377:6e9bcfae-2baa-4504-b166-e84c5defe8f3","deck_pediatrics_missing_matching_specialty","6e9bcfae-2baa-4504-b166-e84c5defe8f3","f7c59d90-0a8b-4f6a-9a60-eee8fec1e1bf","gbNK.gefVg","Name the treatment option(s) for femoral shaft fracture based on age/fracture pattern : 3 year old patient Unstable fra…","Marty McFlyin's Ortho Deck::3) OrthoBullets::Pediatrics::Pediatric Trauma::Pelvis & Femur Trauma::Femoral Shaft Fractures","SnapOrtho::Diagnosis::Femoral_Shaft_Fracture | SnapOrtho::Diagnosis::Open_Fracture | SnapOrtho::Specialty::Trauma","","",""
"deck_pediatrics_missing_matching_specialty:378:d7fd6f84-c151-49ed-ba22-2707511750e2","deck_pediatrics_missing_matching_specialty","d7fd6f84-c151-49ed-ba22-2707511750e2","83af0b4d-b4d6-4b9a-bdd6-bdbea34a091f","r<8zR;~tKP","Name the lysosomal storage diseases : {{c4::Morquio}} syndrome: -Autosomal recessive -Accumulation of keratan sulfate -…","Marty McFlyin's Ortho Deck::3) OrthoBullets::Pediatrics::Pediatric Syndromes::Dwarfism::Mucopolysaccharidoses","SnapOrtho::Specialty::Spine","","",""
"deck_pediatrics_missing_matching_specialty:379:29ae473e-4bb3-4cd1-a4c4-adc5c732962b","deck_pediatrics_missing_matching_specialty","29ae473e-4bb3-4cd1-a4c4-adc5c732962b","91593d4e-74b2-4360-9b57-077b78ba422b","x_9[G_]_z!","Fractures in patients with Osteogenesis Imperfecta that require surgical fixation should be treated with {{c1::intramed…","Marty McFlyin's Ortho Deck::3) OrthoBullets::Pediatrics::Pediatric Syndromes::Connective Tissue::Osteogenesis Imperfecta","SnapOrtho::Diagnosis::Periprosthetic_Fracture | SnapOrtho::Specialty::Trauma | SnapOrtho::Treatment::Plate_Fixation","","",""
"deck_pediatrics_missing_matching_specialty:380:b0d796c8-9012-462c-90d5-4070c02cd194","deck_pediatrics_missing_matching_specialty","b0d796c8-9012-462c-90d5-4070c02cd194","75be7619-03bd-4641-8a10-44f1b9f54726","Q_csjYP!B?","What position is the hip generally held in if septic ? {{c1::Flexion, Abduction, External Rotation (FABER)}}","Marty McFlyin's Ortho Deck::2) Pocket Pimped::14 Pediatrics::14.05 Lower Extremity::Transient Synovitis v Septic Arthritis","SnapOrtho::Anatomy::Thigh_Hip | SnapOrtho::Anatomy::Thigh_Hip::Joints | SnapOrtho::Anatomy::Thigh_Hip::Joints::Hip_Capsule","","",""
"deck_pediatrics_missing_matching_specialty:381:1ce7734a-8868-4604-af9e-1070d726e603","deck_pediatrics_missing_matching_specialty","1ce7734a-8868-4604-af9e-1070d726e603","03440a98-e3fd-40c5-bb95-b1fdf33e4761","h3}4/d}^[Z","What is the initial, nonoperative treatment for symptomatic tarsal coalition ? {{c1::Immobilization with casting +/- an…","Marty McFlyin's Ortho Deck::3) OrthoBullets::Pediatrics::Pediatric Foot::Planus Deformity::Tarsal Coalition","SnapOrtho::Diagnosis::Tarsal_Coalition","","",""
"deck_pediatrics_missing_matching_specialty:382:fb13f1d6-4c65-4ba9-b361-496394a99f0e","deck_pediatrics_missing_matching_specialty","fb13f1d6-4c65-4ba9-b361-496394a99f0e","bcca1a5d-2927-4cb9-95bf-4681e3dd06c3","G-%Xs#qnvL","What is the Center Edge Angle (CEA) ? {{c1::Angle formed by a vertical line centered in the femoral head and the latera…","Marty McFlyin's Ortho Deck::2) Pocket Pimped::14 Pediatrics::14.05 Lower Extremity::Developmental Dysplasia of the Hip (DDH)","SnapOrtho::Anatomy::Pelvis | SnapOrtho::Anatomy::Pelvis::Osteology | SnapOrtho::Anatomy::Pelvis::Osteology::Acetabulum | SnapOrtho::Anatomy::Thigh_Hip | SnapOrtho::Anatomy::Thigh_Hip::Osteology | SnapOrtho::Anatomy::Thigh_Hip::Osteology::Femoral_Head","","",""
"deck_pediatrics_missing_matching_specialty:383:71a74e97-606a-40c7-8673-c0235ac70e1b","deck_pediatrics_missing_matching_specialty","71a74e97-606a-40c7-8673-c0235ac70e1b","78c84ff4-9a1f-48da-ba3c-8cb766afbe0d","ujef|)<^Y}","How do you determine the stable vertebrae and the neutral vertebrae when evaluating an x-ray ? Stable vertebrae: {{c1::…","Marty McFlyin's Ortho Deck::2) Pocket Pimped::14 Pediatrics::14.04 Spine::Scoliosis","SnapOrtho::Specialty::Spine","","",""
"deck_pediatrics_missing_matching_specialty:384:be1358db-0e27-4ad2-8b35-c470ba006c4d","deck_pediatrics_missing_matching_specialty","be1358db-0e27-4ad2-8b35-c470ba006c4d","1416bace-b53c-4037-9dc1-d1bd5abc481c","KuLX#PcGD>","What are the three (3) conditions that can cause in-toeing ? {{c1:: Femoral anteversion Internal tibial torsion Metatar…","Marty McFlyin's Ortho Deck::2) Pocket Pimped::14 Pediatrics::14.02 The Basics::Lower Extremity Alignment","SnapOrtho::Specialty::Foot_Ankle","","",""
"deck_pediatrics_missing_matching_specialty:385:ce912f44-0083-4beb-8104-52a4e33117d6","deck_pediatrics_missing_matching_specialty","ce912f44-0083-4beb-8104-52a4e33117d6","6a248c78-8dc2-43b1-9599-df8e27ad69c8","tmRaGV*D_-","Ultrasound of infant hip : Alpha angle : line along {{c1::acetabulum}} and {{c1::ilium}} (normal >60°) Beta angle : lin…","Marty McFlyin's Ortho Deck::3) OrthoBullets::Pediatrics::Pediatric Trauma::Hip & Pelvis Conditions::Developmental Dysplasia of the Hip (DDH)","SnapOrtho::Anatomy::Pelvis | SnapOrtho::Anatomy::Pelvis::Osteology | SnapOrtho::Anatomy::Pelvis::Osteology::Acetabulum","","",""
"deck_pediatrics_missing_matching_specialty:386:2d5699cf-fc2f-46aa-853a-59b9404b8f5f","deck_pediatrics_missing_matching_specialty","2d5699cf-fc2f-46aa-853a-59b9404b8f5f","602f6eeb-962b-4b40-bff7-f9d3e65754dd","pS=PDb0cK0","Treatment of scoliosis in patients with Osteogenesis Imperfecta involves {{c1::posterior spinal fusion and instrumentat…","Marty McFlyin's Ortho Deck::3) OrthoBullets::Pediatrics::Pediatric Syndromes::Connective Tissue::Osteogenesis Imperfecta","SnapOrtho::Specialty::Spine | SnapOrtho::Treatment::Pedicle_Screw","","",""
"deck_pediatrics_missing_matching_specialty:387:78895bd5-4f77-4991-81fa-3d2999f33149","deck_pediatrics_missing_matching_specialty","78895bd5-4f77-4991-81fa-3d2999f33149","07149506-7450-478e-8da5-5d77948d0d48","BjC?eamuf*","What two categories of implants can be used for limb lengthening ? {{c1:: Circular external fixator Intramedullary nail…","Marty McFlyin's Ortho Deck::2) Pocket Pimped::14 Pediatrics::14.05 Lower Extremity::Leg Length Discrepancy","SnapOrtho::Treatment::Circular_External_Fixation | SnapOrtho::Treatment::Intramedullary_Nail_Fixation","","",""
"deck_pediatrics_missing_matching_specialty:388:187ae627-fad5-46b1-b611-9c5304e63f68","deck_pediatrics_missing_matching_specialty","187ae627-fad5-46b1-b611-9c5304e63f68","65214bbf-4bca-43dc-a6d4-b97418bb137f","wvIH=$`E&~","Nine (9) associated conditions with fibular deficiency : Lower extremity - {{c1::Leg length discrepancy}} Hip - {{c1::D…","Marty McFlyin's Ortho Deck::3) OrthoBullets::Pediatrics::Pediatric Conditions::Tibial Bowing::Fibular Deficiency (Anteromedial Bowing)","SnapOrtho::Anatomy::Leg_Knee | SnapOrtho::Anatomy::Leg_Knee::Osteology | SnapOrtho::Anatomy::Leg_Knee::Osteology::Tibia | SnapOrtho::Anatomy::Thigh_Hip | SnapOrtho::Anatomy::Thigh_Hip::Osteology | SnapOrtho::Anatomy::Thigh_Hip::Osteology::Femur | SnapOrtho::Diagnosis::Leg_Length_Discrepancy | SnapOrtho::Diagnosis::Tarsal_Coalition | SnapOrtho::Specialty::Foot_Ankle","","",""
"deck_pediatrics_missing_matching_specialty:389:932eb900-2099-4a7c-9f30-0bb60d052bcd","deck_pediatrics_missing_matching_specialty","932eb900-2099-4a7c-9f30-0bb60d052bcd","1b68c9f7-e15b-40a3-b603-067b572dc8e4","G6:FA3D{)*","Complication if developmental dysplasia of the hip (DDH) is left untreated? {{c1::Osteonecrosis of the femoral head}}","Marty McFlyin's Ortho Deck::1) Netter's Concise Orthopaedic Anatomy::08 Thigh/Hip::08.14 Pediatric Disorders","SnapOrtho::Anatomy::Thigh_Hip | SnapOrtho::Anatomy::Thigh_Hip::Osteology | SnapOrtho::Anatomy::Thigh_Hip::Osteology::Femoral_Head","","",""
"deck_pediatrics_missing_matching_specialty:390:2c37e8c5-f817-4df9-a027-dc4e323b22e7","deck_pediatrics_missing_matching_specialty","2c37e8c5-f817-4df9-a027-dc4e323b22e7","82c0eeb0-802e-4523-a1cd-492126ab16c9","wgot*e)2s7","What cerebral palsy gait disorder is characterized by hip flexion , knee flexion , and ankle equinus ? {{c1::Jump gait}}","Marty McFlyin's Ortho Deck::3) OrthoBullets::Pediatrics::Pediatric Syndromes::Cerebral Palsy::Cerebral Palsy - Gait Disorders","SnapOrtho::Specialty::Foot_Ankle","","",""
"deck_pediatrics_missing_matching_specialty:391:3dbe14c3-5fb4-48cb-b43b-27a28d4f144b","deck_pediatrics_missing_matching_specialty","3dbe14c3-5fb4-48cb-b43b-27a28d4f144b","96511e19-fc6d-443c-999e-a2de238bccbc","b%hxe)mW;x","What imaging modality should be obtained in any patient with an atypical scoliotic curve (ie. left thoracic curve) ? {{…","Marty McFlyin's Ortho Deck::2) Pocket Pimped::14 Pediatrics::14.04 Spine::Scoliosis","SnapOrtho::Specialty::Spine","","",""
"deck_pediatrics_missing_matching_specialty:392:ea27556d-9a73-40a7-ba8c-b942e04078df","deck_pediatrics_missing_matching_specialty","ea27556d-9a73-40a7-ba8c-b942e04078df","0142fe10-aa5b-4918-be93-d3554c33fa82","i08Qveea0{","Narakas Classification of Obstetric Brachial Plexus Injury : Group I: {{c1::Paralysis of deltoid and biceps (C5-C6)}} G…","Marty McFlyin's Ortho Deck::3) OrthoBullets::Pediatrics::Pediatric Trauma::Upper Extremity Conditions::Obstetric Brachial Plexopathy (Erb's,  Klumpke's Palsy)","SnapOrtho::Specialty::Hand_Upper_Extremity | SnapOrtho::Specialty::Shoulder_Elbow","","",""
"deck_pediatrics_missing_matching_specialty:393:fa5f3e69-87db-4d8c-ab70-5c4df69f12fa","deck_pediatrics_missing_matching_specialty","fa5f3e69-87db-4d8c-ab70-5c4df69f12fa","72251275-998d-45eb-8d0a-54013b874e6e","q#x.9XpO2s","Complications (6) of surgical correction of clubfoot : {{c1:: Dorsal bunion Intoeing gait Osteonecrosis of the talus Pe…","Marty McFlyin's Ortho Deck::3) OrthoBullets::Pediatrics::Pediatric Foot::Cavus Deformities::Clubfoot (congenital talipes equinovarus)","SnapOrtho::Anatomy::Foot_Ankle | SnapOrtho::Anatomy::Foot_Ankle::Osteology | SnapOrtho::Anatomy::Foot_Ankle::Osteology::Talus | SnapOrtho::Specialty::Foot_Ankle","","",""
"deck_pediatrics_missing_matching_specialty:394:43937bf1-a31c-4ad4-a5d8-1473d53e0fda","deck_pediatrics_missing_matching_specialty","43937bf1-a31c-4ad4-a5d8-1473d53e0fda","fccea189-ac35-463e-ac8d-f272fb4bc564","kGoI?30=yJ","Name the treatment option(s) for femoral shaft fracture based on age/fracture pattern : 6 year old patient Length stabl…","Marty McFlyin's Ortho Deck::3) OrthoBullets::Pediatrics::Pediatric Trauma::Pelvis & Femur Trauma::Femoral Shaft Fractures","SnapOrtho::Diagnosis::Femoral_Shaft_Fracture | SnapOrtho::Specialty::Trauma","","",""
"deck_pediatrics_missing_matching_specialty:395:f9676a01-a0d9-4739-bc35-1b698e4c0d8b","deck_pediatrics_missing_matching_specialty","f9676a01-a0d9-4739-bc35-1b698e4c0d8b","13acf3ce-19c7-402e-8f93-b8738172c7f5","tMYq0oUQvF","What is the usual treatment for a Type I supracondylar humerus fracture ? {{c1::Long arm cast}}","Marty McFlyin's Ortho Deck::2) Pocket Pimped::14 Pediatrics::14.03 Upper Extremity::Supracondylar Humerus","SnapOrtho::Diagnosis::Supracondylar_Humerus_Fracture | SnapOrtho::Specialty::Shoulder_Elbow | SnapOrtho::Specialty::Trauma","","",""
"deck_pediatrics_missing_matching_specialty:396:e4b71891-0dcb-45ca-a5ae-a6d37e1cdd9a","deck_pediatrics_missing_matching_specialty","e4b71891-0dcb-45ca-a5ae-a6d37e1cdd9a","bc5d1b50-dab9-477a-bb20-942809ca0371","oPYB%968L)","{{c1::Stable::Stable/unstable}} femoral shaft fractures are typically transverse or short ; whereas {{c1::unstable::sta…","Marty McFlyin's Ortho Deck::3) OrthoBullets::Pediatrics::Pediatric Trauma::Pelvis & Femur Trauma::Femoral Shaft Fractures","SnapOrtho::Diagnosis::Femoral_Shaft_Fractures | SnapOrtho::Specialty::Trauma","","",""
"deck_pediatrics_missing_matching_specialty:397:89226b87-f3a2-48a5-85b3-1c3985ddeec4","deck_pediatrics_missing_matching_specialty","89226b87-f3a2-48a5-85b3-1c3985ddeec4","de119544-d985-4108-94a1-594e323a1dd6","DjDm@s0Sp$","Tarsal coalition is usually asymptomatic, but can present with which two complaints ? {{c1::Flatfoot deformity Recurren…","Marty McFlyin's Ortho Deck::3) OrthoBullets::Pediatrics::Pediatric Foot::Planus Deformity::Tarsal Coalition","SnapOrtho::Diagnosis::Tarsal_Coalition | SnapOrtho::Specialty::Foot_Ankle","","",""
"deck_pediatrics_missing_matching_specialty:398:c9d9cdf1-7924-4c96-a471-15c7497f7f95","deck_pediatrics_missing_matching_specialty","c9d9cdf1-7924-4c96-a471-15c7497f7f95","9ad9178f-94be-4a0a-b682-e0957c10d860","ByIcf9#d=x","Two (2) types of scoliosis in patients with neurofibromatosis : {{c1::Idiopathic (non-dystrophic) Dystrophic}}","Marty McFlyin's Ortho Deck::3) OrthoBullets::Pediatrics::Pediatric Conditions::Tibial Bowing::Neurofibromatosis","SnapOrtho::Diagnosis::Adolescent_Idiopathic_Scoliosis | SnapOrtho::Specialty::Spine","","",""
"deck_pediatrics_missing_matching_specialty:399:0ffa1150-4315-4a23-a319-b5583383851c","deck_pediatrics_missing_matching_specialty","0ffa1150-4315-4a23-a319-b5583383851c","528f3539-c741-45ab-aa5c-aba34b0f5182","e4v2XM`*jQ","Femoral nailing through the {{c1::piriformis fossa}} is contraindicated in patients with open physes because of the ris…","Marty McFlyin's Ortho Deck::3) OrthoBullets::Pediatrics::Pediatric Trauma::Pelvis & Femur Trauma::Femoral Shaft Fractures","SnapOrtho::Anatomy::Thigh_Hip | SnapOrtho::Anatomy::Thigh_Hip::Osteology | SnapOrtho::Anatomy::Thigh_Hip::Osteology::Femoral_Head","","",""
"deck_pediatrics_missing_matching_specialty:400:e10aeb57-7f78-4510-a52d-d7f1c54db9db","deck_pediatrics_missing_matching_specialty","e10aeb57-7f78-4510-a52d-d7f1c54db9db","5d18caae-eb39-4b8d-a331-f86050553e1a","w>&6!N+_6N","Five (5) associated conditions that may occur as a result of a leg length discrepancy (LLD) : {{c1:: Back pain Osteoart…","Marty McFlyin's Ortho Deck::3) OrthoBullets::Pediatrics::Pediatric Conditions::Leg Conditions::Leg Length Discrepancy (LLD)","SnapOrtho::Diagnosis::Leg_Length_Discrepancy | SnapOrtho::Specialty::Foot_Ankle | SnapOrtho::Specialty::Spine","","",""
"deck_pediatrics_missing_matching_specialty:401:766b5be0-e0ba-495f-aed1-8cca5fbec98a","deck_pediatrics_missing_matching_specialty","766b5be0-e0ba-495f-aed1-8cca5fbec98a","ea3ba6cb-2cf6-41b3-be62-1a712a22102e","FXQCE`5eP6","Common radiographic finding in calcaneonavicular coalition : {{c1::""Anteater"" sign}}","Marty McFlyin's Ortho Deck::3) OrthoBullets::Pediatrics::Pediatric Foot::Planus Deformity::Tarsal Coalition","SnapOrtho::Specialty::Foot_Ankle","","",""
"deck_pediatrics_missing_matching_specialty:402:64bc9c2c-2590-4903-a34e-7430c53b25c6","deck_pediatrics_missing_matching_specialty","64bc9c2c-2590-4903-a34e-7430c53b25c6","3fd7719e-9af3-4cff-b76e-ab49e312d2f3","bk]4OZ]xFq","Indications (6) for MRI in patient with scoliosis : {{c1::Left thoracic curve Abnormal reflexes Rapid curve progression…","Marty McFlyin's Ortho Deck::3) OrthoBullets::Spine::Pediatric Spine::Pediatric Deformity::Adolescent Idiopathic Scoliosis","SnapOrtho::Diagnosis::Adolescent_Idiopathic_Scoliosis | SnapOrtho::Specialty::Spine","","",""
"deck_pediatrics_missing_matching_specialty:403:82a14eae-2ece-4200-b33b-99114211fb09","deck_pediatrics_missing_matching_specialty","82a14eae-2ece-4200-b33b-99114211fb09","9dc0e61f-4521-461f-a766-a39686296f3a","JY.VS$aD8-","What is spondylolisthesis ? {{c1::Forward translation of one vertebral segment relative to the next caudal segment}}","Marty McFlyin's Ortho Deck::2) Pocket Pimped::14 Pediatrics::14.04 Spine::Spondylolysis/Spondylolisthesis","SnapOrtho::Specialty::Spine","","",""
"deck_pediatrics_missing_matching_specialty:404:ecade47c-df3d-4892-899b-edee54c6d1d4","deck_pediatrics_missing_matching_specialty","ecade47c-df3d-4892-899b-edee54c6d1d4","80c8dff6-3942-4ea0-b243-0328469af90d","L?._ZbKhp>","What is a buckle (torus) fracture ? {{c1::Incomplete compression fracture at the junction between the cortical and meta…","Marty McFlyin's Ortho Deck::2) Pocket Pimped::14 Pediatrics::14.03 Upper Extremity::Forearm & Wrist","SnapOrtho::Specialty::Trauma","","",""
"deck_pediatrics_missing_matching_specialty:405:0264088e-72fb-4b47-a145-cd4ab54800a2","deck_pediatrics_missing_matching_specialty","0264088e-72fb-4b47-a145-cd4ab54800a2","332ae90b-e7d7-4537-9273-59e200117330","lC+M{[uz>%","How does the blood supply to the femoral head change with age ? Patient <4 years old: {{c1::Contributions from the medi…","Marty McFlyin's Ortho Deck::2) Pocket Pimped::14 Pediatrics::14.01 General Anatomy","SnapOrtho::Anatomy::Thigh_Hip | SnapOrtho::Anatomy::Thigh_Hip::Osteology | SnapOrtho::Anatomy::Thigh_Hip::Osteology::Femoral_Head | SnapOrtho::Anatomy::Thigh_Hip::Vasculature | SnapOrtho::Anatomy::Thigh_Hip::Vasculature::Medial_Femoral_Circumflex_Artery","","",""
"deck_pediatrics_missing_matching_specialty:406:5797cd5d-9884-4cca-aee2-2b928c621e17","deck_pediatrics_missing_matching_specialty","5797cd5d-9884-4cca-aee2-2b928c621e17","836d6d91-189d-4673-a170-2260a1c35173","NiF#ScZN$n","With a triplane fracture , what fracture patterns are seen on the AP and lateral x-rays? AP: {{c1::SH III (sagittal pla…","Marty McFlyin's Ortho Deck::2) Pocket Pimped::14 Pediatrics::14.05 Lower Extremity::Ankle","SnapOrtho::Specialty::Trauma","","",""
"deck_pediatrics_missing_matching_specialty:407:fe7d1b74-5013-475e-8733-cf232092bc12","deck_pediatrics_missing_matching_specialty","fe7d1b74-5013-475e-8733-cf232092bc12","88b70eb5-f21a-4645-aa1b-430753b89b11","o&=9rk}aKI","Lower extremity growth estimations by segment (Arithmetic method): Proximal femur – {{c1::3}} mm/year Distal femur – {{…","Marty McFlyin's Ortho Deck::3) OrthoBullets::Pediatrics::Pediatric Conditions::Leg Conditions::Leg Length Discrepancy (LLD)","SnapOrtho::Anatomy::Leg_Knee | SnapOrtho::Anatomy::Leg_Knee::Osteology | SnapOrtho::Anatomy::Leg_Knee::Osteology::Distal_Femur | SnapOrtho::Anatomy::Leg_Knee::Osteology::Tibia | SnapOrtho::Anatomy::Thigh_Hip | SnapOrtho::Anatomy::Thigh_Hip::Osteology | SnapOrtho::Anatomy::Thigh_Hip::Osteology::Femur | SnapOrtho::Anatomy::Thigh_Hip::Osteology::Proximal_Femur","","",""
"deck_pediatrics_missing_matching_specialty:408:9c9ef697-7d98-485f-9473-beaa6ecb1ec0","deck_pediatrics_missing_matching_specialty","9c9ef697-7d98-485f-9473-beaa6ecb1ec0","f9f7592e-bb4f-45ad-b524-5fadce832c0b","GYXuU[hEQc","Which Pandya type fracture has the highest risk of compartment syndrome ? {{c1::Type B}}","Marty McFlyin's Ortho Deck::2) Pocket Pimped::14 Pediatrics::14.05 Lower Extremity::Tibia","SnapOrtho::Diagnosis::Compartment_Syndrome | SnapOrtho::Specialty::Trauma","","",""
"deck_pediatrics_missing_matching_specialty:409:353532f1-1b6c-499d-a433-846938098495","deck_pediatrics_missing_matching_specialty","353532f1-1b6c-499d-a433-846938098495","ceb77185-89c1-461e-9ffa-2ac97815498c","G3/3t#rCfG","Where should the normal femoral head be in relation to Hilgenreiner's line ? {{c1::Femoral head should be inferior}}","Marty McFlyin's Ortho Deck::2) Pocket Pimped::14 Pediatrics::14.05 Lower Extremity::Developmental Dysplasia of the Hip (DDH)","SnapOrtho::Anatomy::Thigh_Hip | SnapOrtho::Anatomy::Thigh_Hip::Osteology | SnapOrtho::Anatomy::Thigh_Hip::Osteology::Femoral_Head","","",""
"deck_pediatrics_missing_matching_specialty:410:162f806a-3b61-4b76-9ae0-7a64a4df8b1f","deck_pediatrics_missing_matching_specialty","162f806a-3b61-4b76-9ae0-7a64a4df8b1f","5cf88210-ea36-453a-a441-d37755b47ede","pe}@@NC7.w","What is Klein's line ? {{c1::Line drawn along superior femoral neck}}","Marty McFlyin's Ortho Deck::2) Pocket Pimped::14 Pediatrics::14.05 Lower Extremity::Slipped Capital Femoral Epiphysis (SCFE)","SnapOrtho::Anatomy::Thigh_Hip | SnapOrtho::Anatomy::Thigh_Hip::Osteology | SnapOrtho::Anatomy::Thigh_Hip::Osteology::Femoral_Neck","","",""
"deck_pediatrics_missing_matching_specialty:411:49de5ed5-2293-435f-b32f-1d95bf9239ab","deck_pediatrics_missing_matching_specialty","49de5ed5-2293-435f-b32f-1d95bf9239ab","8ec76002-44d6-4699-8afe-39ffc2dbff60","xqdZB^F@D#","What radiographic line should you check on the lateral radiograph when evaluating elbow injuries ? {{c1::Anterior humer…","Marty McFlyin's Ortho Deck::2) Pocket Pimped::14 Pediatrics::14.03 Upper Extremity::Supracondylar Humerus","SnapOrtho::Anatomy::Elbow | SnapOrtho::Anatomy::Elbow::Osteology | SnapOrtho::Anatomy::Elbow::Osteology::Capitellum | SnapOrtho::Specialty::Shoulder_Elbow","","",""
"deck_pediatrics_missing_matching_specialty:412:c8d6eca6-4328-42c1-848b-0af5583854ae","deck_pediatrics_missing_matching_specialty","c8d6eca6-4328-42c1-848b-0af5583854ae","f0bf018a-71e1-475f-9fc6-ba207d7b90b7","PdO9nBg/Wm","How are type II and type III supracondylar humerus fractures typically treated ? {{c1::Closed reduction and percutaneou…","Marty McFlyin's Ortho Deck::2) Pocket Pimped::14 Pediatrics::14.03 Upper Extremity::Supracondylar Humerus","SnapOrtho::Specialty::Shoulder_Elbow | SnapOrtho::Treatment::Closed_Reduction","","",""
"deck_pediatrics_missing_matching_specialty:413:b08186cf-b7b8-4f54-936a-601b7c95173d","deck_pediatrics_missing_matching_specialty","b08186cf-b7b8-4f54-936a-601b7c95173d","009a047d-3e29-4e44-8845-e42e7bafba5f","y1L-r/jey(","What is the most common associated condition in patients who present with anterolateral bowing of the tibia ? {{c1::Neu…","Marty McFlyin's Ortho Deck::3) OrthoBullets::Pediatrics::Pediatric Conditions::Tibial Bowing::Anterolateral Bowing & Congenital Pseudoarthrosis of Tibia","SnapOrtho::Anatomy::Leg_Knee | SnapOrtho::Anatomy::Leg_Knee::Osteology | SnapOrtho::Anatomy::Leg_Knee::Osteology::Tibia","","",""
"deck_pediatrics_missing_matching_specialty:414:acdc6bf0-3540-4a7a-9ca4-195db9d94611","deck_pediatrics_missing_matching_specialty","acdc6bf0-3540-4a7a-9ca4-195db9d94611","6c7f5998-9592-4632-a002-e433d4ab4c48","Lc;:!RADQO","In the setting of brachial plexus injury , what is the indication to perform a latissimus dorsi and teres major transfe…","Marty McFlyin's Ortho Deck::3) OrthoBullets::Pediatrics::Pediatric Trauma::Upper Extremity Conditions::Obstetric Brachial Plexopathy (Erb's,  Klumpke's Palsy)","SnapOrtho::Anatomy::Shoulder_Girdle | SnapOrtho::Anatomy::Shoulder_Girdle::Osteology | SnapOrtho::Anatomy::Shoulder_Girdle::Osteology::Glenoid | SnapOrtho::Anatomy::Shoulder_Girdle::Osteology::Humeral_Head | SnapOrtho::Specialty::Shoulder_Elbow","","",""
"deck_pediatrics_missing_matching_specialty:415:60ac6042-d5b0-4768-8f19-74b1bc31fc7c","deck_pediatrics_missing_matching_specialty","60ac6042-d5b0-4768-8f19-74b1bc31fc7c","e4e82dfd-bd6c-4609-9007-13324aadaf15","dRV^8*)Id3","Which medication can be used to slow the progression of spinal muscular atrophy ? {{c1::Nusineren}}","Marty McFlyin's Ortho Deck::3) OrthoBullets::Pediatrics::Pediatric Syndromes::Neuromuscular::Spinal Muscular Atrophy","SnapOrtho::Specialty::Spine","","",""
"deck_pediatrics_missing_matching_specialty:416:90690f1f-9c80-4c1e-a186-73677d8cf701","deck_pediatrics_missing_matching_specialty","90690f1f-9c80-4c1e-a186-73677d8cf701","51979e6e-ecb4-488e-85ba-0972ffdf86a9","Q!(Xp46UZr","Thoracic scoliosis most commonly occurs in which direction ? {{c1::Right}}","Marty McFlyin's Ortho Deck::2) Pocket Pimped::14 Pediatrics::14.04 Spine::Scoliosis","SnapOrtho::Specialty::Spine","","",""
"deck_pediatrics_missing_matching_specialty:417:71cb71c8-6b26-4c3e-b62d-b0e25f990db7","deck_pediatrics_missing_matching_specialty","71cb71c8-6b26-4c3e-b62d-b0e25f990db7","28dfae57-6750-43b5-825c-76bfe45b09b4","sj5KJE&OJ`","15-year-old boy injured his ankle skateboarding. Radiographs are shown below. What was the likely mechanism? {{c1::Exte…","Marty McFlyin's Ortho Deck::3) OrthoBullets::Pediatrics::Pediatric Trauma::Tibia & Ankle Trauma::Triplane Fractures","SnapOrtho::Specialty::Foot_Ankle","","",""
"deck_pediatrics_missing_matching_specialty:418:b42b32c4-2480-41af-8263-a7e3b5d90956","deck_pediatrics_missing_matching_specialty","b42b32c4-2480-41af-8263-a7e3b5d90956","d8fa4490-40b8-4711-b670-ac75b751fc32","KG3n37N3RV","Two (2) associated conditions with metatarsus adductus : {{c1::DDH Torticollis}}","Marty McFlyin's Ortho Deck::3) OrthoBullets::Pediatrics::Pediatric Conditions::Rotational Deformities::Metatarsus Adductus","SnapOrtho::Specialty::Foot_Ankle","","",""
"deck_pediatrics_missing_matching_specialty:419:3ce2f4af-3ea4-4071-961d-525eafd36870","deck_pediatrics_missing_matching_specialty","3ce2f4af-3ea4-4071-961d-525eafd36870","fa88c958-67c9-45a7-9735-e20f106a876a","HSyt3l|q|O","What is the reduction maneuver for a nursemaid's elbow ? {{c1:: Supination and flexion OR hyperpronation in a flexed po…","Marty McFlyin's Ortho Deck::2) Pocket Pimped::14 Pediatrics::14.03 Upper Extremity::Elbow","SnapOrtho::Specialty::Shoulder_Elbow | SnapOrtho::Treatment::Closed_Reduction","","",""
"deck_pediatrics_missing_matching_specialty:420:8241ecb7-a102-4a97-83e5-d62ae7cff101","deck_pediatrics_missing_matching_specialty","8241ecb7-a102-4a97-83e5-d62ae7cff101","109c1538-ee19-4aed-bfef-c5dbff73bf91","r<8zR;~tKP","Name the lysosomal storage diseases : {{c4::Morquio}} syndrome: -Autosomal recessive -Accumulation of keratan sulfate -…","Marty McFlyin's Ortho Deck::3) OrthoBullets::Pediatrics::Pediatric Syndromes::Dwarfism::Mucopolysaccharidoses","SnapOrtho::Specialty::Spine","","",""
"deck_pediatrics_missing_matching_specialty:421:56f38264-7d2a-452c-ba39-729432573087","deck_pediatrics_missing_matching_specialty","56f38264-7d2a-452c-ba39-729432573087","5144fee2-e844-4f3b-8341-44ebfe52ff7f","Iej7a:~u/T","What radiograph can be obtained to evaluate anterior femoral head coverage ? {{c1::False profile view}}","Marty McFlyin's Ortho Deck::2) Pocket Pimped::14 Pediatrics::14.05 Lower Extremity::Developmental Dysplasia of the Hip (DDH)","SnapOrtho::Anatomy::Thigh_Hip | SnapOrtho::Anatomy::Thigh_Hip::Osteology | SnapOrtho::Anatomy::Thigh_Hip::Osteology::Femoral_Head","","",""
"deck_pediatrics_missing_matching_specialty:422:c1f43bea-bcb8-47cd-bbd8-7cd0096040b2","deck_pediatrics_missing_matching_specialty","c1f43bea-bcb8-47cd-bbd8-7cd0096040b2","c51401bf-3e2a-4bc7-8e08-4a5ee9a869c8","O8%K3cqdh","What surgical option could be offered for scapular winging associated with facioscapulohumeral muscular dystrophy ? {{c…","Marty McFlyin's Ortho Deck::3) OrthoBullets::Pediatrics::Pediatric Syndromes::Muscular Dystrophies::Facioscapulohumeral Muscular Dystrophy","SnapOrtho::Specialty::Shoulder_Elbow","","",""
"deck_pediatrics_missing_matching_specialty:423:05c4f2a5-0499-415e-877a-87ef05ce64be","deck_pediatrics_missing_matching_specialty","05c4f2a5-0499-415e-877a-87ef05ce64be","a52bb4b8-969a-4cd5-aaee-c6941d28d681","juef^]V).,","Pseudoarthrosis of the clavicle is most commonly seen on which side ? {{c1::Right side}}","Marty McFlyin's Ortho Deck::2) Pocket Pimped::14 Pediatrics::14.03 Upper Extremity::Syndromes and Conditions","SnapOrtho::Anatomy::Shoulder_Girdle | SnapOrtho::Anatomy::Shoulder_Girdle::Osteology | SnapOrtho::Anatomy::Shoulder_Girdle::Osteology::Clavicle","","",""
"deck_pediatrics_missing_matching_specialty:424:aaf31019-cfe0-468c-8904-4399604174d7","deck_pediatrics_missing_matching_specialty","aaf31019-cfe0-468c-8904-4399604174d7","7bd08037-0bf7-493d-b146-5671ee20369c","CXT*e&_VN,","What are the three degrees of myelodysplasia that are shown below? A: {{c1::Spina bifida oculta}} B: {{c1::Meningocele}…","Marty McFlyin's Ortho Deck::3) OrthoBullets::Pediatrics::Pediatric Syndromes::Neuromuscular::Myelodysplasia","SnapOrtho::Specialty::Spine","","",""
"deck_pediatrics_missing_matching_specialty:425:9b877fb7-ab54-496f-8e66-d81208cd2e40","deck_pediatrics_missing_matching_specialty","9b877fb7-ab54-496f-8e66-d81208cd2e40","1724d1c5-c1fc-4696-90ce-9e6e56e760c1","e3R;;pE{OW","For a patient with cerebral palsy , extending a flexion contracted wrist with the fingers in full extension is helpful…","Marty McFlyin's Ortho Deck::3) OrthoBullets::Pediatrics::Pediatric Syndromes::Cerebral Palsy::Cerebral Palsy - Upper Extremity Conditions","SnapOrtho::Specialty::Hand_Upper_Extremity","","",""
"deck_pediatrics_missing_matching_specialty:426:e23b0573-2e4e-4351-afb9-41d98426c5d7","deck_pediatrics_missing_matching_specialty","e23b0573-2e4e-4351-afb9-41d98426c5d7","92c8ce45-8487-4151-ba0e-769188d5f0e9","P4qGGsF=j0","Are flexion or extension type supracondylar humerus fractures more common ? {{c1::Extension (98%)}}","Marty McFlyin's Ortho Deck::2) Pocket Pimped::14 Pediatrics::14.03 Upper Extremity::Supracondylar Humerus","SnapOrtho::Specialty::Shoulder_Elbow","","",""
"deck_pediatrics_missing_matching_specialty:427:bd79bf2a-3444-4a20-bbae-11e617884e8a","deck_pediatrics_missing_matching_specialty","bd79bf2a-3444-4a20-bbae-11e617884e8a","851c2462-37cc-468b-be8a-a11a38596798","NNA9zzLmQ9","What fracture in kids is the equivalent to an ACL rupture in an adult ? {{c1::Tibial spine fracture}}","Marty McFlyin's Ortho Deck::2) Pocket Pimped::14 Pediatrics::14.05 Lower Extremity::Tibia","SnapOrtho::Specialty::Spine | SnapOrtho::Specialty::Sports_Medicine | SnapOrtho::Specialty::Trauma","","",""
"deck_pediatrics_missing_matching_specialty:428:e5038e21-9f23-45e6-a6d9-cfc9ebaad52f","deck_pediatrics_missing_matching_specialty","e5038e21-9f23-45e6-a6d9-cfc9ebaad52f","c5751cd5-aa4c-4c6b-ada6-ce39ac460426","P#zBu|qTjd","What are the two most common treatment modalities for femoral shaft fractures in patients who are 6 months to 5 years o…","Marty McFlyin's Ortho Deck::2) Pocket Pimped::14 Pediatrics::14.05 Lower Extremity::Femur","SnapOrtho::Diagnosis::Femoral_Shaft_Fractures | SnapOrtho::Specialty::Trauma","","",""
"deck_pediatrics_missing_matching_specialty:429:026a3b74-c455-4463-8f9e-74c079eb25c5","deck_pediatrics_missing_matching_specialty","026a3b74-c455-4463-8f9e-74c079eb25c5","4667e581-aa0e-4062-b6d9-6f6911ade916","m.UTCm+{/}","What is the classification for supracondylar humerus fractures ? {{c1::Gartland Classification}}","Marty McFlyin's Ortho Deck::2) Pocket Pimped::14 Pediatrics::14.03 Upper Extremity::Supracondylar Humerus","SnapOrtho::Specialty::Shoulder_Elbow | SnapOrtho::Specialty::Trauma","","",""
"deck_pediatrics_missing_matching_specialty:430:79bec315-6696-4a9a-9cab-f94fff1c6fa2","deck_pediatrics_missing_matching_specialty","79bec315-6696-4a9a-9cab-f94fff1c6fa2","ddaa6da7-51b2-46cf-942a-2063282e3727","pKbc1>lI{%","Name the treatment option(s) for femoral shaft fracture based on age/fracture pattern : <6 months old Any fracture patt…","Marty McFlyin's Ortho Deck::3) OrthoBullets::Pediatrics::Pediatric Trauma::Pelvis & Femur Trauma::Femoral Shaft Fractures","SnapOrtho::Diagnosis::Femoral_Shaft_Fracture | SnapOrtho::Specialty::Trauma","","",""
"deck_pediatrics_missing_matching_specialty:431:a0c5b370-544e-4741-9c27-96d770e8b551","deck_pediatrics_missing_matching_specialty","a0c5b370-544e-4741-9c27-96d770e8b551","4d83747b-4339-41b5-ba7f-a37f783ca6b9","BikwQ]iE3I","What is a Tillaux fracture ? {{c1::SH 3 of the anterolateral distal tibia}}","Marty McFlyin's Ortho Deck::2) Pocket Pimped::14 Pediatrics::14.05 Lower Extremity::Ankle","SnapOrtho::Anatomy::Leg_Knee | SnapOrtho::Anatomy::Leg_Knee::Osteology | SnapOrtho::Anatomy::Leg_Knee::Osteology::Tibia | SnapOrtho::Diagnosis::Ankle_Fracture","","",""
"deck_pediatrics_missing_matching_specialty:432:6daf4139-31da-456a-9fee-71d67487eadf","deck_pediatrics_missing_matching_specialty","6daf4139-31da-456a-9fee-71d67487eadf","3bf18274-fa24-4965-bf9e-cb804556f50a","mWDHCb@syI","What is the Reimers migration index ? {{c1::Percent of femoral head with no acetabular coverage}}","Marty McFlyin's Ortho Deck::3) OrthoBullets::Pediatrics::Pediatric Syndromes::Cerebral Palsy::Cerebral Palsy - Hip Conditions","SnapOrtho::Anatomy::Thigh_Hip | SnapOrtho::Anatomy::Thigh_Hip::Osteology | SnapOrtho::Anatomy::Thigh_Hip::Osteology::Femoral_Head","","",""
"deck_pediatrics_missing_matching_specialty:433:2eff9b4c-0990-435c-b20d-2c845a59244c","deck_pediatrics_missing_matching_specialty","2eff9b4c-0990-435c-b20d-2c845a59244c","ab8fd57a-fe35-43b1-bbe9-9bfbf4a8ebf4","w>YfK_5dWw","At what ages do infantile , juvenile , and adolescent scoliosis occur? Infantile: <{{c1::3}} years old Juvenile: {{c1::…","Marty McFlyin's Ortho Deck::2) Pocket Pimped::14 Pediatrics::14.04 Spine::Scoliosis","SnapOrtho::Specialty::Spine","","",""
"deck_pediatrics_missing_matching_specialty:434:9dd016b7-6b89-4744-9ef2-044db9c81136","deck_pediatrics_missing_matching_specialty","9dd016b7-6b89-4744-9ef2-044db9c81136","ec3d018f-49cb-4b77-a71e-f35a57992d68","r<8zR;~tKP","Name the lysosomal storage diseases : {{c4::Morquio}} syndrome: -Autosomal recessive -Accumulation of keratan sulfate -…","Marty McFlyin's Ortho Deck::3) OrthoBullets::Pediatrics::Pediatric Syndromes::Dwarfism::Mucopolysaccharidoses","SnapOrtho::Specialty::Spine","","",""
"deck_pediatrics_missing_matching_specialty:435:08f302a4-ae36-4544-b2ef-c45f8630bae7","deck_pediatrics_missing_matching_specialty","08f302a4-ae36-4544-b2ef-c45f8630bae7","fe20ec8d-e560-4dd0-84b8-7574d268c902","B6T@B.2gD%","What 2 physical exam maneuvers are used to test for Developmental Dysplasia of the Hip in patients <3 months of age? {{…","Marty McFlyin's Ortho Deck::2) Pocket Pimped::14 Pediatrics::14.05 Lower Extremity::Developmental Dysplasia of the Hip (DDH)","SnapOrtho::Anatomy::Thigh_Hip | SnapOrtho::Anatomy::Thigh_Hip::Osteology | SnapOrtho::Anatomy::Thigh_Hip::Osteology::Femur | SnapOrtho::Treatment::Surgical_Hip_Dislocation","","",""
"deck_pediatrics_missing_matching_specialty:436:16a54c72-2d2a-4aa4-9142-6b6a6df677e4","deck_pediatrics_missing_matching_specialty","16a54c72-2d2a-4aa4-9142-6b6a6df677e4","00d57644-b387-4003-bf5a-b81e4955c2cc","u7;a}??t]x","What is Drennan's angle and how do you measure it? {{c1::Metaphyseal-diaphyseal angle}}","Marty McFlyin's Ortho Deck::2) Pocket Pimped::14 Pediatrics::14.05 Lower Extremity::Blount's Disease","SnapOrtho::Anatomy::Leg_Knee | SnapOrtho::Anatomy::Leg_Knee::Osteology | SnapOrtho::Anatomy::Leg_Knee::Osteology::Tibia","","",""
"deck_pediatrics_missing_matching_specialty:437:97a71b54-f803-4d1b-b12c-fe121f96d5b9","deck_pediatrics_missing_matching_specialty","97a71b54-f803-4d1b-b12c-fe121f96d5b9","159e46d3-ed96-4cc3-9226-7a02bb199119","FL[P>mh%Iy","What is Developmental Dysplasia of the Hip (DDH) ? {{c1::Abnormal acetabular development resulting in a shallow socket…","Marty McFlyin's Ortho Deck::2) Pocket Pimped::14 Pediatrics::14.05 Lower Extremity::Developmental Dysplasia of the Hip (DDH)","SnapOrtho::Anatomy::Thigh_Hip | SnapOrtho::Anatomy::Thigh_Hip::Osteology | SnapOrtho::Anatomy::Thigh_Hip::Osteology::Femoral_Head | SnapOrtho::Specialty::Trauma","","",""
"deck_pediatrics_missing_matching_specialty:438:2e43f12b-ba6f-4cf2-8714-28c276c50d25","deck_pediatrics_missing_matching_specialty","2e43f12b-ba6f-4cf2-8714-28c276c50d25","c9540ae1-86cb-40ba-bed1-7c1853c8b35f","xAR(AUQ~Fh","What is the most common factor leading to Little Leaguer's Shoulder ? {{c1::Pitch count}}","Marty McFlyin's Ortho Deck::2) Pocket Pimped::14 Pediatrics::14.03 Upper Extremity::Little Leaguer's Shoulder","SnapOrtho::Specialty::Shoulder_Elbow","","",""
"deck_pediatrics_missing_matching_specialty:439:ba4b1d35-0f8c-4e57-a376-08f8cd86db00","deck_pediatrics_missing_matching_specialty","ba4b1d35-0f8c-4e57-a376-08f8cd86db00","948a5449-09ea-40ad-be13-a18ebd63e301","qjbeCGK:G?","What are four (4) joints with intra-articular metaphyses ? {{c1::Hip Shoulder Elbow Ankle}}","Marty McFlyin's Ortho Deck::3) OrthoBullets::Pediatrics::Pediatric Trauma::Infection::Hip Septic Arthritis","SnapOrtho::Specialty::Foot_Ankle | SnapOrtho::Specialty::Shoulder_Elbow","","",""
"deck_pediatrics_missing_matching_specialty:440:8a77299d-1127-4868-97f3-cff15f6f273e","deck_pediatrics_missing_matching_specialty","8a77299d-1127-4868-97f3-cff15f6f273e","adb06f56-7954-47aa-b095-c0d6901b02ad","Ppsq,0YCD^","To check for rotational malalignment on radiographs of the forearm ... The {{c2::bicipital tuberosity}} and {{c2::radia…","Marty McFlyin's Ortho Deck::3) OrthoBullets::Pediatrics::Pediatric Trauma::Forearm Trauma::Both Bone Forearm Fracture - Pediatrics","SnapOrtho::Diagnosis::Malalignment | SnapOrtho::Specialty::Hand_Upper_Extremity","","",""
"deck_pediatrics_missing_matching_specialty:441:6b24f3bb-6975-4b02-9876-d0f9b5e7ba22","deck_pediatrics_missing_matching_specialty","6b24f3bb-6975-4b02-9876-d0f9b5e7ba22","eb050085-4341-4715-bb73-c777845706fb","L-c}lTM!ym","What additional elbow injury commonly occurs in concert with medial epicondyle fractures ? {{c1::Elbow dislocation}}","Marty McFlyin's Ortho Deck::2) Pocket Pimped::14 Pediatrics::14.03 Upper Extremity::Elbow","SnapOrtho::Specialty::Shoulder_Elbow | SnapOrtho::Specialty::Trauma","","",""
"deck_pediatrics_missing_matching_specialty:442:c62b053b-9d17-4d08-bc14-37741758b868","deck_pediatrics_missing_matching_specialty","c62b053b-9d17-4d08-bc14-37741758b868","8b27aebc-c275-47c7-9399-304d63a870a6","lCJ0YK[+>_","What is believed to contribute to pseudoarthrosis of the clavicle ? {{c1::Pulsatile compression from the subclavian}}","Marty McFlyin's Ortho Deck::2) Pocket Pimped::14 Pediatrics::14.03 Upper Extremity::Syndromes and Conditions","SnapOrtho::Anatomy::Shoulder_Girdle | SnapOrtho::Anatomy::Shoulder_Girdle::Osteology | SnapOrtho::Anatomy::Shoulder_Girdle::Osteology::Clavicle | SnapOrtho::Specialty::Shoulder_Elbow","","",""
"deck_pediatrics_missing_matching_specialty:443:9625922d-eccc-412b-a947-a9a0499ade74","deck_pediatrics_missing_matching_specialty","9625922d-eccc-412b-a947-a9a0499ade74","d45faa31-6cfa-4881-afe3-653860bd4b19","Ia!,qanm.`","Osteogenesis Imperfecta is caused by mutation in {{c1::COL1A1}} or {{c1::COL1A2}} genes resulting in abnormal collagen…","Marty McFlyin's Ortho Deck::3) OrthoBullets::Pediatrics::Pediatric Syndromes::Connective Tissue::Osteogenesis Imperfecta","SnapOrtho::Specialty::Basic_Science","","",""
"deck_pediatrics_missing_matching_specialty:444:52a86202-230c-4f4c-868c-d015a5d64448","deck_pediatrics_missing_matching_specialty","52a86202-230c-4f4c-868c-d015a5d64448","28a38acb-ddec-4a85-814b-cf4cbf6eba3c","m#j3b:L{>3","What are the tolerances for both bone forearm fractures ? <9 years old - Angulation: <{{c4::15}}° - Rotation: <{{c3::45…","Marty McFlyin's Ortho Deck::2) Pocket Pimped::14 Pediatrics::14.03 Upper Extremity::Forearm & Wrist","SnapOrtho::Specialty::Trauma","","",""
"deck_pediatrics_missing_matching_specialty:445:384a9213-45a7-4696-9330-dafe333ae07a","deck_pediatrics_missing_matching_specialty","384a9213-45a7-4696-9330-dafe333ae07a","2000c2d4-945d-4ef7-9645-8be06a093159","O_ca$([l7`","What is the association between radiologic grade and clinical presentation for spondylolisthesis? {{c1::None}}","Marty McFlyin's Ortho Deck::3) OrthoBullets::Spine::Pediatric Spine::Spondylolysis & Adolescent Back Pain::Pediatric Spondylolysis & Spondylolisthesis","SnapOrtho::Specialty::Spine","","",""
"deck_pediatrics_missing_matching_specialty:446:d1dc2178-234e-434f-b5cc-7001d17e44dd","deck_pediatrics_missing_matching_specialty","d1dc2178-234e-434f-b5cc-7001d17e44dd","5dfc2f91-194c-4f9b-b0e4-83c9bcd44344","An97>{Y?7k","What is the Scheuermann's Kyphosis ? {{c1::Rigid thoracic kyphosis of >45°}}","Marty McFlyin's Ortho Deck::2) Pocket Pimped::14 Pediatrics::14.04 Spine::Kyphosis","SnapOrtho::Specialty::Spine","","",""
"deck_pediatrics_missing_matching_specialty:447:37234c10-b00c-4044-aa60-d1f65b57a360","deck_pediatrics_missing_matching_specialty","37234c10-b00c-4044-aa60-d1f65b57a360","e4095254-2115-4c77-8b4a-cee23b9272ab","oRS*sRfrw-","Spinal muscular atrophy is caused by a {{c1::SMN}} gene deletion.","Marty McFlyin's Ortho Deck::3) OrthoBullets::Pediatrics::Pediatric Syndromes::Neuromuscular::Spinal Muscular Atrophy","SnapOrtho::Anatomy::Spine | SnapOrtho::Anatomy::Spine::Nerves | SnapOrtho::Anatomy::Spine::Nerves::Spinal_Cord | SnapOrtho::Specialty::Spine","","",""
"deck_pediatrics_missing_matching_specialty:448:5412ab67-56dc-4d19-bd37-9925c1f0e6ba","deck_pediatrics_missing_matching_specialty","5412ab67-56dc-4d19-bd37-9925c1f0e6ba","4bb06e67-26e8-4278-877e-21c063736629","r<8zR;~tKP","Name the lysosomal storage diseases : {{c4::Morquio}} syndrome: -Autosomal recessive -Accumulation of keratan sulfate -…","Marty McFlyin's Ortho Deck::3) OrthoBullets::Pediatrics::Pediatric Syndromes::Dwarfism::Mucopolysaccharidoses","SnapOrtho::Specialty::Spine","","",""
"deck_pediatrics_missing_matching_specialty:449:6e0811b0-f2bb-45b7-a2d1-75dbc9168616","deck_pediatrics_missing_matching_specialty","6e0811b0-f2bb-45b7-a2d1-75dbc9168616","003f48b3-9554-4e2f-a426-324b6417fe7e","r_$I^(U);$","Order of closure of cervical , thoracic , and lumbar neurocentral synchondrosis ? {{c1:: Cervical by 5-6 years old Lumb…","Marty McFlyin's Ortho Deck::3) OrthoBullets::Spine::Pediatric Spine::Pediatric Deformity::Adolescent Idiopathic Scoliosis","SnapOrtho::Specialty::Spine","","",""
"deck_pediatrics_missing_matching_specialty:450:cb345101-ce2b-4193-9043-d6a54a2baa63","deck_pediatrics_missing_matching_specialty","cb345101-ce2b-4193-9043-d6a54a2baa63","cf9284d9-65d4-4de1-be00-6a57e37f16d9","I.[bsMZ(uT","What defines a long spiral femoral shaft fracture pattern ? {{c1::Fracture length >2x bone diameter at that level}}","Marty McFlyin's Ortho Deck::3) OrthoBullets::Pediatrics::Pediatric Trauma::Pelvis & Femur Trauma::Femoral Shaft Fractures","SnapOrtho::Diagnosis::Femoral_Shaft_Fracture | SnapOrtho::Specialty::Trauma","","",""
"deck_pediatrics_missing_matching_specialty:451:4817a482-fe62-42e5-98bc-8e0ac8b8b1b8","deck_pediatrics_missing_matching_specialty","4817a482-fe62-42e5-98bc-8e0ac8b8b1b8","cee33bdd-1412-45da-aaf0-d2b9e8d36b2d","PPTn]C=zdP","Lateral overgrowth at the elbow is a common occurance following what injury ? {{c1::Lateral condyle fractures}}","Marty McFlyin's Ortho Deck::2) Pocket Pimped::14 Pediatrics::14.03 Upper Extremity::Elbow","SnapOrtho::Specialty::Shoulder_Elbow","","",""
"deck_pediatrics_missing_matching_specialty:452:e74a8253-0b6f-4613-8004-3d6ae9def58d","deck_pediatrics_missing_matching_specialty","e74a8253-0b6f-4613-8004-3d6ae9def58d","cc7e4d7b-3131-43ae-9763-0c53f77c1895","r_wzSWD1`p","What type of mechanism typically leads to Triplane and Tillaux fractures ? {{c1::External rotation force}}","Marty McFlyin's Ortho Deck::2) Pocket Pimped::14 Pediatrics::14.05 Lower Extremity::Ankle","SnapOrtho::Specialty::Trauma","","",""
"deck_pediatrics_missing_matching_specialty:453:fe6a780f-90e1-447a-8413-b368a0cb2d85","deck_pediatrics_missing_matching_specialty","fe6a780f-90e1-447a-8413-b368a0cb2d85","4cfead20-004a-47ce-b251-6abde72f8b1f","Ppsq,0YCD^","To check for rotational malalignment on radiographs of the forearm ... The {{c2::bicipital tuberosity}} and {{c2::radia…","Marty McFlyin's Ortho Deck::3) OrthoBullets::Pediatrics::Pediatric Trauma::Forearm Trauma::Both Bone Forearm Fracture - Pediatrics","SnapOrtho::Diagnosis::Malalignment | SnapOrtho::Specialty::Hand_Upper_Extremity","","",""
"deck_pediatrics_missing_matching_specialty:454:c81e8c45-db10-432c-ae4e-8338c9e6f97a","deck_pediatrics_missing_matching_specialty","c81e8c45-db10-432c-ae4e-8338c9e6f97a","50481353-12be-4b64-bc78-86b27dbeb85a","iOl64LqJmm","What physical exam maneuver will elicit pain in a patient with spondylolisthesis ? {{c1::Lumbar extension}}","Marty McFlyin's Ortho Deck::2) Pocket Pimped::14 Pediatrics::14.04 Spine::Spondylolysis/Spondylolisthesis","SnapOrtho::Specialty::Spine","","",""
"deck_pediatrics_missing_matching_specialty:455:089e33cb-2f1c-45c9-a84f-cb713458191e","deck_pediatrics_missing_matching_specialty","089e33cb-2f1c-45c9-a84f-cb713458191e","ae6bd82d-3462-4c05-84de-7f6d9eb922f4","bNR8[m-Epy","What neurologic complication can occur following lateral condyle fractures ? {{c1::Tardy ulnar nerve palsy}}","Marty McFlyin's Ortho Deck::2) Pocket Pimped::14 Pediatrics::14.03 Upper Extremity::Elbow","SnapOrtho::Anatomy::Elbow | SnapOrtho::Anatomy::Elbow::Nerves | SnapOrtho::Anatomy::Elbow::Nerves::Ulnar_Nerve","","",""
"deck_pediatrics_missing_matching_specialty:456:d26a982c-3426-449d-8973-2ee00e30e36b","deck_pediatrics_missing_matching_specialty","d26a982c-3426-449d-8973-2ee00e30e36b","1175c4ff-2666-4179-a989-fc52fee7d62a","c?Y2x)bmSE","What are the three (3) indications for early surgery for scoliosis in patients with Muscular Dystrophy ? {{c1::20-30° i…","Marty McFlyin's Ortho Deck::3) OrthoBullets::Pediatrics::Pediatric Syndromes::Muscular Dystrophies::Duchenne Muscular Dystrophy","SnapOrtho::Diagnosis::Adolescent_Idiopathic_Scoliosis | SnapOrtho::Specialty::Spine","","",""
"deck_pediatrics_missing_matching_specialty:457:1c513479-cbb9-4c1f-9dcc-189f075c435b","deck_pediatrics_missing_matching_specialty","1c513479-cbb9-4c1f-9dcc-189f075c435b","55eb51cc-4014-4afd-accb-4100cec0022a","d/MPlPyi.e","What is the difference between scoliosis and spinal asymmetry ? Spinal asymmetry <{{c1::10}}° curve Scoliosis ≥{{c1::10…","Marty McFlyin's Ortho Deck::2) Pocket Pimped::14 Pediatrics::14.04 Spine::Scoliosis","SnapOrtho::Specialty::Spine","","",""
"deck_pediatrics_missing_matching_specialty:458:91a325f7-18cf-4f15-9e8f-886688dc1718","deck_pediatrics_missing_matching_specialty","91a325f7-18cf-4f15-9e8f-886688dc1718","6a998450-a30b-4b08-843b-535fa3db15bd","EQR-8,V1Wr","Why is rib penciling notable in patients with neurofibromatosis ? {{c1::Implies a change from idiopathic to dysplastic…","Marty McFlyin's Ortho Deck::3) OrthoBullets::Pediatrics::Pediatric Conditions::Tibial Bowing::Neurofibromatosis","SnapOrtho::Specialty::Spine","","",""
"deck_pediatrics_missing_matching_specialty:459:8e3c3d75-8c3c-4daa-8fdb-d8b2a039f117","deck_pediatrics_missing_matching_specialty","8e3c3d75-8c3c-4daa-8fdb-d8b2a039f117","a29b12e5-1091-4abd-934b-5a4d096a2790","u)m])|Smxb","For patients with cerebral palsy , an FCU to ECRB transfer is helpful in addressing which upper extremity contractures…","Marty McFlyin's Ortho Deck::3) OrthoBullets::Pediatrics::Pediatric Syndromes::Cerebral Palsy::Cerebral Palsy - Upper Extremity Conditions","SnapOrtho::Specialty::Hand_Upper_Extremity","","",""
"deck_pediatrics_missing_matching_specialty:460:e1e0a7bf-9814-4804-a836-ae96063a7bc7","deck_pediatrics_missing_matching_specialty","e1e0a7bf-9814-4804-a836-ae96063a7bc7","b8b01c8b-014e-48a1-9e9c-545ce74928ce","u-ey5xKd+@","What are the operative indications (5) for medial epicondyle fractures ? {{c1:: Displacement > 5 mm Entrapment within t…","Marty McFlyin's Ortho Deck::2) Pocket Pimped::14 Pediatrics::14.03 Upper Extremity::Elbow","SnapOrtho::Anatomy::Elbow | SnapOrtho::Anatomy::Elbow::Nerves | SnapOrtho::Anatomy::Elbow::Nerves::Ulnar_Nerve | SnapOrtho::Specialty::Shoulder_Elbow","","",""
"deck_pediatrics_missing_matching_specialty:461:021d20cd-5b65-42c1-85f9-b2c5b1b46179","deck_pediatrics_missing_matching_specialty","021d20cd-5b65-42c1-85f9-b2c5b1b46179","feeffbe0-7841-46fd-8c1d-41c31661ce52","eJy3t<F(_Z","In a patient with neurofibromatosis and associated dystrophic scoliosis , it is important to order a preoperative MRI t…","Marty McFlyin's Ortho Deck::3) OrthoBullets::Pediatrics::Pediatric Conditions::Tibial Bowing::Neurofibromatosis","SnapOrtho::Specialty::Spine","","",""
"deck_pediatrics_missing_matching_specialty:462:dc015c7f-ac93-4ce4-bff0-4c752dac86b0","deck_pediatrics_missing_matching_specialty","dc015c7f-ac93-4ce4-bff0-4c752dac86b0","66ca0bfa-4557-4278-a451-6bbff4fda3c5","IX^YCUsU1-","Pars repair for spondylolysis is indicated if the patient has a mobile spondylolysis with pars defects cephalad to {{c1…","Marty McFlyin's Ortho Deck::3) OrthoBullets::Spine::Pediatric Spine::Spondylolysis & Adolescent Back Pain::Pediatric Spondylolysis & Spondylolisthesis","SnapOrtho::Specialty::Spine","","",""
"deck_pediatrics_missing_matching_specialty:463:5278e6eb-56f5-4318-85f2-7d968bf388f0","deck_pediatrics_missing_matching_specialty","5278e6eb-56f5-4318-85f2-7d968bf388f0","46abf430-576b-4f9c-a426-724ff1e39c9d","k@./j+59(X","What is miserable malalignment syndrome ? {{c1::Increased femoral anteversion and external tibial torsion}}","Marty McFlyin's Ortho Deck::2) Pocket Pimped::14 Pediatrics::14.02 The Basics::Lower Extremity Alignment","SnapOrtho::Diagnosis::Malalignment","","",""
"deck_pediatrics_missing_matching_specialty:464:cb7d7b3a-398b-4e2b-a86b-6a952da04af7","deck_pediatrics_missing_matching_specialty","cb7d7b3a-398b-4e2b-a86b-6a952da04af7","c3441aea-62cd-47c2-926d-20ff45d4f022","v#T9kvGJD,","Supracondylar humerus fractures that displace in which direction have a higher association with AIN palsies ? {{c1::Pos…","Marty McFlyin's Ortho Deck::2) Pocket Pimped::14 Pediatrics::14.03 Upper Extremity::Supracondylar Humerus","SnapOrtho::Specialty::Shoulder_Elbow | SnapOrtho::Specialty::Trauma","","",""
"deck_pediatrics_missing_matching_specialty:465:27c7aa5e-6e51-485f-96af-f9ccdd763ecc","deck_pediatrics_missing_matching_specialty","27c7aa5e-6e51-485f-96af-f9ccdd763ecc","b77c0fac-487e-4cb5-8840-ed416e944596","IXn-$cY3&,","What is the alpha angle of the hip ? {{c1::Measurement of the bony acetabulum on ultrasound}}","Marty McFlyin's Ortho Deck::2) Pocket Pimped::14 Pediatrics::14.05 Lower Extremity::Developmental Dysplasia of the Hip (DDH)","SnapOrtho::Anatomy::Pelvis | SnapOrtho::Anatomy::Pelvis::Osteology | SnapOrtho::Anatomy::Pelvis::Osteology::Acetabulum","","",""
"deck_pediatrics_missing_matching_specialty:466:e52e2582-4529-4d7e-ab45-7d8acfc55ca0","deck_pediatrics_missing_matching_specialty","e52e2582-4529-4d7e-ab45-7d8acfc55ca0","cf88405d-0629-495c-831c-a89f42c35577","z3shgSGQce","Most cases of cavovarus foot are caused by a {{c1::neurologic}} condition.","Marty McFlyin's Ortho Deck::3) OrthoBullets::Pediatrics::Pediatric Foot::Cavus Deformities::Cavovarus Foot in Pediatrics & Adults","SnapOrtho::Specialty::Foot_Ankle","","",""
"deck_pediatrics_missing_matching_specialty:467:787710f1-c9f6-40ba-87e0-26d310a34d36","deck_pediatrics_missing_matching_specialty","787710f1-c9f6-40ba-87e0-26d310a34d36","b250d812-36c0-41a5-abfc-d4761973448c","DLg|dqOgKH","The thigh-foot angle is used to evaluate which aspect of the lower extremity rotational profile ? {{c1::Tibial torsion}}","Marty McFlyin's Ortho Deck::2) Pocket Pimped::14 Pediatrics::14.02 The Basics::Lower Extremity Alignment","SnapOrtho::Specialty::Foot_Ankle","","",""
"deck_pediatrics_missing_matching_specialty:468:877355d7-7477-4582-8c9c-acc8bd96bc6d","deck_pediatrics_missing_matching_specialty","877355d7-7477-4582-8c9c-acc8bd96bc6d","c3e00819-d83c-4d5e-806f-7397c5c527a5","jYcA:N`C|D","For lateral triplane fractures , they should reduced with an {{c1::internal::internal/external}} rotation force.","Marty McFlyin's Ortho Deck::3) OrthoBullets::Pediatrics::Pediatric Trauma::Tibia & Ankle Trauma::Triplane Fractures","SnapOrtho::Specialty::Trauma","","",""
"deck_pediatrics_missing_matching_specialty:469:d83c0d17-c55e-4a06-aa01-beddf95bb96d","deck_pediatrics_missing_matching_specialty","d83c0d17-c55e-4a06-aa01-beddf95bb96d","5259ec40-0674-40a7-817d-a36c0ae8a678","QU-rakD{ZK","What is the treatment for a progressive scoliosis curve in a patient with spinal muscular dystrophy ? {{c1::Posterior s…","Marty McFlyin's Ortho Deck::3) OrthoBullets::Pediatrics::Pediatric Syndromes::Neuromuscular::Spinal Muscular Atrophy","SnapOrtho::Specialty::Spine","","",""
"deck_pediatrics_missing_matching_specialty:470:7dbd79ee-744f-4c81-ab84-aa813c0dfba0","deck_pediatrics_missing_matching_specialty","7dbd79ee-744f-4c81-ab84-aa813c0dfba0","3289b3ae-8598-4872-8d46-79cc4584799b","OzV:rFb;{!","What level does spondylolisthesis most commonly occur ? {{c1::L5/S1}}","Marty McFlyin's Ortho Deck::2) Pocket Pimped::14 Pediatrics::14.04 Spine::Spondylolysis/Spondylolisthesis","SnapOrtho::Specialty::Spine","","",""
"deck_pediatrics_missing_matching_specialty:471:8727c51c-a2c4-4010-85af-0a29c44630d1","deck_pediatrics_missing_matching_specialty","8727c51c-a2c4-4010-85af-0a29c44630d1","e9cf2193-37d8-4a41-b4bf-6f3e4ecca8cd","v*S{|JSk!m","What are the four different deformities associated with clubfoot (talipes equinovarus)? {{c1:: C avus midfoot Forefoot…","Marty McFlyin's Ortho Deck::1) Netter's Concise Orthopaedic Anatomy::10 Foot/Ankle::10.16 Pediatric Disorders","SnapOrtho::Anatomy::Foot_Ankle | SnapOrtho::Anatomy::Foot_Ankle::Osteology | SnapOrtho::Anatomy::Foot_Ankle::Osteology::Midfoot","","",""
"deck_pediatrics_missing_matching_specialty:472:12ea4617-552b-414d-b280-d03412db2997","deck_pediatrics_missing_matching_specialty","12ea4617-552b-414d-b280-d03412db2997","e4e621e0-e7e8-480a-b1ba-a08c77820588","H`uvq9L!)e","Surgical correction for dynamic supination following nonoperative clubfoot treatment : {{c1::Lateral transfer of anteri…","Marty McFlyin's Ortho Deck::3) OrthoBullets::Pediatrics::Pediatric Foot::Cavus Deformities::Clubfoot (congenital talipes equinovarus)","SnapOrtho::Specialty::Foot_Ankle","","",""
"deck_pediatrics_missing_matching_specialty:473:5876deb9-2705-44ec-a95a-b65a5a85f8ac","deck_pediatrics_missing_matching_specialty","5876deb9-2705-44ec-a95a-b65a5a85f8ac","faa6a957-93cc-43ef-b238-812e32dc69b4","gQ?1E|@6j)","Which syndrome presents with these skeletal conditions ? {{c1::Marfan Syndrome}} Arachnodactyly Scoliosis Protrusio ace…","Marty McFlyin's Ortho Deck::3) OrthoBullets::Pediatrics::Pediatric Syndromes::Connective Tissue::Marfan Syndrome","SnapOrtho::Specialty::Spine","","",""
"deck_pediatrics_missing_matching_specialty:474:69751f4d-1d93-4a6b-94fd-8d4aa1b63cc8","deck_pediatrics_missing_matching_specialty","69751f4d-1d93-4a6b-94fd-8d4aa1b63cc8","4a640098-38b1-45f5-8b21-667ea65b0408","bhkUU%ynxw","What is clinodactyly? {{c1::Deviation of finger in coronal plane}}","Marty McFlyin's Ortho Deck::1) Netter's Concise Orthopaedic Anatomy::06 Hand::06.16 Pediatric Disorders","SnapOrtho::Specialty::Hand_Upper_Extremity","","",""
"deck_pediatrics_missing_matching_specialty:475:166abb17-8322-4472-92f1-7489e1eb05b3","deck_pediatrics_missing_matching_specialty","166abb17-8322-4472-92f1-7489e1eb05b3","38ba8ceb-c9cd-4656-a6d3-4e2267c92e0f","KqP`al#iYm","How do you measure Bauman's angle ? {{c1::Angle between a line drawn down the anatomic axis of the humerus and a line a…","Marty McFlyin's Ortho Deck::2) Pocket Pimped::14 Pediatrics::14.03 Upper Extremity::Supracondylar Humerus","SnapOrtho::Anatomy::Basic_Science | SnapOrtho::Anatomy::Basic_Science::Osteology | SnapOrtho::Anatomy::Basic_Science::Osteology::Physis | SnapOrtho::Specialty::Shoulder_Elbow","","",""
"deck_pediatrics_missing_matching_specialty:476:df2d3dcb-f626-4cbd-9c2c-6dabe8aedbf7","deck_pediatrics_missing_matching_specialty","df2d3dcb-f626-4cbd-9c2c-6dabe8aedbf7","da34508d-8702-4a94-a6c5-216dc7dc4eb9","N/b)Ry>1Z|","Which medication can help reduce the incidence of fractures in patients with Osteogenesis Imperfecta ? {{c1::Bisphospho…","Marty McFlyin's Ortho Deck::3) OrthoBullets::Pediatrics::Pediatric Syndromes::Connective Tissue::Osteogenesis Imperfecta","SnapOrtho::Specialty::Trauma","","",""
"deck_pediatrics_missing_matching_specialty:477:47d942e6-719d-4e47-8bcf-8029a69f0cd2","deck_pediatrics_missing_matching_specialty","47d942e6-719d-4e47-8bcf-8029a69f0cd2","9f65ddc9-2ddb-42f4-8571-b286debf7b2c","GH@c/vACvx","Which region of the physis is affected in achondroplasia ? {{c1::Zone of proliferation}}","Marty McFlyin's Ortho Deck::3) OrthoBullets::Pediatrics::Pediatric Syndromes::Dwarfism::Achondroplasia","SnapOrtho::Anatomy::Basic_Science | SnapOrtho::Anatomy::Basic_Science::Osteology | SnapOrtho::Anatomy::Basic_Science::Osteology::Physis","","",""
"deck_pediatrics_missing_matching_specialty:478:7249f7db-ee55-46b8-92d9-f7f1f3f1c8ca","deck_pediatrics_missing_matching_specialty","7249f7db-ee55-46b8-92d9-f7f1f3f1c8ca","9f8b6871-78ff-4032-8f60-fcf9e2af57f8","lm~-E]][Na","The {{c1::Tanner-Whitehouse III RUS}} method of skeletal maturity determination is the most accurate method, but is tim…","Marty McFlyin's Ortho Deck::3) OrthoBullets::Spine::Pediatric Spine::Pediatric Deformity::Adolescent Idiopathic Scoliosis","SnapOrtho::Anatomy::Pelvis | SnapOrtho::Anatomy::Pelvis::Osteology | SnapOrtho::Anatomy::Pelvis::Osteology::Pelvis","","",""
"deck_pediatrics_missing_matching_specialty:479:89ce6df5-1711-483b-b036-af859945097c","deck_pediatrics_missing_matching_specialty","89ce6df5-1711-483b-b036-af859945097c","950d8100-c3ee-4100-9d12-6fe06d7631db","raK*`<6[Y[","What is a Seymour fracture ? {{c1::Open distal phalanx fracture with germinal matrix interposition}}","Marty McFlyin's Ortho Deck::2) Pocket Pimped::14 Pediatrics::14.03 Upper Extremity::Hand","SnapOrtho::Anatomy::Hand | SnapOrtho::Anatomy::Hand::Osteology | SnapOrtho::Anatomy::Hand::Osteology::Distal_Phalanx | SnapOrtho::Specialty::Trauma","","",""
"deck_pediatrics_missing_matching_specialty:480:b3027f41-963b-4ded-954d-3eb07f27be7d","deck_pediatrics_missing_matching_specialty","b3027f41-963b-4ded-954d-3eb07f27be7d","3aacf3b5-eca2-4f22-bd43-00f88245028a","N:tk`nCS>i","Five (5) poor prognostic variables in patients with brachial plexus injury : {{c1:: Lack of biceps function by 3 months…","Marty McFlyin's Ortho Deck::3) OrthoBullets::Pediatrics::Pediatric Trauma::Upper Extremity Conditions::Obstetric Brachial Plexopathy (Erb's,  Klumpke's Palsy)","SnapOrtho::Specialty::Shoulder_Elbow","","",""
"deck_pediatrics_missing_matching_specialty:481:9fcd3f19-a628-458c-9862-c52d3c1e4bf0","deck_pediatrics_missing_matching_specialty","9fcd3f19-a628-458c-9862-c52d3c1e4bf0","520423cd-832e-4f6b-9465-449981c9bccc","K4:7FPMyG4","What radiographic finding is seen with spondylolysis ? {{c1::Scotty dog sign}}","Marty McFlyin's Ortho Deck::2) Pocket Pimped::14 Pediatrics::14.04 Spine::Spondylolysis/Spondylolisthesis","SnapOrtho::Specialty::Spine","","",""
"deck_pediatrics_missing_matching_specialty:482:97633f36-2d21-4eab-9d49-c551c151e74e","deck_pediatrics_missing_matching_specialty","97633f36-2d21-4eab-9d49-c551c151e74e","d17bcdb9-4403-4fd3-af4e-4e95abb0ce3d","o1C`/Gq50g","Patient with spina bifida presents with the following deformity. What is the surgical procedure that is indicated for t…","Marty McFlyin's Ortho Deck::3) OrthoBullets::Pediatrics::Pediatric Syndromes::Neuromuscular::Myelodysplasia","SnapOrtho::Anatomy::Foot_Ankle | SnapOrtho::Anatomy::Foot_Ankle::Osteology | SnapOrtho::Anatomy::Foot_Ankle::Osteology::Calcaneus | SnapOrtho::Specialty::Foot_Ankle","","",""
"deck_pediatrics_missing_matching_specialty:483:d777b0c5-0b69-4188-b426-0339eb45a859","deck_pediatrics_missing_matching_specialty","d777b0c5-0b69-4188-b426-0339eb45a859","a211ee97-b550-49a5-bc21-af2df6d18bdf","Bn::UzUDh@","Four (4) anatomical spine manifestations associated with achondroplasia : {{c1::Foramen magnum stenosis Thoracolumbar k…","Marty McFlyin's Ortho Deck::3) OrthoBullets::Pediatrics::Pediatric Syndromes::Dwarfism::Achondroplasia","SnapOrtho::Specialty::Spine","","",""
"deck_pediatrics_missing_matching_specialty:484:549a06fd-73d9-4ac3-b91c-03bb55bd156d","deck_pediatrics_missing_matching_specialty","549a06fd-73d9-4ac3-b91c-03bb55bd156d","90675625-99a5-4de4-92dc-e469b0dcb371","sCP[:5=Q|F","What is the operative treatment for progressive scoliosis curve in patients with myelodysplasia ? {{c1::ASF + PSF + Pel…","Marty McFlyin's Ortho Deck::3) OrthoBullets::Pediatrics::Pediatric Syndromes::Neuromuscular::Myelodysplasia","SnapOrtho::Specialty::Spine","","",""
"deck_pediatrics_missing_matching_specialty:485:0286c929-da85-486f-bf4e-c0f733071bc8","deck_pediatrics_missing_matching_specialty","0286c929-da85-486f-bf4e-c0f733071bc8","d35ca366-5446-47d7-889c-0a1b960df25d","PFdE14.uh<","Which two (2) physical exam findings differentiates spinal muscular atrophy from Duchenne's muscular dystrophy ? {{c1::…","Marty McFlyin's Ortho Deck::3) OrthoBullets::Pediatrics::Pediatric Syndromes::Neuromuscular::Spinal Muscular Atrophy","SnapOrtho::Specialty::Spine","","",""
"deck_pediatrics_missing_matching_specialty:486:b883578a-2f93-4b59-adee-ecc3d10f1e1e","deck_pediatrics_missing_matching_specialty","b883578a-2f93-4b59-adee-ecc3d10f1e1e","cf694cbe-16a9-490e-ba64-b7460fe95f23","EHTk&mX[4J","What are the three (3) indications for C1-C2 posterior spinal fusion in patients with Down syndrome ? {{c1::ADI >5 mm +…","Marty McFlyin's Ortho Deck::3) OrthoBullets::Pediatrics::Pediatric Syndromes::Chromosomal::Down Syndrome","SnapOrtho::Specialty::Spine","","",""
"deck_pediatrics_missing_matching_specialty:487:055730c0-cdac-4f92-a8cc-259939b37455","deck_pediatrics_missing_matching_specialty","055730c0-cdac-4f92-a8cc-259939b37455","00a3999d-6f67-423c-8906-ee510af9949c","xxnT[yr]J0","What is the management of hip dislocation in a patient with spinal muscular atrophy ? {{c1::Leave reduced}}","Marty McFlyin's Ortho Deck::3) OrthoBullets::Pediatrics::Pediatric Syndromes::Neuromuscular::Spinal Muscular Atrophy","SnapOrtho::Specialty::Spine | SnapOrtho::Specialty::Trauma","","",""
"deck_pediatrics_missing_matching_specialty:488:dd29fd26-c417-4772-b35a-337ffe3efef3","deck_pediatrics_missing_matching_specialty","dd29fd26-c417-4772-b35a-337ffe3efef3","f894b099-cc34-4386-8be7-283c58eac3ed","QQ-A7)}HZj","What structure anchors the periphery of the physis ? {{c1::Perichondrial Ring of La Croix}}","Marty McFlyin's Ortho Deck::2) Pocket Pimped::14 Pediatrics::14.01 General Anatomy","SnapOrtho::Anatomy::Basic_Science | SnapOrtho::Anatomy::Basic_Science::Osteology | SnapOrtho::Anatomy::Basic_Science::Osteology::Physis","","",""
"deck_pediatrics_missing_matching_specialty:489:c303dd5e-5eaf-4698-b5bd-da46afcdbc8e","deck_pediatrics_missing_matching_specialty","c303dd5e-5eaf-4698-b5bd-da46afcdbc8e","da1b37ff-05bf-40f7-a030-74010db8f7dc","eM0lpH0onH","What is spondyloptosis ? {{c1::Complete, >100% slippage of a vertebral body anteriorly to the next caudal segment}}","Marty McFlyin's Ortho Deck::2) Pocket Pimped::14 Pediatrics::14.04 Spine::Spondylolysis/Spondylolisthesis","SnapOrtho::Specialty::Spine","","",""
"deck_pediatrics_missing_matching_specialty:490:9f37ba4f-58c2-4227-8cee-c222abea7bb5","deck_pediatrics_missing_matching_specialty","9f37ba4f-58c2-4227-8cee-c222abea7bb5","1081ed5d-0804-4c1c-a0f4-97f0a991d002","K|.F_f0cn|","What is the epiphyseal diaphyseal angle ? {{c1::Angle between a line drawn perpendicular to the proximal femoral epiphy…","Marty McFlyin's Ortho Deck::2) Pocket Pimped::14 Pediatrics::14.05 Lower Extremity::Slipped Capital Femoral Epiphysis (SCFE)","SnapOrtho::Anatomy::Thigh_Hip | SnapOrtho::Anatomy::Thigh_Hip::Osteology | SnapOrtho::Anatomy::Thigh_Hip::Osteology::Femoral_Diaphysis","","",""
"deck_pediatrics_missing_matching_specialty:491:2ec40e6a-df79-418d-9481-80946ee91211","deck_pediatrics_missing_matching_specialty","2ec40e6a-df79-418d-9481-80946ee91211","72125b1c-3f97-4502-983b-0f7927b512df","HpKQ#[?@RA","What is a Thurston-Holland fragment ? {{c1::Metaphyseal fragment of a SH II fracture}}","Marty McFlyin's Ortho Deck::2) Pocket Pimped::14 Pediatrics::14.02 The Basics::Physis","SnapOrtho::Specialty::Trauma","","",""
"deck_pediatrics_missing_matching_specialty:492:f3ba166b-2fca-4972-ad9a-a703e65636c8","deck_pediatrics_missing_matching_specialty","f3ba166b-2fca-4972-ad9a-a703e65636c8","e417cd0b-3c6e-4e60-915e-184412b63c7a","m8e;dHXN||","In the setting of brachial plexus injury , loss of rhomboid function (dorsal scapular nerve) and elevated hemidiaphragm…","Marty McFlyin's Ortho Deck::3) OrthoBullets::Pediatrics::Pediatric Trauma::Upper Extremity Conditions::Obstetric Brachial Plexopathy (Erb's,  Klumpke's Palsy)","SnapOrtho::Specialty::Shoulder_Elbow","","",""
"deck_pediatrics_missing_matching_specialty:493:a63ab3b4-6e5f-46cf-a3d1-abbf92fc14e8","deck_pediatrics_missing_matching_specialty","a63ab3b4-6e5f-46cf-a3d1-abbf92fc14e8","5b2d4888-429e-42f6-ae59-9232361a38c2","s|*~V}2R2j","What devastating complication can occur following tibial tubercle fractures ? {{c1::Compartment syndrome}}","Marty McFlyin's Ortho Deck::2) Pocket Pimped::14 Pediatrics::14.05 Lower Extremity::Tibia","SnapOrtho::Diagnosis::Compartment_Syndrome | SnapOrtho::Specialty::Trauma","","",""
"deck_pediatrics_missing_matching_specialty:494:f878ccc1-247f-4a5c-aee1-894d1acf0b27","deck_pediatrics_missing_matching_specialty","f878ccc1-247f-4a5c-aee1-894d1acf0b27","66265bca-712b-449f-8d58-ca41f23c9d00","OfG1r:j3Z^","What muscles cause avulsion fractures of the ASIS , AIIS , Ischial tuberosity and Lesser trochanter ? ASIS: {{c1::Sarto…","Marty McFlyin's Ortho Deck::2) Pocket Pimped::14 Pediatrics::14.01 General Anatomy","SnapOrtho::Anatomy::Thigh_Hip | SnapOrtho::Anatomy::Thigh_Hip::Osteology | SnapOrtho::Anatomy::Thigh_Hip::Osteology::Lesser_Trochanter | SnapOrtho::Specialty::Trauma","","",""
"deck_pediatrics_missing_matching_specialty:495:15aae3c7-036a-4c50-a7a9-e95981fd7bec","deck_pediatrics_missing_matching_specialty","15aae3c7-036a-4c50-a7a9-e95981fd7bec","1d5d8feb-70a9-4fc5-8801-d14990a4f0fb","D0M7=36#~B","What is postaxial polydactyly ? {{c1::Extra rudimentary digit or nubbin on the ulnar aspect of the hand}}","Marty McFlyin's Ortho Deck::2) Pocket Pimped::14 Pediatrics::14.03 Upper Extremity::Hand","SnapOrtho::Specialty::Hand_Upper_Extremity","","",""
"deck_pediatrics_missing_matching_specialty:496:d1b9d987-50c7-4cda-bf5a-36fc76150db8","deck_pediatrics_missing_matching_specialty","d1b9d987-50c7-4cda-bf5a-36fc76150db8","f774e225-fb05-4192-8958-a3a4719abc33","jgkHwT/K4q","Mechanism of Obstetric Brachial Plexopathy : {{c1::Lateral flexion of head towards contralateral shoulder with depressi…","Marty McFlyin's Ortho Deck::3) OrthoBullets::Pediatrics::Pediatric Trauma::Upper Extremity Conditions::Obstetric Brachial Plexopathy (Erb's,  Klumpke's Palsy)","SnapOrtho::Specialty::Shoulder_Elbow","","",""
"deck_pediatrics_missing_matching_specialty:497:180c0252-4140-4a97-82f0-f80153467dc7","deck_pediatrics_missing_matching_specialty","180c0252-4140-4a97-82f0-f80153467dc7","05b76eb6-b3a9-40ea-8b3b-9d86b41e118e","oK4G9~z.4O","What cerebral palsy gait disorder is characterized by hip flexion , knee flexion , and ankle dorsiflexion ? {{c1::Crouc…","Marty McFlyin's Ortho Deck::3) OrthoBullets::Pediatrics::Pediatric Syndromes::Cerebral Palsy::Cerebral Palsy - Gait Disorders","SnapOrtho::Specialty::Foot_Ankle","","",""
"deck_pediatrics_missing_matching_specialty:498:acf67b85-e042-4378-b402-4b925bd87687","deck_pediatrics_missing_matching_specialty","acf67b85-e042-4378-b402-4b925bd87687","dc3efd6b-62d5-4fa7-bb10-7710b8508c78","I911ijM*/V","What is the normal thoracic kyphosis ? {{c1::20-40}}°","Marty McFlyin's Ortho Deck::2) Pocket Pimped::14 Pediatrics::14.04 Spine::Kyphosis","SnapOrtho::Specialty::Spine","","",""
"deck_pediatrics_missing_matching_specialty:499:c4304223-e8af-44a9-b022-89b7f459cc14","deck_pediatrics_missing_matching_specialty","c4304223-e8af-44a9-b022-89b7f459cc14","5f9febbc-7e03-421b-a91d-63b197ef9507","ETaCA;o`XE","What is a nursemaid's elbow ? {{c1::Subluxation fo the radial head from the annular ligament}}","Marty McFlyin's Ortho Deck::2) Pocket Pimped::14 Pediatrics::14.03 Upper Extremity::Elbow","SnapOrtho::Specialty::Shoulder_Elbow","","",""
"deck_pediatrics_missing_matching_specialty:500:6752846c-7ba5-43c2-910a-080e3f9c322c","deck_pediatrics_missing_matching_specialty","6752846c-7ba5-43c2-910a-080e3f9c322c","01e00b0e-1977-4978-a0a3-e3ddb7849e1f","d@rR@?}~7L","13-year-old female, Risser 3, with AIS curve of 55 degrees. Next step? {{c1::Posterior spinal fusion}}","Marty McFlyin's Ortho Deck::3) OrthoBullets::Spine::Pediatric Spine::Pediatric Deformity::Adolescent Idiopathic Scoliosis","SnapOrtho::Specialty::Spine","","",""
"deck_pediatrics_missing_matching_specialty:501:c29c2be2-3ca0-4c83-91df-a1e58c8c733a","deck_pediatrics_missing_matching_specialty","c29c2be2-3ca0-4c83-91df-a1e58c8c733a","ed35c527-13aa-41c7-87f8-e28bc688e932","u*](6j?|Y,","What is a triplane fracture ? {{c1::Complex SH IV injury with fractures in three planes (axial, coronal, sagittal)}}","Marty McFlyin's Ortho Deck::2) Pocket Pimped::14 Pediatrics::14.05 Lower Extremity::Ankle","SnapOrtho::Specialty::Trauma","","",""
"deck_oncology_missing_matching_specialty:502:0ee8557e-7d96-4959-b7e0-823495ce63da","deck_oncology_missing_matching_specialty","0ee8557e-7d96-4959-b7e0-823495ce63da","58dff0a5-8834-410d-ac2f-24c486fba732","DWe1KPU-d,","What is the treatment for Paget's disease? {{c1::Observation with bisphosphonate therapy}}","Marty McFlyin's Ortho Deck::3) OrthoBullets::Pathology::Bone Tumors::Tumor-Like Lesions::Paget's Disease","SnapOrtho::Specialty::Metabolic_Bone","","",""
"deck_oncology_missing_matching_specialty:503:65abb7eb-c38c-4e4a-9b0d-f3e055577ae9","deck_oncology_missing_matching_specialty","65abb7eb-c38c-4e4a-9b0d-f3e055577ae9","21e7eff6-c151-440c-8f00-27f68808114a","lqPTmHLes|","What are the two (2) primary mechanisms that may result in the formation of a THA pseudotumor ? {{c1::Hypersensitivity…","Marty McFlyin's Ortho Deck::3) OrthoBullets::Recon::Hip Reconstruction::THA Chronic Complications::THA Pseudotumor (Metal on Metal Reactions)","SnapOrtho::Specialty::Adult_Reconstruction","","",""
"deck_oncology_missing_matching_specialty:504:50098dfa-8a68-4731-a789-f3fa82f1074b","deck_oncology_missing_matching_specialty","50098dfa-8a68-4731-a789-f3fa82f1074b","8d5b9c09-f33e-4f66-9eb9-7e29fd1ad1eb","Iogt`g{8X-","What are the indications for the following treatments of chondrosarcomas ? Intra-lesional curettage: {{c1::grade 1 in e…","Marty McFlyin's Ortho Deck::3) OrthoBullets::Pathology::Bone Tumors::Chondrogenic Tumors::Chondrosarcoma","SnapOrtho::Anatomy::Pelvis | SnapOrtho::Anatomy::Pelvis::Osteology | SnapOrtho::Anatomy::Pelvis::Osteology::Pelvis","","",""
"deck_oncology_missing_matching_specialty:505:1ae88d44-b882-447a-8dcf-8bced4845450","deck_oncology_missing_matching_specialty","1ae88d44-b882-447a-8dcf-8bced4845450","b6cee512-f5e6-4878-89a3-a1f79ea83b1d","i-,Qufxg4~","Which lab value can be monitored serially to track success of treatment of spinal osteomyelitis ? {{c1::CRP}}","Marty McFlyin's Ortho Deck::3) OrthoBullets::Spine::Spine Infections, Tumors, & Systemic Conditions::Spine Infections::Adult Pyogenic Vertebral Osteomyelitis","SnapOrtho::Specialty::Spine","","",""
"deck_oncology_missing_matching_specialty:506:d5f8c023-5bb9-497c-b95f-8b9cff9fd767","deck_oncology_missing_matching_specialty","d5f8c023-5bb9-497c-b95f-8b9cff9fd767","876a852f-7bfc-4043-92a8-780afa67a875","mN@Q<:+n:U","Which structure is at risk with the establishment of the 6U and 6R portals during wrist arthroscopy ? {{c1::Dorsal bran…","Marty McFlyin's Ortho Deck::3) OrthoBullets::Hand::Hand Tumors & Lesions::Tested Procedures::Wrist Arthroscopy","SnapOrtho::Anatomy::Elbow | SnapOrtho::Anatomy::Elbow::Nerves | SnapOrtho::Anatomy::Elbow::Nerves::Ulnar_Nerve | SnapOrtho::Specialty::Hand_Upper_Extremity","","",""
"deck_oncology_missing_matching_specialty:507:9e2fe91b-220e-4a85-8931-83736fdf5d42","deck_oncology_missing_matching_specialty","9e2fe91b-220e-4a85-8931-83736fdf5d42","b498fcaa-69ef-4e09-9a98-99a566ea804a","xTi@]-O]t)","Where in the body are Giant Cell Tumors most commonly found? {{c1::Epiphysis of distal femur and proximal tibia}}","Marty McFlyin's Ortho Deck::3) OrthoBullets::Pathology::Bone Tumors::Unknown Origin::Giant Cell Tumor","SnapOrtho::Anatomy::Forearm | SnapOrtho::Anatomy::Forearm::Osteology | SnapOrtho::Anatomy::Forearm::Osteology::Radius | SnapOrtho::Anatomy::Hand | SnapOrtho::Anatomy::Hand::Osteology | SnapOrtho::Anatomy::Hand::Osteology::Distal_Radius | SnapOrtho::Anatomy::Leg_Knee | SnapOrtho::Anatomy::Leg_Knee::Osteology | SnapOrtho::Anatomy::Leg_Knee::Osteology::Distal_Femur | SnapOrtho::Anatomy::Leg_Knee::Osteology::Tibia | SnapOrtho::Anatomy::Pelvis | SnapOrtho::Anatomy::Pelvis::Osteology | SnapOrtho::Anatomy::Pelvis::Osteology::Sacrum | SnapOrtho::Anatomy::Shoulder_Girdle | SnapOrtho::Anatomy::Shoulder_Girdle::Osteology | SnapOrtho::Anatomy::Shoulder_Girdle::Osteology::Proximal_Humerus | SnapOrtho::Anatomy::Thigh_Hip | SnapOrtho::Anatomy::Thigh_Hip::Osteology | SnapOrtho::Anatomy::Thigh_Hip::Osteology::Femur","","",""
"deck_oncology_missing_matching_specialty:508:084c7dc0-d22e-4045-ac32-5534544a7978","deck_oncology_missing_matching_specialty","084c7dc0-d22e-4045-ac32-5534544a7978","025ad146-580c-4ca1-8b1d-8e4be34cbce3","c9i:mKw6[>","Patient presents with the lesion found below. Would wide resection + proximal femur replacement or wide resection + nai…","Marty McFlyin's Ortho Deck::3) OrthoBullets::Pathology::Bone Tumors::Metastatic Disease::Metastatic Disease of Extremity","SnapOrtho::Anatomy::Thigh_Hip | SnapOrtho::Anatomy::Thigh_Hip::Osteology | SnapOrtho::Anatomy::Thigh_Hip::Osteology::Femur | SnapOrtho::Anatomy::Thigh_Hip::Osteology::Proximal_Femur","","",""
"deck_oncology_missing_matching_specialty:509:0777b5cc-1f9d-4713-afb2-09e9ac5ad5d0","deck_oncology_missing_matching_specialty","0777b5cc-1f9d-4713-afb2-09e9ac5ad5d0","f9431d47-6915-48a9-9428-48a1d8b3f9a8","g3ZDpP?15l","35 y/o M with pain and swelling of wrist. XR and MRI shown below. Best next step? {{c1::Incisional biopsy}}","Marty McFlyin's Ortho Deck::3) OrthoBullets::Pathology::Bone Tumors::Unknown Origin::Giant Cell Tumor","SnapOrtho::Specialty::Hand_Upper_Extremity","","",""
"deck_oncology_missing_matching_specialty:510:5f4fb4f0-824f-4357-9115-64e4008005c4","deck_oncology_missing_matching_specialty","5f4fb4f0-824f-4357-9115-64e4008005c4","8593df9f-5faf-460f-84ba-ef34132c8d80","wRh(E?y,Qf","Where are unicameral bone cysts most commonly found? {{c1::Proximal humerus (of young patients)}} What area of the bone…","Marty McFlyin's Ortho Deck::3) OrthoBullets::Pathology::Bone Tumors::Reactive Lesions::Unicameral Bone Cysts","SnapOrtho::Anatomy::Basic_Science | SnapOrtho::Anatomy::Basic_Science::Osteology | SnapOrtho::Anatomy::Basic_Science::Osteology::Physis | SnapOrtho::Anatomy::Shoulder_Girdle | SnapOrtho::Anatomy::Shoulder_Girdle::Osteology | SnapOrtho::Anatomy::Shoulder_Girdle::Osteology::Proximal_Humerus | SnapOrtho::Specialty::Pediatric_Orthopedics | SnapOrtho::Specialty::Shoulder_Elbow","","",""
"deck_oncology_missing_matching_specialty:511:e8d74010-f96d-444a-95ef-cf86a2353fb3","deck_oncology_missing_matching_specialty","e8d74010-f96d-444a-95ef-cf86a2353fb3","f4ddf271-8ce3-47c9-a2c3-a17f37441660","C+J<U2OmYu","Heterotopic ossification (HO) excision is performed at least {{c1::6}} months following trauma.","Marty McFlyin's Ortho Deck::3) OrthoBullets::Pathology::Bone Tumors::Tumor-Like Lesions::Heterotopic Ossification","SnapOrtho::Diagnosis::Heterotopic_Ossification","","",""
"deck_oncology_missing_matching_specialty:512:239d1f35-140b-45f2-b609-644bc12fd1c6","deck_oncology_missing_matching_specialty","239d1f35-140b-45f2-b609-644bc12fd1c6","5ac0ba12-5dd2-425a-b62b-dba1250ab0dd","tftf>B^A!P","The development of significant heterotopic ossification (HO) formation in a trauma patient has been shown to be directl…","Marty McFlyin's Ortho Deck::3) OrthoBullets::Pathology::Bone Tumors::Tumor-Like Lesions::Heterotopic Ossification","SnapOrtho::Diagnosis::Heterotopic_Ossification","","",""
"deck_oncology_missing_matching_specialty:513:e00dc8ca-f479-42e1-9c76-cc86f59f95c8","deck_oncology_missing_matching_specialty","e00dc8ca-f479-42e1-9c76-cc86f59f95c8","7073d6e0-10d1-4b38-b8e4-35d822d9f618","irzX,3%LBN","Peds patient presents with night pain in proximal femur. Relieved with NSAIDs. XRs show a <2 cm lesion. Most likely dia…","Marty McFlyin's Ortho Deck::3) OrthoBullets::Pathology::Bone Tumors::Osteogenic Tumors::Osteoid Osteoma","SnapOrtho::Anatomy::Thigh_Hip | SnapOrtho::Anatomy::Thigh_Hip::Osteology | SnapOrtho::Anatomy::Thigh_Hip::Osteology::Femur | SnapOrtho::Anatomy::Thigh_Hip::Osteology::Proximal_Femur","","",""
"deck_oncology_missing_matching_specialty:514:e5eec029-3241-46ac-b167-05e7a6386423","deck_oncology_missing_matching_specialty","e5eec029-3241-46ac-b167-05e7a6386423","58a3f799-49ed-4692-8bd4-48bf818db287","L=h0u4`xSM","What are the ideal articulating components to convert to when revising a metal-on-metal THA ? {{c1::Ceramic-on-polyethy…","Marty McFlyin's Ortho Deck::3) OrthoBullets::Recon::Hip Reconstruction::THA Chronic Complications::THA Pseudotumor (Metal on Metal Reactions)","SnapOrtho::Specialty::Adult_Reconstruction","","",""
"deck_oncology_missing_matching_specialty:515:f284c047-641e-472c-b36a-180b4f8c670f","deck_oncology_missing_matching_specialty","f284c047-641e-472c-b36a-180b4f8c670f","2fc4d564-81d8-4ee9-bac6-a486008c7025","Hx|Gm_>DK$","The pathophysiology of {{c1::Paget's disease}} features accelerated bone resorption and formation that results in a dis…","Marty McFlyin's Ortho Deck::3) OrthoBullets::Pathology::Bone Tumors::Tumor-Like Lesions::Paget's Disease","SnapOrtho::Specialty::Metabolic_Bone","","",""
"deck_oncology_missing_matching_specialty:516:d4bc28eb-b9af-41bb-b171-d5a00b461770","deck_oncology_missing_matching_specialty","d4bc28eb-b9af-41bb-b171-d5a00b461770","a2cdc70e-d326-4ad8-bde1-e56ef06507eb","qAmb~uqSor","Treatment for osteochondromas Asymptomatic: {{c1::observation}} Symptomatic/causing growth disturbance: {{c1::marginal…","Marty McFlyin's Ortho Deck::3) OrthoBullets::Pathology::Bone Tumors::Chondrogenic Tumors::Osteochondroma & Multiple Hereditary Exostosis","SnapOrtho::Diagnosis::Chondrosarcoma","","",""
"deck_oncology_missing_matching_specialty:517:6f69a124-eeff-480a-b266-80f055ebf3b3","deck_oncology_missing_matching_specialty","6f69a124-eeff-480a-b266-80f055ebf3b3","293e8428-b980-43fc-a7d3-d06b2a4a1dcb","MqNxuBIe3k","Aneurysmal bone cysts in the setting of an acute fracture are treated {{c1::nonoperatively}}.","Marty McFlyin's Ortho Deck::3) OrthoBullets::Pathology::Bone Tumors::Reactive Lesions::Aneurysmal Bone Cyst","SnapOrtho::Specialty::Trauma","","",""
"deck_oncology_missing_matching_specialty:518:76e221b3-cdf2-4d7f-98e6-e6f211a1b65f","deck_oncology_missing_matching_specialty","76e221b3-cdf2-4d7f-98e6-e6f211a1b65f","b4095d0f-cd96-450b-ab41-c96350088e47","lvR>^dl|8.","Patient with metal-on-metal THA presents with hip pain. Radiographs are normal and patient has elevated serum metal ion…","Marty McFlyin's Ortho Deck::3) OrthoBullets::Recon::Hip Reconstruction::THA Chronic Complications::THA Pseudotumor (Metal on Metal Reactions)","SnapOrtho::Specialty::Adult_Reconstruction","","",""
"deck_oncology_missing_matching_specialty:519:016a0c63-f059-4ed7-8ff6-f7c770c37dd9","deck_oncology_missing_matching_specialty","016a0c63-f059-4ed7-8ff6-f7c770c37dd9","e53ba156-7da2-4b99-a79b-12f6ae7c9e79","u5gB7It`;b","Which structure is at risk with the establishment of the 1 and 2 portals during wrist arthroscopy ? {{c1::Superficial s…","Marty McFlyin's Ortho Deck::3) OrthoBullets::Hand::Hand Tumors & Lesions::Tested Procedures::Wrist Arthroscopy","SnapOrtho::Anatomy::Arm | SnapOrtho::Anatomy::Arm::Nerves | SnapOrtho::Anatomy::Arm::Nerves::Radial_Nerve | SnapOrtho::Specialty::Hand_Upper_Extremity","","",""
"deck_oncology_missing_matching_specialty:520:8a0f4934-2048-407c-b49d-5cb229e435fb","deck_oncology_missing_matching_specialty","8a0f4934-2048-407c-b49d-5cb229e435fb","8d9d34aa-bd18-40a9-9698-e732523ae4cb","ltuZcx+GhI","10 y/o boy injures right shoulder while playing lacrosse. Radiographs of the shoulder are shown below. Next best step?…","Marty McFlyin's Ortho Deck::3) OrthoBullets::Pathology::Bone Tumors::Reactive Lesions::Unicameral Bone Cysts","SnapOrtho::Anatomy::Basic_Science | SnapOrtho::Anatomy::Basic_Science::Osteology | SnapOrtho::Anatomy::Basic_Science::Osteology::Physis | SnapOrtho::Anatomy::Shoulder_Girdle | SnapOrtho::Anatomy::Shoulder_Girdle::Osteology | SnapOrtho::Anatomy::Shoulder_Girdle::Osteology::Proximal_Humerus | SnapOrtho::Specialty::Shoulder_Elbow","","",""
"deck_oncology_missing_matching_specialty:521:37406c3a-b571-4013-8106-0c6165b10b5f","deck_oncology_missing_matching_specialty","37406c3a-b571-4013-8106-0c6165b10b5f","74700ebc-baa5-4d42-a8d3-228662715c08","z7/D~)=[<]","Pathologic fracture from a preexisting unicameral bone cyst may show a {{c1::""fallen leaf""}} sign on radiographs .","Marty McFlyin's Ortho Deck::3) OrthoBullets::Pathology::Bone Tumors::Reactive Lesions::Unicameral Bone Cysts","SnapOrtho::Specialty::Trauma","","",""
"deck_oncology_missing_matching_specialty:522:d3e7e091-d3ca-4ecf-b1bf-92afdbded760","deck_oncology_missing_matching_specialty","d3e7e091-d3ca-4ecf-b1bf-92afdbded760","780c0a68-c4f2-42df-b1fb-e8cf22bf2288","q8P?f~IEWU","Patients with osteochondromas in the setting of MHE have a 5%-10% rate of malignant transformation to {{c1::chondrosarc…","Marty McFlyin's Ortho Deck::3) OrthoBullets::Pathology::Bone Tumors::Chondrogenic Tumors::Osteochondroma & Multiple Hereditary Exostosis","SnapOrtho::Diagnosis::Chondrosarcoma","","",""
"deck_oncology_missing_matching_specialty:523:55775d1a-12f7-46c5-9109-05beb43c94fe","deck_oncology_missing_matching_specialty","55775d1a-12f7-46c5-9109-05beb43c94fe","fd4957b5-7b01-472e-9992-6d458fa91758","qF;?vXg}Qy","Multiple hereditary exostosis (MHE) presents with multiple {{c1::osteochondromas}}.","Marty McFlyin's Ortho Deck::3) OrthoBullets::Pathology::Bone Tumors::Chondrogenic Tumors::Osteochondroma & Multiple Hereditary Exostosis","SnapOrtho::Anatomy::Basic_Science | SnapOrtho::Anatomy::Basic_Science::Osteology | SnapOrtho::Anatomy::Basic_Science::Osteology::Physis | SnapOrtho::Specialty::Pediatric_Orthopedics","","",""
"deck_oncology_missing_matching_specialty:524:28d52e3a-1aa2-486a-9367-f85689a83bc4","deck_oncology_missing_matching_specialty","28d52e3a-1aa2-486a-9367-f85689a83bc4","78f18d05-1adb-4ece-b397-13bc9d503ee2","f.#/{p9/a,","Well-differentiated liposarcomas display an amplification of the {{c1::MDM2}} gene, while myxoid liposarcomas display a…","Marty McFlyin's Ortho Deck::3) OrthoBullets::Pathology::Soft Tissue Tumors::Lipogenic::Liposarcoma","SnapOrtho::Specialty::Basic_Science","","",""
"deck_oncology_missing_matching_specialty:525:ff36494c-506f-4695-82cf-9c59f2321f2a","deck_oncology_missing_matching_specialty","ff36494c-506f-4695-82cf-9c59f2321f2a","b24926a4-e1d7-4871-b4c0-293dde2438e5","jY}&AcSw8U","Heterotopic ossification most commonly occurs at the amputation site if the amputation is performed {{c1::through::abov…","Marty McFlyin's Ortho Deck::3) OrthoBullets::Pathology::Bone Tumors::Tumor-Like Lesions::Heterotopic Ossification","SnapOrtho::Diagnosis::Heterotopic_Ossification","","",""
"deck_oncology_missing_matching_specialty:526:38e32528-1853-4558-b815-3bc6d4edfb65","deck_oncology_missing_matching_specialty","38e32528-1853-4558-b815-3bc6d4edfb65","0fa3c348-7620-48f4-9a0e-f23b7cafdc7b","OM<vtGgS1]","Two (2) most-common presentations of non-ossifying fibromas : {{c1::Incidental finding Pathologic fracture}}","Marty McFlyin's Ortho Deck::3) OrthoBullets::Pathology::Bone Tumors::Fibrogenic & Histiocytic::Nonossifying Fibroma","SnapOrtho::Specialty::Trauma","","",""
"distal_radius_under_hand_osteology:527:d56c6ce1-d31a-4a5a-a5d3-c7eea153934b","distal_radius_under_hand_osteology","d56c6ce1-d31a-4a5a-a5d3-c7eea153934b","162819c2-7f10-4e3c-9e4d-858277ae166c","lM,fvGsbYJ","What is the most common dorsal approach to the distal radius ? {{c1::Incise the 3rd extensor compartment w/ elevation o…","Marty McFlyin's Ortho Deck::2) Pocket Pimped::05 Forearm & Wrist::05.01 General Anatomy","SnapOrtho::Anatomy::Forearm | SnapOrtho::Anatomy::Forearm::Osteology | SnapOrtho::Anatomy::Forearm::Osteology::Radius | SnapOrtho::Anatomy::Hand | SnapOrtho::Anatomy::Hand::Osteology | SnapOrtho::Anatomy::Hand::Osteology::Distal_Radius | SnapOrtho::Specialty::Hand_Upper_Extremity","","",""
"distal_radius_under_hand_osteology:528:524a5d0e-4b14-435c-bbe5-2cebbaca1849","distal_radius_under_hand_osteology","524a5d0e-4b14-435c-bbe5-2cebbaca1849","257299a5-11c8-4545-866a-eaa51a924d6c","ANgvp$rb~h","Number one risk factor for distal radius fractures : {{c1::Osteoporosis}}","Marty McFlyin's Ortho Deck::3) OrthoBullets::Trauma::Upper Extremity::Forearm::Distal Radius","SnapOrtho::Anatomy::Hand | SnapOrtho::Anatomy::Hand::Osteology | SnapOrtho::Anatomy::Hand::Osteology::Distal_Radius | SnapOrtho::Diagnosis::Distal_Radius_Fractures | SnapOrtho::Specialty::Hand_Upper_Extremity | SnapOrtho::Specialty::Metabolic_Bone | SnapOrtho::Specialty::Trauma","","",""
"distal_radius_under_hand_osteology:529:1fdd30e1-bae8-43cd-b955-df021ccf7dbc","distal_radius_under_hand_osteology","1fdd30e1-bae8-43cd-b955-df021ccf7dbc","358ae8de-a3e5-4579-8683-20e1f7350e94","s*#ZJt^TV","What is the most common SH fracture in the distal fibula , distal radius , distal tibia , and distal femur ? Distal Fib…","Marty McFlyin's Ortho Deck::2) Pocket Pimped::14 Pediatrics::14.02 The Basics::Physis","SnapOrtho::Anatomy::Forearm | SnapOrtho::Anatomy::Forearm::Osteology | SnapOrtho::Anatomy::Forearm::Osteology::Radius | SnapOrtho::Anatomy::Hand | SnapOrtho::Anatomy::Hand::Osteology | SnapOrtho::Anatomy::Hand::Osteology::Distal_Radius | SnapOrtho::Anatomy::Leg_Knee | SnapOrtho::Anatomy::Leg_Knee::Osteology | SnapOrtho::Anatomy::Leg_Knee::Osteology::Distal_Femur | SnapOrtho::Anatomy::Leg_Knee::Osteology::Fibula | SnapOrtho::Anatomy::Leg_Knee::Osteology::Tibia | SnapOrtho::Anatomy::Thigh_Hip | SnapOrtho::Anatomy::Thigh_Hip::Osteology | SnapOrtho::Anatomy::Thigh_Hip::Osteology::Femur | SnapOrtho::Specialty::Hand_Upper_Extremity | SnapOrtho::Specialty::Trauma","","",""
"distal_radius_under_hand_osteology:530:3a4a137b-a40d-4f2b-ae67-9ecb7ba94984","distal_radius_under_hand_osteology","3a4a137b-a40d-4f2b-ae67-9ecb7ba94984","8a5e12d8-1127-4f43-9114-d7142610bcc9","q+=JWbY{Sr","Most common mechanism of injury for distal radius fractures : {{c1::FOOSH (fall on outstretched hand)}}","Marty McFlyin's Ortho Deck::3) OrthoBullets::Trauma::Upper Extremity::Forearm::Distal Radius","SnapOrtho::Anatomy::Forearm | SnapOrtho::Anatomy::Forearm::Osteology | SnapOrtho::Anatomy::Forearm::Osteology::Radius | SnapOrtho::Anatomy::Hand | SnapOrtho::Anatomy::Hand::Osteology | SnapOrtho::Anatomy::Hand::Osteology::Distal_Radius | SnapOrtho::Diagnosis::Distal_Radius_Fractures | SnapOrtho::Specialty::Hand_Upper_Extremity","","",""
"distal_radius_under_hand_osteology:531:d573d6a9-1f1c-45e3-8e92-c894f13d1c48","distal_radius_under_hand_osteology","d573d6a9-1f1c-45e3-8e92-c894f13d1c48","0efe834f-03b3-4c1b-a3b7-b053b637757e","px9h-BU<1}","What are the associated pathology with the following extensor tendon compartments of the wrist? 1: EPB-APL / {{c1::De Q…","Marty McFlyin's Ortho Deck::3) OrthoBullets::Hand::Hand Introduction::Anatomy::Extensor Tendon Compartments","SnapOrtho::Anatomy::Forearm | SnapOrtho::Anatomy::Forearm::Osteology | SnapOrtho::Anatomy::Forearm::Osteology::Radius | SnapOrtho::Anatomy::Hand | SnapOrtho::Anatomy::Hand::Osteology | SnapOrtho::Anatomy::Hand::Osteology::Distal_Radius | SnapOrtho::Diagnosis::Distal_Radius_Fracture | SnapOrtho::Specialty::Hand_Upper_Extremity | SnapOrtho::Specialty::Trauma","","",""
"distal_radius_under_hand_osteology:532:0ca3d1e8-5740-4c54-ae55-1b6ffaab963a","distal_radius_under_hand_osteology","0ca3d1e8-5740-4c54-ae55-1b6ffaab963a","1ea58f38-67da-4589-b61b-659ec04de5fd","D3?%yF^?CG","Worsening numbness and wrist pain following distal radius fracture following closed reduction. Next step? {{c1::Emergen…","Marty McFlyin's Ortho Deck::3) OrthoBullets::Trauma::Upper Extremity::Forearm::Distal Radius","SnapOrtho::Anatomy::Forearm | SnapOrtho::Anatomy::Forearm::Osteology | SnapOrtho::Anatomy::Forearm::Osteology::Radius | SnapOrtho::Anatomy::Hand | SnapOrtho::Anatomy::Hand::Osteology | SnapOrtho::Anatomy::Hand::Osteology::Distal_Radius | SnapOrtho::Anatomy::Hand::Other | SnapOrtho::Anatomy::Hand::Other::Carpal_Tunnel | SnapOrtho::Diagnosis::Carpal_Tunnel_Syndrome | SnapOrtho::Diagnosis::Distal_Radius_Fracture | SnapOrtho::Diagnosis::Distal_Radius_Fractures | SnapOrtho::Specialty::Hand_Upper_Extremity | SnapOrtho::Specialty::Trauma | SnapOrtho::Treatment::Closed_Reduction","","",""
"distal_radius_under_hand_osteology:533:e83f8170-9e26-4c41-b6a0-3d2cfbbbf17a","distal_radius_under_hand_osteology","e83f8170-9e26-4c41-b6a0-3d2cfbbbf17a","47b81107-37ff-4e24-9f6c-e9cfcf41d657","rx:o?6eT90","What is the purpose of the LaFontaine criteria ? {{c1::To evaluate distal radius fracture stability}}","Marty McFlyin's Ortho Deck::2) Pocket Pimped::05 Forearm & Wrist::05.02 Trauma","SnapOrtho::Anatomy::Forearm | SnapOrtho::Anatomy::Forearm::Osteology | SnapOrtho::Anatomy::Forearm::Osteology::Radius | SnapOrtho::Anatomy::Forearm::Osteology::Ulna | SnapOrtho::Anatomy::Hand | SnapOrtho::Anatomy::Hand::Osteology | SnapOrtho::Anatomy::Hand::Osteology::Distal_Radius | SnapOrtho::Diagnosis::Distal_Radius_Fracture | SnapOrtho::Specialty::Hand_Upper_Extremity | SnapOrtho::Specialty::Trauma","","",""
"distal_radius_under_hand_osteology:534:bc223c9d-5cff-43ff-b58c-c0a8b73c1962","distal_radius_under_hand_osteology","bc223c9d-5cff-43ff-b58c-c0a8b73c1962","dafb8466-9325-41ed-81a9-5db00a4e9805","F(bE$Uuc4^","What medication is recommended to prevent the incidence of reflex sympathetic dystrophy (RSD) following distal radius f…","Marty McFlyin's Ortho Deck::3) OrthoBullets::Trauma::Upper Extremity::Forearm::Distal Radius","SnapOrtho::Anatomy::Forearm | SnapOrtho::Anatomy::Forearm::Osteology | SnapOrtho::Anatomy::Forearm::Osteology::Radius | SnapOrtho::Anatomy::Hand | SnapOrtho::Anatomy::Hand::Osteology | SnapOrtho::Anatomy::Hand::Osteology::Distal_Radius | SnapOrtho::Diagnosis::Crps | SnapOrtho::Diagnosis::Distal_Radius_Fracture | SnapOrtho::Specialty::Hand_Upper_Extremity | SnapOrtho::Specialty::Trauma","","",""
"distal_radius_under_hand_osteology:535:c698f55f-50f0-49f4-85dc-db01bb3fcb78","distal_radius_under_hand_osteology","c698f55f-50f0-49f4-85dc-db01bb3fcb78","7620622b-3b73-4737-a164-86b5967a4bc0","x+qEW=-YW^","Three (3) indications for nonoperative management of distal radius fracture : {{c1:: Extra-articular <5 mm radial short…","Marty McFlyin's Ortho Deck::3) OrthoBullets::Trauma::Upper Extremity::Forearm::Distal Radius","SnapOrtho::Anatomy::Forearm | SnapOrtho::Anatomy::Forearm::Osteology | SnapOrtho::Anatomy::Forearm::Osteology::Radius | SnapOrtho::Anatomy::Hand | SnapOrtho::Anatomy::Hand::Osteology | SnapOrtho::Anatomy::Hand::Osteology::Distal_Radius | SnapOrtho::Diagnosis::Distal_Radius_Fracture | SnapOrtho::Specialty::Hand_Upper_Extremity | SnapOrtho::Specialty::Trauma","","",""
"distal_radius_under_hand_osteology:536:423974a6-f981-4084-a69b-4e6120b6e95b","distal_radius_under_hand_osteology","423974a6-f981-4084-a69b-4e6120b6e95b","6d782a9a-adb7-40ed-91f2-06fb8b677272","CI^KCLQKlE","Five (5) most common sites of hardware removal : {{c1:: Olecranon tension band wiring (~30-61%) TMTJ arthrodesis (~15%)…","Marty McFlyin's Ortho Deck::3) OrthoBullets::Trauma::General Trauma::Specific Presentations::Symptomatic Hardware and Implant Removal","SnapOrtho::Anatomy::Hand | SnapOrtho::Anatomy::Hand::Osteology | SnapOrtho::Anatomy::Hand::Osteology::Distal_Radius | SnapOrtho::Anatomy::Leg_Knee | SnapOrtho::Anatomy::Leg_Knee::Osteology | SnapOrtho::Anatomy::Leg_Knee::Osteology::Patella | SnapOrtho::Anatomy::Shoulder_Girdle | SnapOrtho::Anatomy::Shoulder_Girdle::Osteology | SnapOrtho::Anatomy::Shoulder_Girdle::Osteology::Clavicle | SnapOrtho::Diagnosis::Hardware_Failure | SnapOrtho::Treatment::Implant_Removal | SnapOrtho::Treatment::Tension_Band_Wire","","",""
"distal_radius_under_hand_osteology:537:477264aa-64d4-4c34-8e45-b1864db9b39d","distal_radius_under_hand_osteology","477264aa-64d4-4c34-8e45-b1864db9b39d","d10814f0-1d3a-4010-8d73-55b28b050b3f","px9h-BU<1}","What are the associated pathology with the following extensor tendon compartments of the wrist? 1: EPB-APL / {{c1::De Q…","Marty McFlyin's Ortho Deck::3) OrthoBullets::Hand::Hand Introduction::Anatomy::Extensor Tendon Compartments","SnapOrtho::Anatomy::Forearm | SnapOrtho::Anatomy::Forearm::Osteology | SnapOrtho::Anatomy::Forearm::Osteology::Radius | SnapOrtho::Anatomy::Hand | SnapOrtho::Anatomy::Hand::Osteology | SnapOrtho::Anatomy::Hand::Osteology::Distal_Radius | SnapOrtho::Diagnosis::Distal_Radius_Fracture | SnapOrtho::Specialty::Hand_Upper_Extremity | SnapOrtho::Specialty::Trauma","","",""
"distal_radius_under_hand_osteology:538:ed2897ef-8a09-4c38-b038-59d29b717659","distal_radius_under_hand_osteology","ed2897ef-8a09-4c38-b038-59d29b717659","c1c12b6a-8bc3-4679-bbe4-c51e217477e2","fNwzJKW?7/","Pronator Quadratus Origin: {{c1::Medial distal ulna}} Insertion: {{c2::Anterior distal radius}} Nerve: {{c3::Median}} A…","Marty McFlyin's Ortho Deck::1) Netter's Concise Orthopaedic Anatomy::05 Forearm::05.11 Muscles","SnapOrtho::Anatomy::Forearm | SnapOrtho::Anatomy::Forearm::Osteology | SnapOrtho::Anatomy::Forearm::Osteology::Distal_Ulna | SnapOrtho::Anatomy::Forearm::Osteology::Radius | SnapOrtho::Anatomy::Forearm::Osteology::Ulna | SnapOrtho::Anatomy::Hand | SnapOrtho::Anatomy::Hand::Osteology | SnapOrtho::Anatomy::Hand::Osteology::Distal_Radius","","",""
"distal_radius_under_hand_osteology:539:59782119-86a0-45ae-b213-6f79557f6b8e","distal_radius_under_hand_osteology","59782119-86a0-45ae-b213-6f79557f6b8e","e459147b-3c9d-4b2d-98de-dae3faaf2434","fNwzJKW?7/","Pronator Quadratus Origin: {{c1::Medial distal ulna}} Insertion: {{c2::Anterior distal radius}} Nerve: {{c3::Median}} A…","Marty McFlyin's Ortho Deck::1) Netter's Concise Orthopaedic Anatomy::05 Forearm::05.11 Muscles","SnapOrtho::Anatomy::Forearm | SnapOrtho::Anatomy::Forearm::Osteology | SnapOrtho::Anatomy::Forearm::Osteology::Distal_Ulna | SnapOrtho::Anatomy::Forearm::Osteology::Radius | SnapOrtho::Anatomy::Forearm::Osteology::Ulna | SnapOrtho::Anatomy::Hand | SnapOrtho::Anatomy::Hand::Osteology | SnapOrtho::Anatomy::Hand::Osteology::Distal_Radius","","",""
"distal_radius_under_hand_osteology:540:c334a75f-6711-43fb-b956-3e6a40b26f89","distal_radius_under_hand_osteology","c334a75f-6711-43fb-b956-3e6a40b26f89","64ee7f60-3c35-4fd9-89d5-b9bacb6b1be0","Q[|S7g!`h@","How are outcomes of patients with an accompanying ulnar styloid fracture with stable fixation of a distal radius fractu…","Marty McFlyin's Ortho Deck::3) OrthoBullets::Trauma::Upper Extremity::Forearm::Distal Radius","SnapOrtho::Anatomy::Forearm | SnapOrtho::Anatomy::Forearm::Osteology | SnapOrtho::Anatomy::Forearm::Osteology::Radius | SnapOrtho::Anatomy::Hand | SnapOrtho::Anatomy::Hand::Osteology | SnapOrtho::Anatomy::Hand::Osteology::Distal_Radius | SnapOrtho::Diagnosis::Distal_Radius_Fracture | SnapOrtho::Diagnosis::Ulnar_Styloid_Fracture | SnapOrtho::Specialty::Hand_Upper_Extremity | SnapOrtho::Specialty::Trauma","","",""
"distal_radius_under_hand_osteology:541:a3695bd4-94d3-4f26-a4f9-c19a0dc14ccb","distal_radius_under_hand_osteology","a3695bd4-94d3-4f26-a4f9-c19a0dc14ccb","20895cdd-89c8-42aa-8303-07292d4b3442","q+ot.i,Rle","What view of the wrist evaluates dorsal screw lengths following ORIF of the distal radius ? {{c1::Skyline}}","Marty McFlyin's Ortho Deck::2) Pocket Pimped::01 The Basics::01.01 X-rays::Upper Extremity","SnapOrtho::Anatomy::Forearm | SnapOrtho::Anatomy::Forearm::Osteology | SnapOrtho::Anatomy::Forearm::Osteology::Radius | SnapOrtho::Anatomy::Hand | SnapOrtho::Anatomy::Hand::Osteology | SnapOrtho::Anatomy::Hand::Osteology::Distal_Radius | SnapOrtho::Specialty::Hand_Upper_Extremity","","",""
"distal_radius_under_hand_osteology:542:ccfcc978-7057-4213-aa04-d8696a1a2782","distal_radius_under_hand_osteology","ccfcc978-7057-4213-aa04-d8696a1a2782","63792c76-79d1-40ea-9c77-9bdfc5a6a122","OIVX6.0Mr+","Rupture of which tendon is most common following nonoperative management of a distal radius fracture ? {{c1::EPL}}","Marty McFlyin's Ortho Deck::2) Pocket Pimped::05 Forearm & Wrist::05.02 Trauma","SnapOrtho::Anatomy::Forearm | SnapOrtho::Anatomy::Forearm::Osteology | SnapOrtho::Anatomy::Forearm::Osteology::Radius | SnapOrtho::Anatomy::Hand | SnapOrtho::Anatomy::Hand::Osteology | SnapOrtho::Anatomy::Hand::Osteology::Distal_Radius | SnapOrtho::Diagnosis::Distal_Radius_Fracture | SnapOrtho::Specialty::Trauma","","",""
"distal_radius_under_hand_osteology:543:e4537ef2-001c-4fc8-bb77-42acce01cf19","distal_radius_under_hand_osteology","e4537ef2-001c-4fc8-bb77-42acce01cf19","6514bce1-1da5-43b7-a3c4-07b9ccb8fe84","fNwzJKW?7/","Pronator Quadratus Origin: {{c1::Medial distal ulna}} Insertion: {{c2::Anterior distal radius}} Nerve: {{c3::Median}} A…","Marty McFlyin's Ortho Deck::1) Netter's Concise Orthopaedic Anatomy::05 Forearm::05.11 Muscles","SnapOrtho::Anatomy::Forearm | SnapOrtho::Anatomy::Forearm::Osteology | SnapOrtho::Anatomy::Forearm::Osteology::Distal_Ulna | SnapOrtho::Anatomy::Forearm::Osteology::Radius | SnapOrtho::Anatomy::Forearm::Osteology::Ulna | SnapOrtho::Anatomy::Hand | SnapOrtho::Anatomy::Hand::Osteology | SnapOrtho::Anatomy::Hand::Osteology::Distal_Radius","","",""
"distal_radius_under_hand_osteology:544:999ab110-dd79-4351-8097-54cd2b88a9da","distal_radius_under_hand_osteology","999ab110-dd79-4351-8097-54cd2b88a9da","d6ab5fc5-ea02-4ca3-a4ca-a216af1dbd06","ICEjp`mFE","What are the (3) eponyms for a fracture of the distal radius with an associated DRUJ (distal radial ulnar joint) injury…","Marty McFlyin's Ortho Deck::2) Pocket Pimped::05 Forearm & Wrist::05.02 Trauma","SnapOrtho::Anatomy::Forearm | SnapOrtho::Anatomy::Forearm::Joints | SnapOrtho::Anatomy::Forearm::Joints::Distal_Radioulnar_Joint | SnapOrtho::Anatomy::Forearm::Osteology | SnapOrtho::Anatomy::Forearm::Osteology::Radius | SnapOrtho::Anatomy::Hand | SnapOrtho::Anatomy::Hand::Osteology | SnapOrtho::Anatomy::Hand::Osteology::Distal_Radius | SnapOrtho::Diagnosis::Galeazzi_Fracture | SnapOrtho::Specialty::Hand_Upper_Extremity | SnapOrtho::Specialty::Trauma","","",""
"distal_radius_under_hand_osteology:545:7e0e17b3-9165-472d-a055-4280623ff277","distal_radius_under_hand_osteology","7e0e17b3-9165-472d-a055-4280623ff277","2c716b34-4439-410e-9139-fae4087bde79","EKLv:l-MEh","{{c1::Ulnar impaction syndrome}} can occur following a distal radius fracture , when radial shortening leads to positiv…","Marty McFlyin's Ortho Deck::3) OrthoBullets::Trauma::Upper Extremity::Forearm::Distal Radial Ulnar Joint (DRUJ) Injuries","SnapOrtho::Anatomy::Hand | SnapOrtho::Anatomy::Hand::Osteology | SnapOrtho::Anatomy::Hand::Osteology::Distal_Radius | SnapOrtho::Diagnosis::Distal_Radius_Fracture | SnapOrtho::Specialty::Hand_Upper_Extremity | SnapOrtho::Specialty::Trauma","","",""
"distal_radius_under_hand_osteology:546:9e2fe91b-220e-4a85-8931-83736fdf5d42","distal_radius_under_hand_osteology","9e2fe91b-220e-4a85-8931-83736fdf5d42","b498fcaa-69ef-4e09-9a98-99a566ea804a","xTi@]-O]t)","Where in the body are Giant Cell Tumors most commonly found? {{c1::Epiphysis of distal femur and proximal tibia}}","Marty McFlyin's Ortho Deck::3) OrthoBullets::Pathology::Bone Tumors::Unknown Origin::Giant Cell Tumor","SnapOrtho::Anatomy::Forearm | SnapOrtho::Anatomy::Forearm::Osteology | SnapOrtho::Anatomy::Forearm::Osteology::Radius | SnapOrtho::Anatomy::Hand | SnapOrtho::Anatomy::Hand::Osteology | SnapOrtho::Anatomy::Hand::Osteology::Distal_Radius | SnapOrtho::Anatomy::Leg_Knee | SnapOrtho::Anatomy::Leg_Knee::Osteology | SnapOrtho::Anatomy::Leg_Knee::Osteology::Distal_Femur | SnapOrtho::Anatomy::Leg_Knee::Osteology::Tibia | SnapOrtho::Anatomy::Pelvis | SnapOrtho::Anatomy::Pelvis::Osteology | SnapOrtho::Anatomy::Pelvis::Osteology::Sacrum | SnapOrtho::Anatomy::Shoulder_Girdle | SnapOrtho::Anatomy::Shoulder_Girdle::Osteology | SnapOrtho::Anatomy::Shoulder_Girdle::Osteology::Proximal_Humerus | SnapOrtho::Anatomy::Thigh_Hip | SnapOrtho::Anatomy::Thigh_Hip::Osteology | SnapOrtho::Anatomy::Thigh_Hip::Osteology::Femur","","",""
"distal_radius_under_hand_osteology:547:dc3dd6f9-3f3d-4219-b66b-8fc2ec5cf54e","distal_radius_under_hand_osteology","dc3dd6f9-3f3d-4219-b66b-8fc2ec5cf54e","89c0cd41-8489-45c6-9ce9-02c6e4d71fd2","sX_^HUxyyR","{{c1::Distal radius}} and {{c1::scaphoid}} fractures commonly result from a FOOSH.","Marty McFlyin's Ortho Deck::1) Netter's Concise Orthopaedic Anatomy::05 Forearm::05.09 History","SnapOrtho::Anatomy::Forearm | SnapOrtho::Anatomy::Forearm::Osteology | SnapOrtho::Anatomy::Forearm::Osteology::Radius | SnapOrtho::Anatomy::Hand | SnapOrtho::Anatomy::Hand::Osteology | SnapOrtho::Anatomy::Hand::Osteology::Distal_Radius | SnapOrtho::Anatomy::Hand::Osteology::Scaphoid | SnapOrtho::Specialty::Hand_Upper_Extremity | SnapOrtho::Specialty::Trauma","","",""
"distal_radius_under_hand_osteology:548:76d85aee-2392-4867-bb19-ddb45cfd21c5","distal_radius_under_hand_osteology","76d85aee-2392-4867-bb19-ddb45cfd21c5","5eb7b56c-fe1f-4488-a335-590ebb34e208","Bh(-5@^/aX","What additional procedure should be done when performing a radioscapholunate fusion for posttraumatic arthrosis followi…","Marty McFlyin's Ortho Deck::3) OrthoBullets::Hand::Degenerative Conditions::Wrist Instability & Arthritis::Wrist Arthritis","SnapOrtho::Anatomy::Hand | SnapOrtho::Anatomy::Hand::Osteology | SnapOrtho::Anatomy::Hand::Osteology::Distal_Radius | SnapOrtho::Anatomy::Hand::Osteology::Scaphoid | SnapOrtho::Anatomy::Hand::Osteology::Triquetrum | SnapOrtho::Diagnosis::Distal_Radius_Fracture | SnapOrtho::Specialty::Hand_Upper_Extremity","","",""
"distal_radius_under_hand_osteology:549:b4ba8416-dfc6-44b3-8380-48ade1ea4225","distal_radius_under_hand_osteology","b4ba8416-dfc6-44b3-8380-48ade1ea4225","fe943d6f-b28f-474f-a240-cc9e2bbcbe30","ecNwM_<mY8","What is the most commonly used surgical approach to the distal radius ? {{c1::Volar Henry and its modifications (FCR ap…","Marty McFlyin's Ortho Deck::2) Pocket Pimped::05 Forearm & Wrist::05.01 General Anatomy","SnapOrtho::Anatomy::Hand | SnapOrtho::Anatomy::Hand::Osteology | SnapOrtho::Anatomy::Hand::Osteology::Distal_Radius | SnapOrtho::Specialty::Hand_Upper_Extremity | SnapOrtho::Treatment::Volar_Approach","","",""
"distal_radius_under_hand_osteology:550:3af27c1c-31c4-4d4c-a79a-1d7ce2245816","distal_radius_under_hand_osteology","3af27c1c-31c4-4d4c-a79a-1d7ce2245816","7fe96422-d019-4e09-b33a-cdc64124c20e","zzk$FqC|iN","What is the eponym for an apex volar extra-articular distal radius fracture ? {{c1::Colles' fracture}}","Marty McFlyin's Ortho Deck::2) Pocket Pimped::05 Forearm & Wrist::05.02 Trauma","SnapOrtho::Anatomy::Forearm | SnapOrtho::Anatomy::Forearm::Osteology | SnapOrtho::Anatomy::Forearm::Osteology::Radius | SnapOrtho::Anatomy::Hand | SnapOrtho::Anatomy::Hand::Osteology | SnapOrtho::Anatomy::Hand::Osteology::Distal_Radius | SnapOrtho::Diagnosis::Distal_Radius_Fracture | SnapOrtho::Specialty::Hand_Upper_Extremity | SnapOrtho::Specialty::Trauma","","",""
"distal_radius_under_hand_osteology:551:60e664fa-dffe-4290-89fd-dd83bd57a922","distal_radius_under_hand_osteology","60e664fa-dffe-4290-89fd-dd83bd57a922","1acabeaf-1dd1-41a6-a9a4-86db54d828c3","NYfVXNaQ>^","What is the eponym for an apex dorsal extra-articular distal radius fracture ? {{c1::Smith's fracture}}","Marty McFlyin's Ortho Deck::2) Pocket Pimped::05 Forearm & Wrist::05.02 Trauma","SnapOrtho::Anatomy::Forearm | SnapOrtho::Anatomy::Forearm::Osteology | SnapOrtho::Anatomy::Forearm::Osteology::Radius | SnapOrtho::Anatomy::Hand | SnapOrtho::Anatomy::Hand::Osteology | SnapOrtho::Anatomy::Hand::Osteology::Distal_Radius | SnapOrtho::Diagnosis::Distal_Radius_Fracture | SnapOrtho::Specialty::Trauma","","",""
"distal_radius_under_hand_osteology:552:ecf591d3-7346-4a2e-966d-350543c791db","distal_radius_under_hand_osteology","ecf591d3-7346-4a2e-966d-350543c791db","83c2f6c8-26d9-4387-8bc0-709a29ddc7d6","kst-8L}q.2","How much of the weight-bearing force is transmitted through the distal radius and ulna ? Distal radius: {{c1::80}}% Dis…","Marty McFlyin's Ortho Deck::2) Pocket Pimped::05 Forearm & Wrist::05.01 General Anatomy","SnapOrtho::Anatomy::Forearm | SnapOrtho::Anatomy::Forearm::Osteology | SnapOrtho::Anatomy::Forearm::Osteology::Distal_Ulna | SnapOrtho::Anatomy::Forearm::Osteology::Radius | SnapOrtho::Anatomy::Forearm::Osteology::Ulna | SnapOrtho::Anatomy::Hand | SnapOrtho::Anatomy::Hand::Osteology | SnapOrtho::Anatomy::Hand::Osteology::Distal_Radius | SnapOrtho::Specialty::Hand_Upper_Extremity","","",""
"distal_radius_under_hand_osteology:553:38047465-85fa-41ed-a220-0ab90b483ba3","distal_radius_under_hand_osteology","38047465-85fa-41ed-a220-0ab90b483ba3","1f315eb0-fa3a-4633-9b56-4dafd3f9e9eb","CY4)[z#s2A","What are the acceptable post-reduction parameters for treating a distal radius fracture nonoperatively ? Radial height:…","Marty McFlyin's Ortho Deck::2) Pocket Pimped::05 Forearm & Wrist::05.02 Trauma","SnapOrtho::Anatomy::Forearm | SnapOrtho::Anatomy::Forearm::Osteology | SnapOrtho::Anatomy::Forearm::Osteology::Radius | SnapOrtho::Anatomy::Hand | SnapOrtho::Anatomy::Hand::Osteology | SnapOrtho::Anatomy::Hand::Osteology::Distal_Radius | SnapOrtho::Diagnosis::Distal_Radius_Fracture | SnapOrtho::Specialty::Hand_Upper_Extremity | SnapOrtho::Specialty::Trauma","","",""
"distal_radius_under_hand_osteology:554:94c8135f-9c5f-4629-a0b3-789433486b8c","distal_radius_under_hand_osteology","94c8135f-9c5f-4629-a0b3-789433486b8c","9b39306e-7d7f-48e9-9d5c-e698e90a0258","px9h-BU<1}","What are the associated pathology with the following extensor tendon compartments of the wrist? 1: EPB-APL / {{c1::De Q…","Marty McFlyin's Ortho Deck::3) OrthoBullets::Hand::Hand Introduction::Anatomy::Extensor Tendon Compartments","SnapOrtho::Anatomy::Forearm | SnapOrtho::Anatomy::Forearm::Osteology | SnapOrtho::Anatomy::Forearm::Osteology::Radius | SnapOrtho::Anatomy::Hand | SnapOrtho::Anatomy::Hand::Osteology | SnapOrtho::Anatomy::Hand::Osteology::Distal_Radius | SnapOrtho::Diagnosis::Distal_Radius_Fracture | SnapOrtho::Specialty::Hand_Upper_Extremity | SnapOrtho::Specialty::Trauma","","",""
"distal_radius_under_hand_osteology:555:9e8133f3-7df0-48d4-8014-8c7f9312eccd","distal_radius_under_hand_osteology","9e8133f3-7df0-48d4-8014-8c7f9312eccd","901a5d08-a325-45b0-9f0b-1d138af99767","px9h-BU<1}","What are the associated pathology with the following extensor tendon compartments of the wrist? 1: EPB-APL / {{c1::De Q…","Marty McFlyin's Ortho Deck::3) OrthoBullets::Hand::Hand Introduction::Anatomy::Extensor Tendon Compartments","SnapOrtho::Anatomy::Forearm | SnapOrtho::Anatomy::Forearm::Osteology | SnapOrtho::Anatomy::Forearm::Osteology::Radius | SnapOrtho::Anatomy::Hand | SnapOrtho::Anatomy::Hand::Osteology | SnapOrtho::Anatomy::Hand::Osteology::Distal_Radius | SnapOrtho::Diagnosis::Distal_Radius_Fracture | SnapOrtho::Specialty::Hand_Upper_Extremity | SnapOrtho::Specialty::Trauma","","",""
"distal_radius_under_hand_osteology:556:a2f5dee1-a829-447c-a33d-4630cfdff1ee","distal_radius_under_hand_osteology","a2f5dee1-a829-447c-a33d-4630cfdff1ee","7e9551dd-8319-4dad-ae7d-01ab75db0e5e","tgvz~n/An/","Three (3) primary bony articulations of the distal radius : {{c1:: Scaphoid (via scaphoid fossa) Lunate (via lunate fos…","Marty McFlyin's Ortho Deck::3) OrthoBullets::Trauma::Upper Extremity::Forearm::Distal Radius","SnapOrtho::Anatomy::Forearm | SnapOrtho::Anatomy::Forearm::Osteology | SnapOrtho::Anatomy::Forearm::Osteology::Distal_Ulna | SnapOrtho::Anatomy::Forearm::Osteology::Radius | SnapOrtho::Anatomy::Forearm::Osteology::Ulna | SnapOrtho::Anatomy::Hand | SnapOrtho::Anatomy::Hand::Osteology | SnapOrtho::Anatomy::Hand::Osteology::Distal_Radius | SnapOrtho::Anatomy::Hand::Osteology::Lunate | SnapOrtho::Anatomy::Hand::Osteology::Scaphoid | SnapOrtho::Specialty::Hand_Upper_Extremity","","",""
"distal_radius_under_hand_osteology:557:9d015ad1-4b2a-4d2f-9f31-2f1fa290106a","distal_radius_under_hand_osteology","9d015ad1-4b2a-4d2f-9f31-2f1fa290106a","0137d347-498a-4e72-96b5-3491296a34fd","Ck)qOvU]~<","Osteoporosis is common in {{c1::cancellous::cancellous/cortical}} bone.","Marty McFlyin's Ortho Deck::1) Netter's Concise Orthopaedic Anatomy::01 Basic Science::01.01 Bones","SnapOrtho::Anatomy::Hand | SnapOrtho::Anatomy::Hand::Osteology | SnapOrtho::Anatomy::Hand::Osteology::Distal_Radius | SnapOrtho::Anatomy::Leg_Knee | SnapOrtho::Anatomy::Leg_Knee::Osteology | SnapOrtho::Anatomy::Leg_Knee::Osteology::Tibial_Plateau | SnapOrtho::Anatomy::Thigh_Hip | SnapOrtho::Anatomy::Thigh_Hip::Osteology | SnapOrtho::Anatomy::Thigh_Hip::Osteology::Femoral_Neck | SnapOrtho::Diagnosis::Tibial_Plateau_Fractures | SnapOrtho::Specialty::Metabolic_Bone","","",""
"distal_radius_under_hand_osteology:558:c22ee956-f133-4081-8886-f51945a798c2","distal_radius_under_hand_osteology","c22ee956-f133-4081-8886-f51945a798c2","71b76cc2-e9ae-45cf-b751-2dadf94f118d","px9h-BU<1}","What are the associated pathology with the following extensor tendon compartments of the wrist? 1: EPB-APL / {{c1::De Q…","Marty McFlyin's Ortho Deck::3) OrthoBullets::Hand::Hand Introduction::Anatomy::Extensor Tendon Compartments","SnapOrtho::Anatomy::Forearm | SnapOrtho::Anatomy::Forearm::Osteology | SnapOrtho::Anatomy::Forearm::Osteology::Radius | SnapOrtho::Anatomy::Hand | SnapOrtho::Anatomy::Hand::Osteology | SnapOrtho::Anatomy::Hand::Osteology::Distal_Radius | SnapOrtho::Diagnosis::Distal_Radius_Fracture | SnapOrtho::Specialty::Hand_Upper_Extremity | SnapOrtho::Specialty::Trauma","","",""
"distal_radius_under_hand_osteology:559:9ee50835-7eaf-42a4-acb1-684ec0c4b10a","distal_radius_under_hand_osteology","9ee50835-7eaf-42a4-acb1-684ec0c4b10a","7896d4c1-7c41-4712-bc26-3f7db1992d8f","Rd!,~Op!HN","Three (3) most common osteoporotic fractures : {{c1:: Vertebral body Peritrochanteric femur Distal radius }}","Marty McFlyin's Ortho Deck::3) OrthoBullets::Basic Science::Systemic Disease::Metabolic Bone Disease::Osteopenia & Osteoporosis","SnapOrtho::Anatomy::Forearm | SnapOrtho::Anatomy::Forearm::Osteology | SnapOrtho::Anatomy::Forearm::Osteology::Radius | SnapOrtho::Anatomy::Hand | SnapOrtho::Anatomy::Hand::Osteology | SnapOrtho::Anatomy::Hand::Osteology::Distal_Radius | SnapOrtho::Anatomy::Thigh_Hip | SnapOrtho::Anatomy::Thigh_Hip::Osteology | SnapOrtho::Anatomy::Thigh_Hip::Osteology::Femur | SnapOrtho::Specialty::Trauma","","",""
"distal_radius_under_hand_osteology:560:ca8c54bf-891c-4f6a-84af-78802982096b","distal_radius_under_hand_osteology","ca8c54bf-891c-4f6a-84af-78802982096b","e1573575-9107-4e5c-bc43-0be83a6b00dd","fNwzJKW?7/","Pronator Quadratus Origin: {{c1::Medial distal ulna}} Insertion: {{c2::Anterior distal radius}} Nerve: {{c3::Median}} A…","Marty McFlyin's Ortho Deck::1) Netter's Concise Orthopaedic Anatomy::05 Forearm::05.11 Muscles","SnapOrtho::Anatomy::Forearm | SnapOrtho::Anatomy::Forearm::Osteology | SnapOrtho::Anatomy::Forearm::Osteology::Distal_Ulna | SnapOrtho::Anatomy::Forearm::Osteology::Radius | SnapOrtho::Anatomy::Forearm::Osteology::Ulna | SnapOrtho::Anatomy::Hand | SnapOrtho::Anatomy::Hand::Osteology | SnapOrtho::Anatomy::Hand::Osteology::Distal_Radius","","",""
"distal_radius_under_hand_osteology:561:7120599f-d857-49d6-9b18-44f79493d299","distal_radius_under_hand_osteology","7120599f-d857-49d6-9b18-44f79493d299","9b0459e3-4337-438d-8a33-084779afe9b2","pSc4z(U.=[","What acute neuropathy may occur with a distal radius fracture ? {{c1::Acute carpal tunnel}}","Marty McFlyin's Ortho Deck::2) Pocket Pimped::05 Forearm & Wrist::05.02 Trauma","SnapOrtho::Anatomy::Forearm | SnapOrtho::Anatomy::Forearm::Osteology | SnapOrtho::Anatomy::Forearm::Osteology::Radius | SnapOrtho::Anatomy::Hand | SnapOrtho::Anatomy::Hand::Osteology | SnapOrtho::Anatomy::Hand::Osteology::Distal_Radius | SnapOrtho::Anatomy::Hand::Other | SnapOrtho::Anatomy::Hand::Other::Carpal_Tunnel | SnapOrtho::Diagnosis::Distal_Radius_Fracture | SnapOrtho::Specialty::Hand_Upper_Extremity | SnapOrtho::Specialty::Trauma","","",""
"distal_radius_under_hand_osteology:562:10f58874-3e0f-4825-b093-9a69ae8713fa","distal_radius_under_hand_osteology","10f58874-3e0f-4825-b093-9a69ae8713fa","d5d88106-5c54-40cb-8c4d-c32d69b90b9f","j|/Y+M!Kw$","What is the eponym for an intra-articular distal radius fracture with dislocation of the radiocarpal joint ? {{c1::Bart…","Marty McFlyin's Ortho Deck::2) Pocket Pimped::05 Forearm & Wrist::05.02 Trauma","SnapOrtho::Anatomy::Forearm | SnapOrtho::Anatomy::Forearm::Osteology | SnapOrtho::Anatomy::Forearm::Osteology::Radius | SnapOrtho::Anatomy::Hand | SnapOrtho::Anatomy::Hand::Osteology | SnapOrtho::Anatomy::Hand::Osteology::Distal_Radius | SnapOrtho::Diagnosis::Distal_Radius_Fracture | SnapOrtho::Specialty::Hand_Upper_Extremity | SnapOrtho::Specialty::Trauma","","",""
"distal_radius_under_hand_osteology:563:743d822d-8700-4b98-88be-5b2ce7478f4c","distal_radius_under_hand_osteology","743d822d-8700-4b98-88be-5b2ce7478f4c","465cf4f2-0618-47b5-b1b1-9f65dbe5738c","rf-1;LpDI5","Most common complication following volar plating of distal radius fracture : {{c1::Rupture of FPL}}","Marty McFlyin's Ortho Deck::3) OrthoBullets::Trauma::Upper Extremity::Forearm::Distal Radius","SnapOrtho::Anatomy::Forearm | SnapOrtho::Anatomy::Forearm::Osteology | SnapOrtho::Anatomy::Forearm::Osteology::Radius | SnapOrtho::Anatomy::Hand | SnapOrtho::Anatomy::Hand::Osteology | SnapOrtho::Anatomy::Hand::Osteology::Distal_Radius | SnapOrtho::Diagnosis::Distal_Radius_Fracture | SnapOrtho::Specialty::Hand_Upper_Extremity | SnapOrtho::Specialty::Trauma","","",""
"distal_radius_under_hand_osteology:564:e2849f7e-6fed-4371-809f-674ef7474623","distal_radius_under_hand_osteology","e2849f7e-6fed-4371-809f-674ef7474623","d0744359-647d-4f23-9efd-183703d1abba","P??ri56^Mc","Name the eponym: Depressed fracture of the lunate fossa of the articular surface of the distal radius. {{c1::Die-Punch…","Marty McFlyin's Ortho Deck::3) OrthoBullets::Trauma::Upper Extremity::Forearm::Distal Radius","SnapOrtho::Anatomy::Forearm | SnapOrtho::Anatomy::Forearm::Osteology | SnapOrtho::Anatomy::Forearm::Osteology::Radius | SnapOrtho::Anatomy::Hand | SnapOrtho::Anatomy::Hand::Osteology | SnapOrtho::Anatomy::Hand::Osteology::Distal_Radius | SnapOrtho::Anatomy::Hand::Osteology::Lunate | SnapOrtho::Specialty::Hand_Upper_Extremity | SnapOrtho::Specialty::Trauma","","",""
"distal_radius_under_hand_osteology:565:54d7c2c1-194d-43c6-8537-148ddcb58c96","distal_radius_under_hand_osteology","54d7c2c1-194d-43c6-8537-148ddcb58c96","d068c176-10f3-474d-9733-373c5afc8951","sm!x/y0F_,","Rupture of which tendon is most common following ORIF of the distal radius utilizing a volar approach ? {{c1::FPL}}","Marty McFlyin's Ortho Deck::2) Pocket Pimped::05 Forearm & Wrist::05.02 Trauma","SnapOrtho::Anatomy::Forearm | SnapOrtho::Anatomy::Forearm::Osteology | SnapOrtho::Anatomy::Forearm::Osteology::Radius | SnapOrtho::Anatomy::Hand | SnapOrtho::Anatomy::Hand::Osteology | SnapOrtho::Anatomy::Hand::Osteology::Distal_Radius | SnapOrtho::Specialty::Hand_Upper_Extremity | SnapOrtho::Treatment::Volar_Approach","","",""
"distal_radius_under_hand_osteology:566:a35496dd-a978-4ef4-ad11-6e34b598ca0e","distal_radius_under_hand_osteology","a35496dd-a978-4ef4-ad11-6e34b598ca0e","3784f7ac-a005-4ed0-a668-fdedbb6800c0","px9h-BU<1}","What are the associated pathology with the following extensor tendon compartments of the wrist? 1: EPB-APL / {{c1::De Q…","Marty McFlyin's Ortho Deck::3) OrthoBullets::Hand::Hand Introduction::Anatomy::Extensor Tendon Compartments","SnapOrtho::Anatomy::Forearm | SnapOrtho::Anatomy::Forearm::Osteology | SnapOrtho::Anatomy::Forearm::Osteology::Radius | SnapOrtho::Anatomy::Hand | SnapOrtho::Anatomy::Hand::Osteology | SnapOrtho::Anatomy::Hand::Osteology::Distal_Radius | SnapOrtho::Diagnosis::Distal_Radius_Fracture | SnapOrtho::Specialty::Hand_Upper_Extremity | SnapOrtho::Specialty::Trauma","","",""
"distal_radius_under_hand_osteology:567:f62158a2-3133-4dae-acb1-890684d5c9aa","distal_radius_under_hand_osteology","f62158a2-3133-4dae-acb1-890684d5c9aa","8a62ef55-2c96-4f39-8af0-808c0d7a4db8","vNTj~6mjW)","Two (2) indications for CT following distal radius fracture : {{c1:: Suspected articular involvement Surgical planning…","Marty McFlyin's Ortho Deck::3) OrthoBullets::Trauma::Upper Extremity::Forearm::Distal Radius","SnapOrtho::Anatomy::Forearm | SnapOrtho::Anatomy::Forearm::Osteology | SnapOrtho::Anatomy::Forearm::Osteology::Radius | SnapOrtho::Anatomy::Hand | SnapOrtho::Anatomy::Hand::Osteology | SnapOrtho::Anatomy::Hand::Osteology::Distal_Radius | SnapOrtho::Diagnosis::Distal_Radius_Fracture | SnapOrtho::Specialty::Hand_Upper_Extremity | SnapOrtho::Specialty::Trauma","","",""
"distal_radius_under_hand_osteology:568:4c7dd643-3ee4-4ade-a9a0-db0a3dca38a8","distal_radius_under_hand_osteology","4c7dd643-3ee4-4ade-a9a0-db0a3dca38a8","76fb83bc-3e68-4d7b-a803-1317b5a3f155","sM-MG){#L+","What part of body is the La Fontaine's criteria? {{c1::Distal radius}}","Marty McFlyin's Ortho Deck::Alex","SnapOrtho::Anatomy::Forearm | SnapOrtho::Anatomy::Forearm::Osteology | SnapOrtho::Anatomy::Forearm::Osteology::Radius | SnapOrtho::Anatomy::Hand | SnapOrtho::Anatomy::Hand::Osteology | SnapOrtho::Anatomy::Hand::Osteology::Distal_Radius | SnapOrtho::Specialty::Hand_Upper_Extremity","","",""
"distal_radius_under_hand_osteology:569:60605720-c8b6-48df-8f8b-c531b9385180","distal_radius_under_hand_osteology","60605720-c8b6-48df-8f8b-c531b9385180","90750015-d16e-4b83-ab45-c4d2a12425bf","btAT|[97f-","What distal radius parameter cannot reliably be restored with utilization of a wrist spanning external fixator ? {{c1::…","Marty McFlyin's Ortho Deck::2) Pocket Pimped::05 Forearm & Wrist::05.02 Trauma","SnapOrtho::Anatomy::Hand | SnapOrtho::Anatomy::Hand::Osteology | SnapOrtho::Anatomy::Hand::Osteology::Distal_Radius | SnapOrtho::Specialty::Hand_Upper_Extremity","","",""
"medial_meniscus_classed_as_ligament:570:42615830-c926-4e43-a56f-6e6477db9f2d","medial_meniscus_classed_as_ligament","42615830-c926-4e43-a56f-6e6477db9f2d","e333edd0-c2b2-436c-bf5c-4d1af2b1ed47","h5?-KGF8`H","When performing McMurray's test to evaluate for meniscal pathology, varus and internal rotation of the tibia stresses t…","Marty McFlyin's Ortho Deck::3) OrthoBullets::Knee & Sports::Knee::Knee Evaluation in the Athlete::History and Physical Exam of the Knee","SnapOrtho::Anatomy::Leg_Knee | SnapOrtho::Anatomy::Leg_Knee::Joints | SnapOrtho::Anatomy::Leg_Knee::Joints::Lateral_Meniscus | SnapOrtho::Anatomy::Leg_Knee::Ligaments | SnapOrtho::Anatomy::Leg_Knee::Ligaments::Medial_Meniscus | SnapOrtho::Anatomy::Leg_Knee::Osteology | SnapOrtho::Anatomy::Leg_Knee::Osteology::Tibia | SnapOrtho::Specialty::Sports_Medicine","","",""
"medial_meniscus_classed_as_ligament:571:204cfe5a-db21-4ce0-8307-2a3abd39a676","medial_meniscus_classed_as_ligament","204cfe5a-db21-4ce0-8307-2a3abd39a676","53f9d16e-4094-462c-b0d7-d2b011d073cd","jM*Vjh-SP2","When removing the medial meniscus , what structure may be injured with too deep of a resection ? {{c1::Superficial MCL}}","Marty McFlyin's Ortho Deck::2) Pocket Pimped::11 Knee::06.01 General Anatomy","SnapOrtho::Anatomy::Leg_Knee | SnapOrtho::Anatomy::Leg_Knee::Ligaments | SnapOrtho::Anatomy::Leg_Knee::Ligaments::Medial_Meniscus | SnapOrtho::Specialty::Sports_Medicine","","",""
"medial_meniscus_classed_as_ligament:572:7968d6b0-d702-43b1-8f19-ca148ac1b9dd","medial_meniscus_classed_as_ligament","7968d6b0-d702-43b1-8f19-ca148ac1b9dd","4a0c422b-148e-4c5c-a5dd-cf60c1520076","OoW9!OdAiq","Which condition is this? {{c1::Terrible triad (torn MCL, ACL, and medial meniscus)}}","Marty McFlyin's Ortho Deck::1) Netter's Concise Orthopaedic Anatomy::09 Leg/Knee::09.13 Disorders","SnapOrtho::Anatomy::Leg_Knee | SnapOrtho::Anatomy::Leg_Knee::Ligaments | SnapOrtho::Anatomy::Leg_Knee::Ligaments::Medial_Meniscus | SnapOrtho::Specialty::Sports_Medicine","","",""
"medial_meniscus_classed_as_ligament:573:b0734bc1-df5b-4394-b6df-d85fab8073db","medial_meniscus_classed_as_ligament","b0734bc1-df5b-4394-b6df-d85fab8073db","ec39995e-a4cd-4039-a96f-74da6ce04342","d}bJV^W`Nh","Which meniscus is ""C-shaped"" and which is circular ? {{c1:: Medial meniscus - C shaped Lateral meniscus - circular }}","Marty McFlyin's Ortho Deck::2) Pocket Pimped::11 Knee::06.01 General Anatomy","SnapOrtho::Anatomy::Leg_Knee | SnapOrtho::Anatomy::Leg_Knee::Joints | SnapOrtho::Anatomy::Leg_Knee::Joints::Lateral_Meniscus | SnapOrtho::Anatomy::Leg_Knee::Ligaments | SnapOrtho::Anatomy::Leg_Knee::Ligaments::Medial_Meniscus | SnapOrtho::Specialty::Sports_Medicine","","",""
"medial_meniscus_classed_as_ligament:574:abd8f211-aa5d-4805-b19b-481cc7a4e24d","medial_meniscus_classed_as_ligament","abd8f211-aa5d-4805-b19b-481cc7a4e24d","0c5062e3-60f0-470d-b67e-25e700a56379","vDvbAZXHI=","The {{c1::medial::medial/lateral}} meniscus has more mobility than the {{c1::lateral::medial/lateral}} meniscus because…","Marty McFlyin's Ortho Deck::3) OrthoBullets::Knee & Sports::Knee::Meniscal Injuries::Meniscus","SnapOrtho::Anatomy::Leg_Knee | SnapOrtho::Anatomy::Leg_Knee::Joints | SnapOrtho::Anatomy::Leg_Knee::Joints::Lateral_Meniscus | SnapOrtho::Anatomy::Leg_Knee::Ligaments | SnapOrtho::Anatomy::Leg_Knee::Ligaments::Medial_Meniscus | SnapOrtho::Specialty::Sports_Medicine","","",""
"medial_meniscus_classed_as_ligament:575:22be44ae-e1c0-4c69-a14c-d94cfc2325c8","medial_meniscus_classed_as_ligament","22be44ae-e1c0-4c69-a14c-d94cfc2325c8","9e5b31ee-b148-4cf8-a216-f002d4220c4e","qbOs}eUF!5","What is the primary restraint to anterior translation in an ACL-deficient knee ? {{c1::Posterior horn of the medial men…","Marty McFlyin's Ortho Deck::2) Pocket Pimped::11 Knee::06.01 General Anatomy","SnapOrtho::Anatomy::Leg_Knee | SnapOrtho::Anatomy::Leg_Knee::Ligaments | SnapOrtho::Anatomy::Leg_Knee::Ligaments::Medial_Meniscus | SnapOrtho::Specialty::Sports_Medicine","","",""
"medial_meniscus_classed_as_ligament:576:4da1da69-f775-4d34-a086-0a2c73c7db07","medial_meniscus_classed_as_ligament","4da1da69-f775-4d34-a086-0a2c73c7db07","f14041b4-f70c-48c2-9959-c678c140e1ce","I}/PTUxe4H","The {{c1::medial::lateral/medial}} meniscus is C-shaped. The {{c1::lateral::lateral/medial}} meniscus is circular.","Marty McFlyin's Ortho Deck::1) Netter's Concise Orthopaedic Anatomy::09 Leg/Knee::09.05 Joints","SnapOrtho::Anatomy::Leg_Knee | SnapOrtho::Anatomy::Leg_Knee::Joints | SnapOrtho::Anatomy::Leg_Knee::Joints::Lateral_Meniscus | SnapOrtho::Anatomy::Leg_Knee::Ligaments | SnapOrtho::Anatomy::Leg_Knee::Ligaments::Medial_Meniscus | SnapOrtho::Specialty::Sports_Medicine","","",""
"medial_meniscus_classed_as_ligament:577:9fde4cd1-ea3e-4137-bd48-b5f890eee451","medial_meniscus_classed_as_ligament","9fde4cd1-ea3e-4137-bd48-b5f890eee451","2915c99c-a4ff-4bb6-9e60-97ff886c87ee","gybw.V-(sn","ACL intact knees: cartilage wear will be {{c1::anterior-medial}} most commonly. ACL deficient knees: cartilage wear wil…","Marty McFlyin's Ortho Deck::4) Hip and Knee Book::Knee Chapters::Basic Concepts of TKA::Native Knee Kinematics","SnapOrtho::Anatomy::Leg_Knee | SnapOrtho::Anatomy::Leg_Knee::Ligaments | SnapOrtho::Anatomy::Leg_Knee::Ligaments::Medial_Meniscus | SnapOrtho::Specialty::Sports_Medicine","","",""
"calcar_under_general_anatomy:578:7e093667-c42e-4104-ba9a-5972073611d8","calcar_under_general_anatomy","7e093667-c42e-4104-ba9a-5972073611d8","5773d397-6510-46ff-b2cb-564da3f8a8bf","Ht0MbBBS-%","If an intertrochanteric fracture is stable, you can use a {{c1::DHS (dynamic hip screw)}} or {{c1::Cephalomedullary nai…","Marty McFlyin's Ortho Deck::3) OrthoBullets::Trauma::Lower Extremity::Proximal Femur::Intertrochanteric Fractures","SnapOrtho::Anatomy::General | SnapOrtho::Anatomy::General::Osteology | SnapOrtho::Anatomy::General::Osteology::Calcar | SnapOrtho::Diagnosis::Intertrochanteric_Fracture | SnapOrtho::Specialty::Trauma | SnapOrtho::Treatment::Cephalomedullary_Nail | SnapOrtho::Treatment::Sliding_Hip_Screw","","",""
"calcar_under_general_anatomy:579:8989ce86-bf1a-4655-a83e-cede0a3d76e5","calcar_under_general_anatomy","8989ce86-bf1a-4655-a83e-cede0a3d76e5","094a264e-ca71-4d32-837a-2ae0dddf2ba2","N]0PC}KeMV","What fracture characteristic is a good prognostic indicator for maintaining proximal humerus vascularity ? {{c1::≥8mm o…","Marty McFlyin's Ortho Deck::2) Pocket Pimped::02 Shoulder Girdle::02.02 Trauma::Proximal Humerus","SnapOrtho::Anatomy::General | SnapOrtho::Anatomy::General::Osteology | SnapOrtho::Anatomy::General::Osteology::Calcar | SnapOrtho::Anatomy::Shoulder_Girdle | SnapOrtho::Anatomy::Shoulder_Girdle::Osteology | SnapOrtho::Anatomy::Shoulder_Girdle::Osteology::Proximal_Humerus | SnapOrtho::Specialty::Shoulder_Elbow | SnapOrtho::Specialty::Trauma","","",""
"calcar_under_general_anatomy:580:4dce3946-b39d-4c7e-923d-002b988f7868","calcar_under_general_anatomy","4dce3946-b39d-4c7e-923d-002b988f7868","286f6cf8-a40b-4ae8-9d40-edfe9dceb60d","Gj@Caq45a/","During insertion of a cementless femoral stem, a nondisplaced fracture is noticed along the femoral calcar. Which of th…","Marty McFlyin's Ortho Deck::3) OrthoBullets::Recon::Hip Reconstruction::THA Acute Complications::THA Periprosthetic Fracture","SnapOrtho::Anatomy::General | SnapOrtho::Anatomy::General::Osteology | SnapOrtho::Anatomy::General::Osteology::Calcar | SnapOrtho::Specialty::Trauma | SnapOrtho::Treatment::Cerclage_Wire | SnapOrtho::Treatment::Femoral_Stem","","",""
"calcar_under_general_anatomy:581:1fab59ac-752d-4ead-858c-ecb70d392991","calcar_under_general_anatomy","1fab59ac-752d-4ead-858c-ecb70d392991","4a9afd8c-e5dc-43ce-aa0c-4a90c18ed19a","Rid&S5m[S&","Following proximal humerus fracture , the vascularity of the articular segment is more likely to be preserved if ≥ {{c1…","Marty McFlyin's Ortho Deck::3) OrthoBullets::Trauma::Upper Extremity::Humerus::Proximal Humerus Fracture","SnapOrtho::Anatomy::General | SnapOrtho::Anatomy::General::Osteology | SnapOrtho::Anatomy::General::Osteology::Calcar | SnapOrtho::Anatomy::Shoulder_Girdle | SnapOrtho::Anatomy::Shoulder_Girdle::Osteology | SnapOrtho::Anatomy::Shoulder_Girdle::Osteology::Proximal_Humerus | SnapOrtho::Diagnosis::Proximal_Humerus_Fracture | SnapOrtho::Specialty::Shoulder_Elbow | SnapOrtho::Specialty::Trauma","","",""
"calcar_under_general_anatomy:582:5d1b1d6c-06c9-40ba-afb4-dd564b3becbc","calcar_under_general_anatomy","5d1b1d6c-06c9-40ba-afb4-dd564b3becbc","34a4d328-1b04-4023-a1ca-9341b8aa29cd","y(SO/FdxXS","What radiographic factors demonstrate a well-fixed femoral component following THA ? 1) {{c1::Stress shielding around t…","Marty McFlyin's Ortho Deck::2) Pocket Pimped::09 Hip::09.04 Reconstruction::Total Hip Arthroplasty (THA)","SnapOrtho::Anatomy::General | SnapOrtho::Anatomy::General::Osteology | SnapOrtho::Anatomy::General::Osteology::Calcar | SnapOrtho::Anatomy::Thigh_Hip | SnapOrtho::Anatomy::Thigh_Hip::Osteology | SnapOrtho::Anatomy::Thigh_Hip::Osteology::Femur | SnapOrtho::Anatomy::Thigh_Hip::Osteology::Proximal_Femur | SnapOrtho::Specialty::Adult_Reconstruction | SnapOrtho::Treatment::Femoral_Component","","",""
"calcar_under_general_anatomy:583:7fce4d80-9a91-4187-bd23-4219ab138e34","calcar_under_general_anatomy","7fce4d80-9a91-4187-bd23-4219ab138e34","acab914d-0407-4d63-a4d1-a0ceaab9b8e3","pQ(CGgt?38","What makes an IT fracture unstable? 1) {{c1::Reverse obliquity}} 2) {{c1::Fracture extension into the subtrochanteric r…","Marty McFlyin's Ortho Deck::2) Pocket Pimped::09 Hip::09.02 Trauma::Intertrochanteric Fractures","SnapOrtho::Anatomy::General | SnapOrtho::Anatomy::General::Osteology | SnapOrtho::Anatomy::General::Osteology::Calcar | SnapOrtho::Specialty::Trauma","","",""
"calcar_under_general_anatomy:584:fd05f780-ad86-4e42-93e8-a49c905f5d2e","calcar_under_general_anatomy","fd05f780-ad86-4e42-93e8-a49c905f5d2e","cc0a2af8-c108-41d0-9eeb-1802ee32c45b","IEec3)-XBS","In which order are the screws placed when utilizing an inverted triangle configuration ? 1) {{c1::Inferiorly along the…","Marty McFlyin's Ortho Deck::2) Pocket Pimped::09 Hip::09.02 Trauma::Femoral Head & Neck","SnapOrtho::Anatomy::General | SnapOrtho::Anatomy::General::Osteology | SnapOrtho::Anatomy::General::Osteology::Calcar","","",""
"pelvis_repeated_as_child_of_pelvis:585:50098dfa-8a68-4731-a789-f3fa82f1074b","pelvis_repeated_as_child_of_pelvis","50098dfa-8a68-4731-a789-f3fa82f1074b","8d5b9c09-f33e-4f66-9eb9-7e29fd1ad1eb","Iogt`g{8X-","What are the indications for the following treatments of chondrosarcomas ? Intra-lesional curettage: {{c1::grade 1 in e…","Marty McFlyin's Ortho Deck::3) OrthoBullets::Pathology::Bone Tumors::Chondrogenic Tumors::Chondrosarcoma","SnapOrtho::Anatomy::Pelvis | SnapOrtho::Anatomy::Pelvis::Osteology | SnapOrtho::Anatomy::Pelvis::Osteology::Pelvis","","",""
"pelvis_repeated_as_child_of_pelvis:586:ab908b76-7c4d-4ca9-85b7-19d210abda65","pelvis_repeated_as_child_of_pelvis","ab908b76-7c4d-4ca9-85b7-19d210abda65","04b46fb8-404a-403f-8c13-370552f7f994","N4yy$i1tSf","{{c1::Degree of displacement seen on postoperative CT}} has been shown to most closely correlate with outcomes followin…","Marty McFlyin's Ortho Deck::3) OrthoBullets::Trauma::Pelvis Trauma::Acetabulum::Acetabular Fractures","SnapOrtho::Anatomy::Pelvis | SnapOrtho::Anatomy::Pelvis::Osteology | SnapOrtho::Anatomy::Pelvis::Osteology::Pelvis | SnapOrtho::Specialty::Trauma","","",""
"pelvis_repeated_as_child_of_pelvis:587:d5029f9e-15a0-462f-af32-db6e6fe11c8a","pelvis_repeated_as_child_of_pelvis","d5029f9e-15a0-462f-af32-db6e6fe11c8a","6a40ae52-b05e-4c07-8e2a-417363661069","I<0$UNUP83","Classifying proximal femur fractures is easier if the patient is placed in {{c1::traction}} with {{c1::internal rotatio…","Marty McFlyin's Ortho Deck::3) OrthoBullets::Trauma::Lower Extremity::Proximal Femur::Femoral Neck Fractures","SnapOrtho::Anatomy::Pelvis | SnapOrtho::Anatomy::Pelvis::Osteology | SnapOrtho::Anatomy::Pelvis::Osteology::Pelvis | SnapOrtho::Anatomy::Thigh_Hip | SnapOrtho::Anatomy::Thigh_Hip::Osteology | SnapOrtho::Anatomy::Thigh_Hip::Osteology::Femoral_Neck | SnapOrtho::Anatomy::Thigh_Hip::Osteology::Femur | SnapOrtho::Anatomy::Thigh_Hip::Osteology::Proximal_Femur | SnapOrtho::Diagnosis::Femoral_Neck_Fractures | SnapOrtho::Diagnosis::Intertrochanteric_Fractures | SnapOrtho::Specialty::Trauma","","",""
"pelvis_repeated_as_child_of_pelvis:588:aa873d6c-1725-41bc-9480-7f10f3977810","pelvis_repeated_as_child_of_pelvis","aa873d6c-1725-41bc-9480-7f10f3977810","2e18a500-d33e-45a1-ba17-0de89805324f","t(_*uG7^%1","What are the 6 radiographic lines of the pelvis ? 1) {{c1::Iliopubic line}} 2) {{c1::Ilioischial line}} 3) {{c1::Acetab…","Marty McFlyin's Ortho Deck::2) Pocket Pimped::01 The Basics::01.01 X-rays::Pelvis","SnapOrtho::Anatomy::Pelvis | SnapOrtho::Anatomy::Pelvis::Osteology | SnapOrtho::Anatomy::Pelvis::Osteology::Pelvis","","",""
"pelvis_repeated_as_child_of_pelvis:589:a1973fac-e022-4508-a5a0-f7d2387b84e0","pelvis_repeated_as_child_of_pelvis","a1973fac-e022-4508-a5a0-f7d2387b84e0","a879fcf2-2ec2-4e11-9f97-145c11718303","Q|3}8p%UqD","Which surgical approach to the pelvis is shown below? {{c1::Ilioinguinal}}","Marty McFlyin's Ortho Deck::1) Netter's Concise Orthopaedic Anatomy::07 Pelvis::07.13 Surgical Approaches","SnapOrtho::Anatomy::Pelvis | SnapOrtho::Anatomy::Pelvis::Osteology | SnapOrtho::Anatomy::Pelvis::Osteology::Pelvis","","",""
"pelvis_repeated_as_child_of_pelvis:590:93685cfa-a8d4-44f9-b1b2-dbe06794f56f","pelvis_repeated_as_child_of_pelvis","93685cfa-a8d4-44f9-b1b2-dbe06794f56f","56a67a1a-b546-44a4-85c0-29e494817423","C3/Sq_9fB8","Which tumor is most likely give the following presentation? Patient age > 40 Painful mass Malignancy in pelvis/proximal…","Marty McFlyin's Ortho Deck::3) OrthoBullets::Pathology::Bone Tumors::Chondrogenic Tumors::Chondrosarcoma","SnapOrtho::Anatomy::Pelvis | SnapOrtho::Anatomy::Pelvis::Osteology | SnapOrtho::Anatomy::Pelvis::Osteology::Pelvis | SnapOrtho::Anatomy::Thigh_Hip | SnapOrtho::Anatomy::Thigh_Hip::Osteology | SnapOrtho::Anatomy::Thigh_Hip::Osteology::Femur | SnapOrtho::Anatomy::Thigh_Hip::Osteology::Proximal_Femur | SnapOrtho::Diagnosis::Chondrosarcoma | SnapOrtho::Specialty::Orthopedic_Oncology","","",""
"pelvis_repeated_as_child_of_pelvis:591:65bcd23d-ff4c-41b0-992a-e44061a0b21c","pelvis_repeated_as_child_of_pelvis","65bcd23d-ff4c-41b0-992a-e44061a0b21c","eb673678-d60f-4bc4-aca3-1ffe9d7943ef","ym=;CY#gd&","Avulsions from pelvis ASIS: {{c1::sartorius::muscle?}} AIIS: {{c1::rectus femoris::muscle?}} Ischial tuberosity: {{c1::…","Marty McFlyin's Ortho Deck::1) Netter's Concise Orthopaedic Anatomy::07 Pelvis::07.04 Trauma","SnapOrtho::Anatomy::Pelvis | SnapOrtho::Anatomy::Pelvis::Osteology | SnapOrtho::Anatomy::Pelvis::Osteology::Pelvis","","",""
"pelvis_repeated_as_child_of_pelvis:592:afe97cab-1ac4-4e75-9734-76c472e5e816","pelvis_repeated_as_child_of_pelvis","afe97cab-1ac4-4e75-9734-76c472e5e816","cdfea043-b6f9-4adb-a5ef-edd78fa9faf0","z5c)j{tGB*","Forceful blow to side of pelvis: {{c1::lateral compression}} injury Forceful impact to the front of pelvis: {{c1::anter…","Marty McFlyin's Ortho Deck::1) Netter's Concise Orthopaedic Anatomy::07 Pelvis::07.06 History","SnapOrtho::Anatomy::Pelvis | SnapOrtho::Anatomy::Pelvis::Osteology | SnapOrtho::Anatomy::Pelvis::Osteology::Pelvis","","",""
"pelvis_repeated_as_child_of_pelvis:593:eef47829-898c-4f80-a1f2-fec56318a679","pelvis_repeated_as_child_of_pelvis","eef47829-898c-4f80-a1f2-fec56318a679","4d05f55f-57c4-4f4d-bde8-53cc7ef62de1","Qw{i<2QQeY","What are the three (3) subtypes of pelvic ring fractures according to the Young-Burgess Classification ? {{c1:: APC (An…","Marty McFlyin's Ortho Deck::2) Pocket Pimped::08 Pelvis::08.02 Trauma::Pelvic Ring","SnapOrtho::Anatomy::Pelvis | SnapOrtho::Anatomy::Pelvis::Joints | SnapOrtho::Anatomy::Pelvis::Joints::Pubic_Symphysis | SnapOrtho::Anatomy::Pelvis::Osteology | SnapOrtho::Anatomy::Pelvis::Osteology::Iliac_Wing | SnapOrtho::Anatomy::Pelvis::Osteology::Pelvis | SnapOrtho::Diagnosis::Pelvic_Ring_Fractures | SnapOrtho::Specialty::Trauma","","",""
"pelvis_repeated_as_child_of_pelvis:594:d4646828-b5cd-4901-afd7-ee1b82f814dd","pelvis_repeated_as_child_of_pelvis","d4646828-b5cd-4901-afd7-ee1b82f814dd","d629018c-cc5e-4ac5-9471-53cfe29fe2e0","Jxt4hgh]!;","What part of the body is the Young-Burgess classification? {{c1::Pelvis (Sacrum/Rami)}}","Marty McFlyin's Ortho Deck::Alex","SnapOrtho::Anatomy::Pelvis | SnapOrtho::Anatomy::Pelvis::Osteology | SnapOrtho::Anatomy::Pelvis::Osteology::Pelvis | SnapOrtho::Anatomy::Pelvis::Osteology::Sacrum","","",""
"pelvis_repeated_as_child_of_pelvis:595:93fc0a8b-8d3e-4ee0-9146-1706faaedcf6","pelvis_repeated_as_child_of_pelvis","93fc0a8b-8d3e-4ee0-9146-1706faaedcf6","9d8ef5f7-84df-4d56-a2a2-eed4f3670d21","q^=g`xhD?#","What are the (3) structures of the anterior column of the pelvis ? {{c1::Anterior wall Superior pubic ramus Ilium}}","Marty McFlyin's Ortho Deck::2) Pocket Pimped::09 Hip::09.01 General Anatomy","SnapOrtho::Anatomy::Pelvis | SnapOrtho::Anatomy::Pelvis::Osteology | SnapOrtho::Anatomy::Pelvis::Osteology::Pelvis","","",""
"pelvis_repeated_as_child_of_pelvis:596:dcd9dfdd-28b9-404f-b495-6cad3d45a1c3","pelvis_repeated_as_child_of_pelvis","dcd9dfdd-28b9-404f-b495-6cad3d45a1c3","8c85d5bc-3b16-40ef-a465-2b0a69097862","LKzqmhr5o5","Young & Burgess Classification of Pelvic Fractures Anterior Pelvis Compression I. {{c1::<2.5 cm pubic diastasis + pubic…","Marty McFlyin's Ortho Deck::1) Netter's Concise Orthopaedic Anatomy::07 Pelvis::07.04 Trauma","SnapOrtho::Anatomy::Pelvis | SnapOrtho::Anatomy::Pelvis::Osteology | SnapOrtho::Anatomy::Pelvis::Osteology::Pelvis","","",""
"pelvis_repeated_as_child_of_pelvis:597:2bd4a1d9-5f69-41df-95d0-205d37fc6374","pelvis_repeated_as_child_of_pelvis","2bd4a1d9-5f69-41df-95d0-205d37fc6374","ebca5e9b-767d-426f-bf5a-c25fb3301c54","At*&00WUKB","What is the difference between a cross table lateral and a frog leg lateral x-ray? Cross table: {{c1::Lateral of femur,…","Marty McFlyin's Ortho Deck::2) Pocket Pimped::01 The Basics::01.01 X-rays::Lower Extremity","SnapOrtho::Anatomy::Pelvis | SnapOrtho::Anatomy::Pelvis::Osteology | SnapOrtho::Anatomy::Pelvis::Osteology::Pelvis | SnapOrtho::Anatomy::Thigh_Hip | SnapOrtho::Anatomy::Thigh_Hip::Osteology | SnapOrtho::Anatomy::Thigh_Hip::Osteology::Femur","","",""
"pelvis_repeated_as_child_of_pelvis:598:ae49e828-0e96-4a0f-aec2-d51b572f09d7","pelvis_repeated_as_child_of_pelvis","ae49e828-0e96-4a0f-aec2-d51b572f09d7","0e340a3a-efe0-4b26-aa03-2ca409ae6c90","H.QA]Uq+5+","In patients with scapular fractures , what other fracture is most commonly observed ? {{c1::Rib fracture}}","Marty McFlyin's Ortho Deck::3) OrthoBullets::Trauma::Upper Extremity::Shoulder::Scapula Fractures","SnapOrtho::Anatomy::Pelvis | SnapOrtho::Anatomy::Pelvis::Osteology | SnapOrtho::Anatomy::Pelvis::Osteology::Pelvis | SnapOrtho::Anatomy::Shoulder_Girdle | SnapOrtho::Anatomy::Shoulder_Girdle::Osteology | SnapOrtho::Anatomy::Shoulder_Girdle::Osteology::Clavicle | SnapOrtho::Specialty::Trauma","","",""
"pelvis_repeated_as_child_of_pelvis:599:e2bdcf68-d829-463c-a894-e4f03892a177","pelvis_repeated_as_child_of_pelvis","e2bdcf68-d829-463c-a894-e4f03892a177","3a84e2ac-7a79-473b-be2f-28f8ad860c2a","I[oO4ae/[=","What radiographs (2) should be obtained for stable SCFEs ? {{c1::AP pelvis, Frog leg}}","Marty McFlyin's Ortho Deck::2) Pocket Pimped::14 Pediatrics::14.05 Lower Extremity::Slipped Capital Femoral Epiphysis (SCFE)","SnapOrtho::Anatomy::Pelvis | SnapOrtho::Anatomy::Pelvis::Osteology | SnapOrtho::Anatomy::Pelvis::Osteology::Pelvis | SnapOrtho::Specialty::Pediatric_Orthopedics","","",""
"pelvis_repeated_as_child_of_pelvis:600:55eb8077-d8d3-48dc-b7ce-3d8278149e09","pelvis_repeated_as_child_of_pelvis","55eb8077-d8d3-48dc-b7ce-3d8278149e09","9cd50e26-77fa-4265-a525-a4c851cce7dc","v0HyM=sE9F","The inlet view of the pelvis evaluated for displacement in which 2 planes ? {{c1::AP & Rotation}}","Marty McFlyin's Ortho Deck::2) Pocket Pimped::01 The Basics::01.01 X-rays::Pelvis","SnapOrtho::Anatomy::Pelvis | SnapOrtho::Anatomy::Pelvis::Osteology | SnapOrtho::Anatomy::Pelvis::Osteology::Pelvis","","",""
"pelvis_repeated_as_child_of_pelvis:601:c71b2154-b7bd-4477-95e2-f37b5aaa4700","pelvis_repeated_as_child_of_pelvis","c71b2154-b7bd-4477-95e2-f37b5aaa4700","799fbc4b-7558-4851-a04b-225fbf74f309","HA`w:NvNUQ","{{c1::Batson's vertebral plexus}} allows for tumor to metastasize from organs to axial structures including the vertebr…","Marty McFlyin's Ortho Deck::3) OrthoBullets::Pathology::Bone Tumors::Metastatic Disease::Metastatic Disease of the Spine","SnapOrtho::Anatomy::Pelvis | SnapOrtho::Anatomy::Pelvis::Osteology | SnapOrtho::Anatomy::Pelvis::Osteology::Pelvis | SnapOrtho::Specialty::Orthopedic_Oncology","","",""
"pelvis_repeated_as_child_of_pelvis:602:45ac92a1-8193-4cb8-aded-5c3f99403f3c","pelvis_repeated_as_child_of_pelvis","45ac92a1-8193-4cb8-aded-5c3f99403f3c","16acec09-51d0-4c10-9962-dec93797ed19","h+[f=im<!*","When evaluating an AP pelvis radiograph , following THA where should the acetabular cup be positioned relative to the r…","Marty McFlyin's Ortho Deck::2) Pocket Pimped::09 Hip::09.04 Reconstruction::Total Hip Arthroplasty (THA)","SnapOrtho::Anatomy::Pelvis | SnapOrtho::Anatomy::Pelvis::Osteology | SnapOrtho::Anatomy::Pelvis::Osteology::Pelvis | SnapOrtho::Specialty::Adult_Reconstruction","","",""
"pelvis_repeated_as_child_of_pelvis:603:dcdc118e-c913-474e-ace8-5aa3a874c51a","pelvis_repeated_as_child_of_pelvis","dcdc118e-c913-474e-ace8-5aa3a874c51a","1f4a554a-69cd-4487-be69-d482c37c5294","y)_*-CQO5c","The cross-over sign on an AP pelvis x-ray is indicative of what condition ? {{c1::Pincer type femoroacetabular impingem…","Marty McFlyin's Ortho Deck::2) Pocket Pimped::01 The Basics::01.01 X-rays::Lower Extremity","SnapOrtho::Anatomy::Pelvis | SnapOrtho::Anatomy::Pelvis::Osteology | SnapOrtho::Anatomy::Pelvis::Osteology::Pelvis","","",""
"pelvis_repeated_as_child_of_pelvis:604:044bf248-008c-48ca-8c62-df68d4e6e327","pelvis_repeated_as_child_of_pelvis","044bf248-008c-48ca-8c62-df68d4e6e327","637eec56-e333-4798-af66-e42755101958","v#oyPP3Q0>","Which surgical approach to the pelvis is shown below? {{c1::Kocher-Langenbeck}}","Marty McFlyin's Ortho Deck::1) Netter's Concise Orthopaedic Anatomy::07 Pelvis::07.13 Surgical Approaches","SnapOrtho::Anatomy::Pelvis | SnapOrtho::Anatomy::Pelvis::Osteology | SnapOrtho::Anatomy::Pelvis::Osteology::Pelvis","","",""
"pelvis_repeated_as_child_of_pelvis:605:98e88e06-8a29-459e-8055-3fd231a7d008","pelvis_repeated_as_child_of_pelvis","98e88e06-8a29-459e-8055-3fd231a7d008","c3d8e7ea-bc0c-461b-8768-592f36e48a7f","x;p2qj!%:","The outlet view of the pelvis evaluated for displacement in which 2 planes ? {{c1:: Superior-Inferior Flexion-Extension…","Marty McFlyin's Ortho Deck::2) Pocket Pimped::01 The Basics::01.01 X-rays::Pelvis","SnapOrtho::Anatomy::Pelvis | SnapOrtho::Anatomy::Pelvis::Osteology | SnapOrtho::Anatomy::Pelvis::Osteology::Pelvis","","",""
"pelvis_repeated_as_child_of_pelvis:606:a6f30664-c2e9-491b-b860-14a904d21c86","pelvis_repeated_as_child_of_pelvis","a6f30664-c2e9-491b-b860-14a904d21c86","a397bd23-2306-4eca-9624-ad5044d6568b","m8F:$^VT6`","What 3 radiographic views should be obtained to evaluate the pelvic ring ? {{c1::AP pelvis, Inlet, Outlet}}","Marty McFlyin's Ortho Deck::2) Pocket Pimped::01 The Basics::01.01 X-rays::Pelvis","SnapOrtho::Anatomy::Pelvis | SnapOrtho::Anatomy::Pelvis::Osteology | SnapOrtho::Anatomy::Pelvis::Osteology::Pelvis","","",""
"pelvis_repeated_as_child_of_pelvis:607:6f5691d5-a581-4a19-aa2d-007c0ec0e807","pelvis_repeated_as_child_of_pelvis","6f5691d5-a581-4a19-aa2d-007c0ec0e807","98822a23-3edd-4635-8bc7-3a3740f370de","mxTJ}==cl#","{{c1::Alternating single-leg-stance}} radiographs are used for the diagnosis of chronic or subtle pelvic instability .","Marty McFlyin's Ortho Deck::3) OrthoBullets::Trauma::Pelvis Trauma::Pelvis::Pelvic Ring Fractures","SnapOrtho::Anatomy::Pelvis | SnapOrtho::Anatomy::Pelvis::Osteology | SnapOrtho::Anatomy::Pelvis::Osteology::Pelvis","","",""
"pelvis_repeated_as_child_of_pelvis:608:7249f7db-ee55-46b8-92d9-f7f1f3f1c8ca","pelvis_repeated_as_child_of_pelvis","7249f7db-ee55-46b8-92d9-f7f1f3f1c8ca","9f8b6871-78ff-4032-8f60-fcf9e2af57f8","lm~-E]][Na","The {{c1::Tanner-Whitehouse III RUS}} method of skeletal maturity determination is the most accurate method, but is tim…","Marty McFlyin's Ortho Deck::3) OrthoBullets::Spine::Pediatric Spine::Pediatric Deformity::Adolescent Idiopathic Scoliosis","SnapOrtho::Anatomy::Pelvis | SnapOrtho::Anatomy::Pelvis::Osteology | SnapOrtho::Anatomy::Pelvis::Osteology::Pelvis","","",""
"pelvis_repeated_as_child_of_pelvis:609:7868beec-2f16-4e11-acdc-5b876570dd30","pelvis_repeated_as_child_of_pelvis","7868beec-2f16-4e11-acdc-5b876570dd30","53d10bac-86fd-45bc-8bbb-ff6f20b6d401","LKzqmhr5o5","Young & Burgess Classification of Pelvic Fractures Anterior Pelvis Compression I. {{c1::<2.5 cm pubic diastasis + pubic…","Marty McFlyin's Ortho Deck::1) Netter's Concise Orthopaedic Anatomy::07 Pelvis::07.04 Trauma","SnapOrtho::Anatomy::Pelvis | SnapOrtho::Anatomy::Pelvis::Osteology | SnapOrtho::Anatomy::Pelvis::Osteology::Pelvis","","",""
"pelvis_repeated_as_child_of_pelvis:610:9bd2839e-fbb8-4872-acf3-6eef1631a0c5","pelvis_repeated_as_child_of_pelvis","9bd2839e-fbb8-4872-acf3-6eef1631a0c5","3c05c15b-bdb0-42b4-ae09-b1fc2828d8c0","g6w#,d{YLN","What 3 elements make a perfect AP pelvis radiograph ? 1) {{c1::Symmetric obturator foramen}} 2) {{c1::Midline spinous p…","Marty McFlyin's Ortho Deck::2) Pocket Pimped::01 The Basics::01.01 X-rays::Pelvis","SnapOrtho::Anatomy::Pelvis | SnapOrtho::Anatomy::Pelvis::Osteology | SnapOrtho::Anatomy::Pelvis::Osteology::Pelvis","","",""
"pelvis_repeated_as_child_of_pelvis:611:44231f09-db90-4724-a39f-6ceeeee867ba","pelvis_repeated_as_child_of_pelvis","44231f09-db90-4724-a39f-6ceeeee867ba","81435fc6-d918-4451-b788-db6b231e380d","LKzqmhr5o5","Young & Burgess Classification of Pelvic Fractures Anterior Pelvis Compression I. {{c1::<2.5 cm pubic diastasis + pubic…","Marty McFlyin's Ortho Deck::1) Netter's Concise Orthopaedic Anatomy::07 Pelvis::07.04 Trauma","SnapOrtho::Anatomy::Pelvis | SnapOrtho::Anatomy::Pelvis::Osteology | SnapOrtho::Anatomy::Pelvis::Osteology::Pelvis","","",""
"pelvis_repeated_as_child_of_pelvis:612:32aade1c-e293-42e4-805e-d95e64264ded","pelvis_repeated_as_child_of_pelvis","32aade1c-e293-42e4-805e-d95e64264ded","47002d1a-e387-4e29-a372-b4e18855722d","ycDahr2#M6","Which ligament is the strongest in the pelvis and key to vertical stability? {{c1::Posterior sacroiliac}}","Marty McFlyin's Ortho Deck::1) Netter's Concise Orthopaedic Anatomy::07 Pelvis::07.05 Joints","SnapOrtho::Anatomy::Pelvis | SnapOrtho::Anatomy::Pelvis::Osteology | SnapOrtho::Anatomy::Pelvis::Osteology::Pelvis","","",""
